      0.5000000    -20.0000000      0.0000000      0.0000000      0.9999999
      0.5000000    -19.9023438      0.0001033      0.0000000      0.9999999
      0.5000000    -19.8046875      0.0001648      0.0000000      0.9999999
      0.5000000    -19.7070312      0.0002586      0.0000000      0.9999999
      0.5000000    -19.6093750      0.0003866      0.0000000      0.9999999
      0.5000000    -19.5117188      0.0004727      0.0000000      0.9999999
      0.5000000    -19.4140625      0.0005800      0.0000000      0.9999999
      0.5000000    -19.3164062      0.0007540      0.0000000      0.9999999
      0.5000000    -19.2187500      0.0008873      0.0000000      0.9999999
      0.5000000    -19.1210938      0.0010352      0.0000000      0.9999999
      0.5000000    -19.0234375      0.0012786      0.0000000      0.9999999
      0.5000000    -18.9257812      0.0014803      0.0000000      0.9999999
      0.5000000    -18.8281250      0.0017047      0.0000000      0.9999999
      0.5000000    -18.7304688      0.0020361      0.0000000      0.9999999
      0.5000000    -18.6328125      0.0023280      0.0000000      0.9999999
      0.5000000    -18.5351562      0.0026602      0.0000000      0.9999999
      0.5000000    -18.4375000      0.0030858      0.0000000      0.9999999
      0.5000000    -18.3398438      0.0034811      0.0000000      0.9999999
      0.5000000    -18.2421875      0.0039217      0.0000000      0.9999999
      0.5000000    -18.1445312      0.0044242      0.0000000      0.9999999
      0.5000000    -18.0468750      0.0049027      0.0000000      0.9999999
      0.5000000    -17.9492188      0.0054178      0.0000000      0.9999999
      0.5000000    -17.8515625      0.0059695      0.0000000      0.9999999
      0.5000000    -17.7539062      0.0065237      0.0000000      0.9999999
      0.5000000    -17.6562500      0.0071315      0.0000000      0.9999999
      0.5000000    -17.5585938      0.0078049      0.0000000      0.9999999
      0.5000000    -17.4609375      0.0085495      0.0000000      0.9999999
      0.5000000    -17.3632812      0.0093896      0.0000000      0.9999999
      0.5000000    -17.2656250      0.0103421      0.0000000      0.9999999
      0.5000000    -17.1679688      0.0113877      0.0000000      0.9999999
      0.5000000    -17.0703125      0.0125344      0.0000000      0.9999999
      0.5000000    -16.9726562      0.0137737      0.0000000      0.9999999
      0.5000000    -16.8750000      0.0150930      0.0000000      0.9999999
      0.5000000    -16.7773438      0.0165115      0.0000000      0.9999999
      0.5000000    -16.6796875      0.0180137      0.0000000      0.9999999
      0.5000000    -16.5820312      0.0196427      0.0000000      0.9999999
      0.5000000    -16.4843750      0.0213772      0.0000000      0.9999999
      0.5000000    -16.3867188      0.0232563      0.0000000      0.9999999
      0.5000000    -16.2890625      0.0252750      0.0000000      0.9999999
      0.5000000    -16.1914062      0.0274284      0.0000000      0.9999999
      0.5000000    -16.0937500      0.0297579      0.0000000      0.9999999
      0.5000000    -15.9960938      0.0322070      0.0000000      0.9999999
      0.5000000    -15.8984375      0.0348587      0.0000000      0.9999999
      0.5000000    -15.8007812      0.0376418      0.0000000      0.9999999
      0.5000000    -15.7031250      0.0406234      0.0000000      0.9999999
      0.5000000    -15.6054688      0.0437887      0.0000000      0.9999999
      0.5000000    -15.5078125      0.0471151      0.0000000      0.9999999
      0.5000000    -15.4101562      0.0506925      0.0000000      0.9999999
      0.5000000    -15.3125000      0.0544002      0.0000000      0.9999999
      0.5000000    -15.2148438      0.0583880      0.0000000      0.9999999
      0.5000000    -15.1171875      0.0625339      0.0000000      0.9999999
      0.5000000    -15.0195312      0.0669171      0.0000000      0.9999999
      0.5000000    -14.9218750      0.0715480      0.0000000      0.9999999
      0.5000000    -14.8242188      0.0763345      0.0000000      0.9999999
      0.5000000    -14.7265625      0.0814511      0.0000000      0.9999999
      0.5000000    -14.6289062      0.0866957      0.0000000      0.9999999
      0.5000000    -14.5312500      0.0922551      0.0000000      0.9999999
      0.5000000    -14.4335938      0.0980187      0.0000000      0.9999999
      0.5000000    -14.3359375      0.1039910      0.0000000      0.9999999
      0.5000000    -14.2382812      0.1102800      0.0000000      0.9999999
      0.5000000    -14.1406250      0.1166900      0.0000000      0.9999999
      0.5000000    -14.0429688      0.1234488      0.0000000      0.9999999
      0.5000000    -13.9453125      0.1303545      0.0000000      0.9999999
      0.5000000    -13.8476562      0.1375128      0.0000000      0.9999999
      0.5000000    -13.7500000      0.1449327      0.0000000      0.9999999
      0.5000000    -13.6523438      0.1524731      0.0000000      0.9999999
      0.5000000    -13.5546875      0.1603372      0.0000000      0.9999999
      0.5000000    -13.4570312      0.1683004      0.0000000      0.9999999
      0.5000000    -13.3593750      0.1765048      0.0000000      0.9999999
      0.5000000    -13.2617188      0.1849015      0.0000000      0.9999999
      0.5000000    -13.1640625      0.1933978      0.0000000      0.9999999
      0.5000000    -13.0664062      0.2021428      0.0000000      0.9999999
      0.5000000    -12.9687500      0.2109409      0.0000000      0.9999999
      0.5000000    -12.8710938      0.2199098      0.0000000      0.9999999
      0.5000000    -12.7734375      0.2289940      0.0000000      0.9999999
      0.5000000    -12.6757812      0.2381181      0.0000000      0.9999999
      0.5000000    -12.5781250      0.2473865      0.0000000      0.9999999
      0.5000000    -12.4804688      0.2566463      0.0000000      0.9999999
      0.5000000    -12.3828125      0.2659641      0.0000000      0.9999999
      0.5000000    -12.2851562      0.2753071      0.0000000      0.9999999
      0.5000000    -12.1875000      0.2845938      0.0000000      0.9999999
      0.5000000    -12.0898438      0.2938989      0.0000000      0.9999999
      0.5000000    -11.9921875      0.3031111      0.0000000      0.9999999
      0.5000000    -11.8945312      0.3122459      0.0000000      0.9999999
      0.5000000    -11.7968750      0.3212988      0.0000000      0.9999999
      0.5000000    -11.6992188      0.3301807      0.0000000      0.9999999
      0.5000000    -11.6015625      0.3389405      0.0000000      0.9999999
      0.5000000    -11.5039062      0.3475062      0.0000000      0.9999999
      0.5000000    -11.4062500      0.3558542      0.0000000      0.9999999
      0.5000000    -11.3085938      0.3639990      0.0000000      0.9999999
      0.5000000    -11.2109375      0.3718592      0.0000000      0.9999999
      0.5000000    -11.1132812      0.3794544      0.0000000      0.9999999
      0.5000000    -11.0156250      0.3867485      0.0000000      0.9999999
      0.5000000    -10.9179688      0.3936963      0.0000000      0.9999999
      0.5000000    -10.8203125      0.4003150      0.0000000      0.9999999
      0.5000000    -10.7226562      0.4065469      0.0000000      0.9999999
      0.5000000    -10.6250000      0.4123852      0.0000000      0.9999999
      0.5000000    -10.5273438      0.4178212      0.0000000      0.9999999
      0.5000000    -10.4296875      0.4228102      0.0000000      0.9999999
      0.5000000    -10.3320312      0.4273610      0.0000000      0.9999999
      0.5000000    -10.2343750      0.4314468      0.0000000      0.9999999
      0.5000000    -10.1367188      0.4350485      0.0000000      0.9999999
      0.5000000    -10.0390625      0.4381711      0.0000000      0.9999999
      0.5000000     -9.9414062      0.4407876      0.0000000      0.9999999
      0.5000000     -9.8437500      0.4428964      0.0000000      0.9999999
      0.5000000     -9.7460938      0.4444935      0.0000000      0.9999999
      0.5000000     -9.6484375      0.4455614      0.0000000      0.9999999
      0.5000000     -9.5507812      0.4461058      0.0000000      0.9999999
      0.5000000     -9.4531250      0.4461182      0.0000000      0.9999999
      0.5000000     -9.3554688      0.4455963      0.0000000      0.9999999
      0.5000000     -9.2578125      0.4445471      0.0000000      0.9999999
      0.5000000     -9.1601562      0.4429689      0.0000000      0.9999999
      0.5000000     -9.0625000      0.4408723      0.0000000      0.9999999
      0.5000000     -8.9648438      0.4382651      0.0000000      0.9999999
      0.5000000     -8.8671875      0.4351590      0.0000000      0.9999999
      0.5000000     -8.7695312      0.4315663      0.0000000      0.9999999
      0.5000000     -8.6718750      0.4274989      0.0000000      0.9999999
      0.5000000     -8.5742188      0.4229721      0.0000000      0.9999999
      0.5000000     -8.4765625      0.4179932      0.0000000      0.9999999
      0.5000000     -8.3789062      0.4125828      0.0000000      0.9999999
      0.5000000     -8.2812500      0.4067536      0.0000000      0.9999999
      0.5000000     -8.1835938      0.4005272      0.0000000      0.9999999
      0.5000000     -8.0859375      0.3939320      0.0000000      0.9999999
      0.5000000     -7.9882812      0.3869871      0.0000000      0.9999999
      0.5000000     -7.8906250      0.3797189      0.0000000      0.9999999
      0.5000000     -7.7929688      0.3721452      0.0000000      0.9999999
      0.5000000     -7.6953125      0.3642892      0.0000000      0.9999999
      0.5000000     -7.5976562      0.3561627      0.0000000      0.9999999
      0.5000000     -7.5000000      0.3478066      0.0000000      0.9999999
      0.5000000     -7.4023438      0.3392489      0.0000000      0.9999999
      0.5000000     -7.3046875      0.3305005      0.0000000      0.9999999
      0.5000000     -7.2070312      0.3216302      0.0000000      0.9999999
      0.5000000     -7.1093750      0.3126133      0.0000000      0.9999999
      0.5000000     -7.0117188      0.3034789      0.0000000      0.9999999
      0.5000000     -6.9140625      0.2942828      0.0000000      0.9999999
      0.5000000     -6.8164062      0.2849875      0.0000000      0.9999999
      0.5000000     -6.7187500      0.2756671      0.0000000      0.9999999
      0.5000000     -6.6210938      0.2663533      0.0000000      0.9999999
      0.5000000     -6.5234375      0.2570248      0.0000000      0.9999999
      0.5000000     -6.4257812      0.2477350      0.0000000      0.9999999
      0.5000000     -6.3281250      0.2385201      0.0000000      0.9999999
      0.5000000     -6.2304688      0.2293592      0.0000000      0.9999999
      0.5000000     -6.1328125      0.2203024      0.0000000      0.9999999
      0.5000000     -6.0351562      0.2113902      0.0000000      0.9999999
      0.5000000     -5.9375000      0.2025577      0.0000000      0.9999999
      0.5000000     -5.8398438      0.1938392      0.0000000      0.9999999
      0.5000000     -5.7421875      0.1853027      0.0000000      0.9999999
      0.5000000     -5.6445312      0.1768714      0.0000000      0.9999999
      0.5000000     -5.5468750      0.1686646      0.0000000      0.9999999
      0.5000000     -5.4492188      0.1607122      0.0000000      0.9999999
      0.5000000     -5.3515625      0.1528782      0.0000000      0.9999999
      0.5000000     -5.2539062      0.1453164      0.0000000      0.9999999
      0.5000000     -5.1562500      0.1379190      0.0000000      0.9999999
      0.5000000     -5.0585938      0.1307194      0.0000000      0.9999999
      0.5000000     -4.9609375      0.1237972      0.0000000      0.9999999
      0.5000000     -4.8632812      0.1170801      0.0000000      0.9999999
      0.5000000     -4.7656250      0.1106046      0.0000000      0.9999999
      0.5000000     -4.6679688      0.1043568      0.0000000      0.9999999
      0.5000000     -4.5703125      0.0983511      0.0000000      0.9999999
      0.5000000     -4.4726562      0.0925771      0.0000000      0.9999999
      0.5000000     -4.3750000      0.0870404      0.0000000      0.9999999
      0.5000000     -4.2773438      0.0817373      0.0000000      0.9999999
      0.5000000     -4.1796875      0.0766654      0.0000000      0.9999999
      0.5000000     -4.0820312      0.0718266      0.0000000      0.9999999
      0.5000000     -3.9843750      0.0672119      0.0000000      0.9999999
      0.5000000     -3.8867188      0.0628227      0.0000000      0.9999999
      0.5000000     -3.7890625      0.0586447      0.0000000      0.9999999
      0.5000000     -3.6914062      0.0546783      0.0000000      0.9999999
      0.5000000     -3.5937500      0.0509139      0.0000000      0.9999999
      0.5000000     -3.4960938      0.0473572      0.0000000      0.9999999
      0.5000000     -3.3984375      0.0440047      0.0000000      0.9999999
      0.5000000     -3.3007812      0.0408539      0.0000000      0.9999999
      0.5000000     -3.2031250      0.0378879      0.0000000      0.9999999
      0.5000000     -3.1054688      0.0350858      0.0000000      0.9999999
      0.5000000     -3.0078125      0.0324287      0.0000000      0.9999999
      0.5000000     -2.9101562      0.0299120      0.0000000      0.9999999
      0.5000000     -2.8125000      0.0275503      0.0000000      0.9999999
      0.5000000     -2.7148438      0.0253641      0.0000000      0.9999999
      0.5000000     -2.6171875      0.0233674      0.0000000      0.9999999
      0.5000000     -2.5195312      0.0215481      0.0000000      0.9999999
      0.5000000     -2.4218750      0.0198696      0.0000000      0.9999999
      0.5000000     -2.3242188      0.0182837      0.0000000      0.9999999
      0.5000000     -2.2265625      0.0167544      0.0000000      0.9999999
      0.5000000     -2.1289062      0.0152696      0.0000000      0.9999999
      0.5000000     -2.0312500      0.0138475      0.0000000      0.9999999
      0.5000000     -1.9335938      0.0125176      0.0000000      0.9999999
      0.5000000     -1.8359375      0.0113167      0.0000000      0.9999999
      0.5000000     -1.7382812      0.0102648      0.0000000      0.9999999
      0.5000000     -1.6406250      0.0093558      0.0000000      0.9999999
      0.5000000     -1.5429688      0.0085807      0.0000000      0.9999999
      0.5000000     -1.4453125      0.0079067      0.0000000      0.9999999
      0.5000000     -1.3476562      0.0073027      0.0000000      0.9999999
      0.5000000     -1.2500000      0.0067508      0.0000000      0.9999999
      0.5000000     -1.1523438      0.0062231      0.0000000      0.9999999
      0.5000000     -1.0546875      0.0057137      0.0000000      0.9999999
      0.5000000     -0.9570312      0.0052114      0.0000000      0.9999999
      0.5000000     -0.8593750      0.0047083      0.0000000      0.9999999
      0.5000000     -0.7617188      0.0042123      0.0000000      0.9999999
      0.5000000     -0.6640625      0.0037120      0.0000000      0.9999999
      0.5000000     -0.5664062      0.0032101      0.0000000      0.9999999
      0.5000000     -0.4687500      0.0027142      0.0000000      0.9999999
      0.5000000     -0.3710938      0.0022137      0.0000000      0.9999999
      0.5000000     -0.2734375      0.0017120      0.0000000      0.9999999
      0.5000000     -0.1757812      0.0012151      0.0000000      0.9999999
      0.5000000     -0.0781250      0.0007158      0.0000000      0.9999999
      0.5000000      0.0195312      0.0002380      0.5000000      0.9999999
      0.5000000      0.1171875      0.0000596      0.5000000      0.9999999
      0.5000000      0.2148438      0.0000180      0.5000000      0.9999999
      0.5000000      0.3125000      0.0000141      0.5000000      0.9999999
      0.5000000      0.4101562      0.0000147      0.5000000      0.9999999
      0.5000000      0.5078125      0.0000169      0.5000000      0.9999999
      0.5000000      0.6054688      0.0000206      0.5000000      0.9999999
      0.5000000      0.7031250      0.0000228      0.5000000      0.9999999
      0.5000000      0.8007812      0.0000231      0.5000000      0.9999999
      0.5000000      0.8984375      0.0000259      0.5000000      0.9999999
      0.5000000      0.9960938      0.0000293      0.5000000      0.9999999
      0.5000000      1.0937500      0.0000284      0.5000000      0.9999999
      0.5000000      1.1914062      0.0000281      0.5000000      0.9999999
      0.5000000      1.2890625      0.0000320      0.5000000      0.9999999
      0.5000000      1.3867188      0.0000332      0.5000000      0.9999999
      0.5000000      1.4843750      0.0000296      0.5000000      0.9999999
      0.5000000      1.5820312      0.0000303      0.5000000      0.9999999
      0.5000000      1.6796875      0.0000340      0.5000000      0.9999999
      0.5000000      1.7773438      0.0000322      0.5000000      0.9999999
      0.5000000      1.8750000      0.0000283      0.5000000      0.9999999
      0.5000000      1.9726562      0.0000295      0.5000000      0.9999999
      0.5000000      2.0703125      0.0000312      0.5000000      0.9999999
      0.5000000      2.1679688      0.0000285      0.5000000      0.9999999
      0.5000000      2.2656250      0.0000257      0.5000000      0.9999999
      0.5000000      2.3632812      0.0000253      0.5000000      0.9999999
      0.5000000      2.4609375      0.0000254      0.5000000      0.9999999
      0.5000000      2.5585938      0.0000243      0.5000000      0.9999999
      0.5000000      2.6562500      0.0000213      0.5000000      0.9999999
      0.5000000      2.7539062      0.0000189      0.5000000      0.9999999
      0.5000000      2.8515625      0.0000194      0.5000000      0.9999999
      0.5000000      2.9492188      0.0000191      0.5000000      0.9999999
      0.5000000      3.0468750      0.0000158      0.5000000      0.9999999
      0.5000000      3.1445312      0.0000133      0.5000000      0.9999999
      0.5000000      3.2421875      0.0000134      0.5000000      0.9999999
      0.5000000      3.3398438      0.0000129      0.5000000      0.9999999
      0.5000000      3.4375000      0.0000109      0.5000000      0.9999999
      0.5000000      3.5351562      0.0000087      0.5000000      0.9999999
      0.5000000      3.6328125      0.0000075      0.5000000      0.9999999
      0.5000000      3.7304688      0.0000072      0.5000000      0.9999999
      0.5000000      3.8281250      0.0000066      0.5000000      0.9999999
      0.5000000      3.9257812      0.0000050      0.5000000      0.9999999
      0.5000000      4.0234375      0.0000036      0.5000000      0.9999999
      0.5000000      4.1210938      0.0000033      0.5000000      0.9999999
      0.5000000      4.2187500      0.0000032      0.5000000      0.9999999
      0.5000000      4.3164062      0.0000032      0.5000000      0.9999999
      0.5000000      4.4140625      0.0000031      0.5000000      0.9999999
      0.5000000      4.5117188      0.0000028      0.5000000      0.9999999
      0.5000000      4.6093750      0.0000029      0.5000000      0.9999999
      0.5000000      4.7070312      0.0000034      0.5000000      0.9999999
      0.5000000      4.8046875      0.0000037      0.5000000      0.9999999
      0.5000000      4.9023438      0.0000038      0.5000000      0.9999999
      0.5000000      5.0000000      0.0000037      0.5000000      0.9999999
      0.5000000      5.0976562      0.0000037      0.5000000      0.9999999
      0.5000000      5.1953125      0.0000039      0.5000000      0.9999999
      0.5000000      5.2929688      0.0000040      0.5000000      0.9999999
      0.5000000      5.3906250      0.0000038      0.5000000      0.9999999
      0.5000000      5.4882812      0.0000037      0.5000000      0.9999999
      0.5000000      5.5859375      0.0000036      0.5000000      0.9999999
      0.5000000      5.6835938      0.0000035      0.5000000      0.9999999
      0.5000000      5.7812500      0.0000034      0.5000000      0.9999999
      0.5000000      5.8789062      0.0000033      0.5000000      0.9999999
      0.5000000      5.9765625      0.0000031      0.5000000      0.9999999
      0.5000000      6.0742188      0.0000029      0.5000000      0.9999999
      0.5000000      6.1718750      0.0000028      0.5000000      0.9999999
      0.5000000      6.2695312      0.0000027      0.5000000      0.9999999
      0.5000000      6.3671875      0.0000025      0.5000000      0.9999999
      0.5000000      6.4648438      0.0000023      0.5000000      0.9999999
      0.5000000      6.5625000      0.0000022      0.5000000      0.9999999
      0.5000000      6.6601562      0.0000021      0.5000000      0.9999999
      0.5000000      6.7578125      0.0000019      0.5000000      0.9999999
      0.5000000      6.8554688      0.0000018      0.5000000      0.9999999
      0.5000000      6.9531250      0.0000017      0.5000000      0.9999999
      0.5000000      7.0507812      0.0000016      0.5000000      0.9999999
      0.5000000      7.1484375      0.0000015      0.5000000      0.9999999
      0.5000000      7.2460938      0.0000014      0.5000000      0.9999999
      0.5000000      7.3437500      0.0000013      0.5000000      0.9999999
      0.5000000      7.4414062      0.0000012      0.5000000      0.9999999
      0.5000000      7.5390625      0.0000011      0.5000000      0.9999999
      0.5000000      7.6367188      0.0000011      0.5000000      0.9999999
      0.5000000      7.7343750      0.0000010      0.5000000      0.9999999
      0.5000000      7.8320312      0.0000009      0.5000000      0.9999999
      0.5000000      7.9296875      0.0000009      0.5000000      0.9999999
      0.5000000      8.0273438      0.0000008      0.5000000      0.9999999
      0.5000000      8.1250000      0.0000008      0.5000000      0.9999999
      0.5000000      8.2226562      0.0000007      0.5000000      0.9999999
      0.5000000      8.3203125      0.0000006      0.5000000      0.9999999
      0.5000000      8.4179688      0.0000006      0.5000000      0.9999999
      0.5000000      8.5156250      0.0000006      0.5000000      0.9999999
      0.5000000      8.6132812      0.0000005      0.5000000      0.9999999
      0.5000000      8.7109375      0.0000005      0.5000000      0.9999999
      0.5000000      8.8085938      0.0000004      0.5000000      0.9999999
      0.5000000      8.9062500      0.0000003      0.5000000      0.9999999
      0.5000000      9.0039062      0.0000003      0.5000000      0.9999999
      0.5000000      9.1015625      0.0000003      0.5000000      0.9999999
      0.5000000      9.1992188      0.0000002      0.5000000      0.9999999
      0.5000000      9.2968750      0.0000002      0.5000000      0.9999999
      0.5000000      9.3945312      0.0000003      0.5000000      0.9999999
      0.5000000      9.4921875      0.0000002      0.5000000      0.9999999
      0.5000000      9.5898438      0.0000001      0.5000000      0.9999999
      0.5000000      9.6875000      0.0000003      0.5000000      0.9999999
      0.5000000      9.7851562      0.0000002      0.5000000      0.9999999
      0.5000000      9.8828125      0.0000001      0.5000000      0.9999999
      0.5000000      9.9804688      0.0000002      0.5000000      0.9999999
      0.5000000     10.0781250      0.0000003      0.5000000      0.9999999
      0.5000000     10.1757812      0.0000002      0.5000000      0.9999999
      0.5000000     10.2734375      0.0000003      0.5000000      0.9999999
      0.5000000     10.3710938      0.0000003      0.5000000      0.9999999
      0.5000000     10.4687500      0.0000003      0.5000000      0.9999999
      0.5000000     10.5664062      0.0000003      0.5000000      0.9999999
      0.5000000     10.6640625      0.0000004      0.5000000      0.9999999
      0.5000000     10.7617188      0.0000004      0.5000000      0.9999999
      0.5000000     10.8593750      0.0000004      0.5000000      0.9999999
      0.5000000     10.9570312      0.0000004      0.5000000      0.9999999
      0.5000000     11.0546875      0.0000004      0.5000000      0.9999999
      0.5000000     11.1523438      0.0000003      0.5000000      0.9999999
      0.5000000     11.2500000      0.0000003      0.5000000      0.9999999
      0.5000000     11.3476562      0.0000002      0.5000000      0.9999999
      0.5000000     11.4453125      0.0000002      0.5000000      0.9999999
      0.5000000     11.5429688      0.0000002      0.5000000      0.9999999
      0.5000000     11.6406250      0.0000003      0.5000000      0.9999999
      0.5000000     11.7382812      0.0000004      0.5000000      0.9999999
      0.5000000     11.8359375      0.0000005      0.5000000      0.9999999
      0.5000000     11.9335938      0.0000006      0.5000000      0.9999999
      0.5000000     12.0312500      0.0000008      0.5000000      0.9999999
      0.5000000     12.1289062      0.0000009      0.5000000      0.9999999
      0.5000000     12.2265625      0.0000010      0.5000000      0.9999999
      0.5000000     12.3242188      0.0000010      0.5000000      0.9999999
      0.5000000     12.4218750      0.0000011      0.5000000      0.9999999
      0.5000000     12.5195312      0.0000012      0.5000000      0.9999999
      0.5000000     12.6171875      0.0000012      0.5000000      0.9999999
      0.5000000     12.7148438      0.0000012      0.5000000      0.9999999
      0.5000000     12.8125000      0.0000011      0.5000000      0.9999999
      0.5000000     12.9101562      0.0000013      0.5000000      0.9999999
      0.5000000     13.0078125      0.0000012      0.5000000      0.9999999
      0.5000000     13.1054688      0.0000009      0.5000000      0.9999999
      0.5000000     13.2031250      0.0000007      0.5000000      0.9999999
      0.5000000     13.3007812      0.0000012      0.5000000      0.9999999
      0.5000000     13.3984375      0.0000011      0.5000000      0.9999999
      0.5000000     13.4960938      0.0000008      0.5000000      0.9999999
      0.5000000     13.5937500      0.0000008      0.5000000      0.9999999
      0.5000000     13.6914062      0.0000011      0.5000000      0.9999999
      0.5000000     13.7890625      0.0000009      0.5000000      0.9999999
      0.5000000     13.8867188      0.0000010      0.5000000      0.9999999
      0.5000000     13.9843750      0.0000018      0.5000000      0.9999999
      0.5000000     14.0820312      0.0000013      0.5000000      0.9999999
      0.5000000     14.1796875      0.0000006      0.5000000      0.9999999
      0.5000000     14.2773438      0.0000009      0.5000000      0.9999999
      0.5000000     14.3750000      0.0000020      0.5000000      0.9999999
      0.5000000     14.4726562      0.0000015      0.5000000      0.9999999
      0.5000000     14.5703125      0.0000002      0.5000000      0.9999999
      0.5000000     14.6679688      0.0000006      0.5000000      0.9999999
      0.5000000     14.7656250      0.0000010      0.5000000      0.9999999
      0.5000000     14.8632812      0.0000009      0.5000000      0.9999999
      0.5000000     14.9609375      0.0000005      0.5000000      0.9999999
      0.5000000     15.0585938      0.0000001      0.5000000      0.9999999
      0.5000000     15.1562500      0.0000000      0.5000000      0.9999999
      0.5000000     15.2539062      0.0000000      0.5000000      0.9999999
      0.5000000     15.3515625      0.0000000      0.5000000      0.9999999
      0.5000000     15.4492188      0.0000000      0.5000000      0.9999999
      0.5000000     15.5468750      0.0000000      0.5000000      0.9999999
      0.5000000     15.6445312      0.0000000      0.5000000      0.9999999
      0.5000000     15.7421875      0.0000000      0.5000000      0.9999999
      0.5000000     15.8398438      0.0000000      0.5000000      0.9999999
      0.5000000     15.9375000      0.0000000      0.5000000      0.9999999
      0.5000000     16.0351562      0.0000000      0.5000000      0.9999999
      0.5000000     16.1328125      0.0000000      0.5000000      0.9999999
      0.5000000     16.2304688      0.0000000      0.5000000      0.9999999
      0.5000000     16.3281250      0.0000000      0.5000000      0.9999999
      0.5000000     16.4257812      0.0000000      0.5000000      0.9999999
      0.5000000     16.5234375      0.0000000      0.5000000      0.9999999
      0.5000000     16.6210938      0.0000000      0.5000000      0.9999999
      0.5000000     16.7187500      0.0000000      0.5000000      0.9999999
      0.5000000     16.8164062      0.0000000      0.5000000      0.9999999
      0.5000000     16.9140625      0.0000000      0.5000000      0.9999999
      0.5000000     17.0117188      0.0000000      0.5000000      0.9999999
      0.5000000     17.1093750      0.0000000      0.5000000      0.9999999
      0.5000000     17.2070312      0.0000000      0.5000000      0.9999999
      0.5000000     17.3046875      0.0000000      0.5000000      0.9999999
      0.5000000     17.4023438      0.0000000      0.5000000      0.9999999
      0.5000000     17.5000000      0.0000000      0.5000000      0.9999999
      0.5000000     17.5976562      0.0000000      0.5000000      0.9999999
      0.5000000     17.6953125      0.0000000      0.5000000      0.9999999
      0.5000000     17.7929688      0.0000000      0.5000000      0.9999999
      0.5000000     17.8906250      0.0000000      0.5000000      0.9999999
      0.5000000     17.9882812      0.0000000      0.5000000      0.9999999
      0.5000000     18.0859375      0.0000000      0.5000000      0.9999999
      0.5000000     18.1835938      0.0000000      0.5000000      0.9999999
      0.5000000     18.2812500      0.0000000      0.5000000      0.9999999
      0.5000000     18.3789062      0.0000000      0.5000000      0.9999999
      0.5000000     18.4765625      0.0000000      0.5000000      0.9999999
      0.5000000     18.5742188      0.0000000      0.5000000      0.9999999
      0.5000000     18.6718750      0.0000000      0.5000000      0.9999999
      0.5000000     18.7695312      0.0000000      0.5000000      0.9999999
      0.5000000     18.8671875      0.0000000      0.5000000      0.9999999
      0.5000000     18.9648438      0.0000000      0.5000000      0.9999999
      0.5000000     19.0625000      0.0000000      0.5000000      0.9999999
      0.5000000     19.1601562      0.0000000      0.5000000      0.9999999
      0.5000000     19.2578125      0.0000000      0.5000000      0.9999999
      0.5000000     19.3554688      0.0000000      0.5000000      0.9999999
      0.5000000     19.4531250      0.0000000      0.5000000      0.9999999
      0.5000000     19.5507812      0.0000000      0.5000000      0.9999999
      0.5000000     19.6484375      0.0000000      0.5000000      0.9999999
      0.5000000     19.7460938      0.0000000      0.5000000      0.9999999
      0.5000000     19.8437500      0.0000000      0.5000000      0.9999999
      0.5000000     19.9414062      0.0000000      0.5000000      0.9999999


      1.0000000    -20.0000000      0.0000000      0.0000000      0.9999999
      1.0000000    -19.9023438      0.0000573      0.0000000      0.9999999
      1.0000000    -19.8046875      0.0000998      0.0000000      0.9999999
      1.0000000    -19.7070312      0.0001650      0.0000000      0.9999999
      1.0000000    -19.6093750      0.0002215      0.0000000      0.9999999
      1.0000000    -19.5117188      0.0002724      0.0000000      0.9999999
      1.0000000    -19.4140625      0.0003559      0.0000000      0.9999999
      1.0000000    -19.3164062      0.0004153      0.0000000      0.9999999
      1.0000000    -19.2187500      0.0004921      0.0000000      0.9999999
      1.0000000    -19.1210938      0.0006002      0.0000000      0.9999999
      1.0000000    -19.0234375      0.0006714      0.0000000      0.9999999
      1.0000000    -18.9257812      0.0007964      0.0000000      0.9999999
      1.0000000    -18.8281250      0.0009303      0.0000000      0.9999999
      1.0000000    -18.7304688      0.0010324      0.0000000      0.9999999
      1.0000000    -18.6328125      0.0012288      0.0000000      0.9999999
      1.0000000    -18.5351562      0.0013826      0.0000000      0.9999999
      1.0000000    -18.4375000      0.0015611      0.0000000      0.9999999
      1.0000000    -18.3398438      0.0018291      0.0000000      0.9999999
      1.0000000    -18.2421875      0.0020212      0.0000000      0.9999999
      1.0000000    -18.1445312      0.0023263      0.0000000      0.9999999
      1.0000000    -18.0468750      0.0026460      0.0000000      0.9999999
      1.0000000    -17.9492188      0.0029448      0.0000000      0.9999999
      1.0000000    -17.8515625      0.0033780      0.0000000      0.9999999
      1.0000000    -17.7539062      0.0037710      0.0000000      0.9999999
      1.0000000    -17.6562500      0.0042356      0.0000000      0.9999999
      1.0000000    -17.5585938      0.0047796      0.0000000      0.9999999
      1.0000000    -17.4609375      0.0053099      0.0000000      0.9999999
      1.0000000    -17.3632812      0.0059485      0.0000000      0.9999999
      1.0000000    -17.2656250      0.0066213      0.0000000      0.9999999
      1.0000000    -17.1679688      0.0073354      0.0000000      0.9999999
      1.0000000    -17.0703125      0.0081426      0.0000000      0.9999999
      1.0000000    -16.9726562      0.0089828      0.0000000      0.9999999
      1.0000000    -16.8750000      0.0098949      0.0000000      0.9999999
      1.0000000    -16.7773438      0.0108831      0.0000000      0.9999999
      1.0000000    -16.6796875      0.0119213      0.0000000      0.9999999
      1.0000000    -16.5820312      0.0130462      0.0000000      0.9999999
      1.0000000    -16.4843750      0.0142451      0.0000000      0.9999999
      1.0000000    -16.3867188      0.0155219      0.0000000      0.9999999
      1.0000000    -16.2890625      0.0169038      0.0000000      0.9999999
      1.0000000    -16.1914062      0.0183796      0.0000000      0.9999999
      1.0000000    -16.0937500      0.0199794      0.0000000      0.9999999
      1.0000000    -15.9960938      0.0217095      0.0000000      0.9999999
      1.0000000    -15.8984375      0.0235813      0.0000000      0.9999999
      1.0000000    -15.8007812      0.0256148      0.0000000      0.9999999
      1.0000000    -15.7031250      0.0278052      0.0000000      0.9999999
      1.0000000    -15.6054688      0.0301697      0.0000000      0.9999999
      1.0000000    -15.5078125      0.0326955      0.0000000      0.9999999
      1.0000000    -15.4101562      0.0353896      0.0000000      0.9999999
      1.0000000    -15.3125000      0.0382444      0.0000000      0.9999999
      1.0000000    -15.2148438      0.0412581      0.0000000      0.9999999
      1.0000000    -15.1171875      0.0444411      0.0000000      0.9999999
      1.0000000    -15.0195312      0.0477893      0.0000000      0.9999999
      1.0000000    -14.9218750      0.0513287      0.0000000      0.9999999
      1.0000000    -14.8242188      0.0550584      0.0000000      0.9999999
      1.0000000    -14.7265625      0.0590025      0.0000000      0.9999999
      1.0000000    -14.6289062      0.0631650      0.0000000      0.9999999
      1.0000000    -14.5312500      0.0675517      0.0000000      0.9999999
      1.0000000    -14.4335938      0.0721719      0.0000000      0.9999999
      1.0000000    -14.3359375      0.0770135      0.0000000      0.9999999
      1.0000000    -14.2382812      0.0820899      0.0000000      0.9999999
      1.0000000    -14.1406250      0.0873862      0.0000000      0.9999999
      1.0000000    -14.0429688      0.0929143      0.0000000      0.9999999
      1.0000000    -13.9453125      0.0986693      0.0000000      0.9999999
      1.0000000    -13.8476562      0.1046551      0.0000000      0.9999999
      1.0000000    -13.7500000      0.1108760      0.0000000      0.9999999
      1.0000000    -13.6523438      0.1173252      0.0000000      0.9999999
      1.0000000    -13.5546875      0.1240115      0.0000000      0.9999999
      1.0000000    -13.4570312      0.1309189      0.0000000      0.9999999
      1.0000000    -13.3593750      0.1380554      0.0000000      0.9999999
      1.0000000    -13.2617188      0.1454053      0.0000000      0.9999999
      1.0000000    -13.1640625      0.1529672      0.0000000      0.9999999
      1.0000000    -13.0664062      0.1607345      0.0000000      0.9999999
      1.0000000    -12.9687500      0.1686938      0.0000000      0.9999999
      1.0000000    -12.8710938      0.1768431      0.0000000      0.9999999
      1.0000000    -12.7734375      0.1851646      0.0000000      0.9999999
      1.0000000    -12.6757812      0.1936525      0.0000000      0.9999999
      1.0000000    -12.5781250      0.2022885      0.0000000      0.9999999
      1.0000000    -12.4804688      0.2110637      0.0000000      0.9999999
      1.0000000    -12.3828125      0.2199585      0.0000000      0.9999999
      1.0000000    -12.2851562      0.2289603      0.0000000      0.9999999
      1.0000000    -12.1875000      0.2380505      0.0000000      0.9999999
      1.0000000    -12.0898438      0.2472090      0.0000000      0.9999999
      1.0000000    -11.9921875      0.2564205      0.0000000      0.9999999
      1.0000000    -11.8945312      0.2656586      0.0000000      0.9999999
      1.0000000    -11.7968750      0.2749098      0.0000000      0.9999999
      1.0000000    -11.6992188      0.2841461      0.0000000      0.9999999
      1.0000000    -11.6015625      0.2933501      0.0000000      0.9999999
      1.0000000    -11.5039062      0.3024964      0.0000000      0.9999999
      1.0000000    -11.4062500      0.3115595      0.0000000      0.9999999
      1.0000000    -11.3085938      0.3205189      0.0000000      0.9999999
      1.0000000    -11.2109375      0.3293457      0.0000000      0.9999999
      1.0000000    -11.1132812      0.3380198      0.0000000      0.9999999
      1.0000000    -11.0156250      0.3465147      0.0000000      0.9999999
      1.0000000    -10.9179688      0.3548062      0.0000000      0.9999999
      1.0000000    -10.8203125      0.3628694      0.0000000      0.9999999
      1.0000000    -10.7226562      0.3706800      0.0000000      0.9999999
      1.0000000    -10.6250000      0.3782128      0.0000000      0.9999999
      1.0000000    -10.5273438      0.3854464      0.0000000      0.9999999
      1.0000000    -10.4296875      0.3923571      0.0000000      0.9999999
      1.0000000    -10.3320312      0.3989218      0.0000000      0.9999999
      1.0000000    -10.2343750      0.4051221      0.0000000      0.9999999
      1.0000000    -10.1367188      0.4109332      0.0000000      0.9999999
      1.0000000    -10.0390625      0.4163404      0.0000000      0.9999999
      1.0000000     -9.9414062      0.4213226      0.0000000      0.9999999
      1.0000000     -9.8437500      0.4258633      0.0000000      0.9999999
      1.0000000     -9.7460938      0.4299500      0.0000000      0.9999999
      1.0000000     -9.6484375      0.4335625      0.0000000      0.9999999
      1.0000000     -9.5507812      0.4366968      0.0000000      0.9999999
      1.0000000     -9.4531250      0.4393340      0.0000000      0.9999999
      1.0000000     -9.3554688      0.4414697      0.0000000      0.9999999
      1.0000000     -9.2578125      0.4430973      0.0000000      0.9999999
      1.0000000     -9.1601562      0.4442041      0.0000000      0.9999999
      1.0000000     -9.0625000      0.4447978      0.0000000      0.9999999
      1.0000000     -8.9648438      0.4448623      0.0000000      0.9999999
      1.0000000     -8.8671875      0.4444111      0.0000000      0.9999999
      1.0000000     -8.7695312      0.4434365      0.0000000      0.9999999
      1.0000000     -8.6718750      0.4419431      0.0000000      0.9999999
      1.0000000     -8.5742188      0.4399472      0.0000000      0.9999999
      1.0000000     -8.4765625      0.4374323      0.0000000      0.9999999
      1.0000000     -8.3789062      0.4344378      0.0000000      0.9999999
      1.0000000     -8.2812500      0.4309452      0.0000000      0.9999999
      1.0000000     -8.1835938      0.4269823      0.0000000      0.9999999
      1.0000000     -8.0859375      0.4225689      0.0000000      0.9999999
      1.0000000     -7.9882812      0.4176907      0.0000000      0.9999999
      1.0000000     -7.8906250      0.4124108      0.0000000      0.9999999
      1.0000000     -7.7929688      0.4066969      0.0000000      0.9999999
      1.0000000     -7.6953125      0.4006051      0.0000000      0.9999999
      1.0000000     -7.5976562      0.3941456      0.0000000      0.9999999
      1.0000000     -7.5000000      0.3873148      0.0000000      0.9999999
      1.0000000     -7.4023438      0.3801899      0.0000000      0.9999999
      1.0000000     -7.3046875      0.3727216      0.0000000      0.9999999
      1.0000000     -7.2070312      0.3649996      0.0000000      0.9999999
      1.0000000     -7.1093750      0.3570105      0.0000000      0.9999999
      1.0000000     -7.0117188      0.3487709      0.0000000      0.9999999
      1.0000000     -6.9140625      0.3403611      0.0000000      0.9999999
      1.0000000     -6.8164062      0.3317162      0.0000000      0.9999999
      1.0000000     -6.7187500      0.3229560      0.0000000      0.9999999
      1.0000000     -6.6210938      0.3140348      0.0000000      0.9999999
      1.0000000     -6.5234375      0.3049930      0.0000000      0.9999999
      1.0000000     -6.4257812      0.2959033      0.0000000      0.9999999
      1.0000000     -6.3281250      0.2866911      0.0000000      0.9999999
      1.0000000     -6.2304688      0.2775018      0.0000000      0.9999999
      1.0000000     -6.1328125      0.2682578      0.0000000      0.9999999
      1.0000000     -6.0351562      0.2590199      0.0000000      0.9999999
      1.0000000     -5.9375000      0.2498408      0.0000000      0.9999999
      1.0000000     -5.8398438      0.2406338      0.0000000      0.9999999
      1.0000000     -5.7421875      0.2315579      0.0000000      0.9999999
      1.0000000     -5.6445312      0.2225150      0.0000000      0.9999999
      1.0000000     -5.5468750      0.2135910      0.0000000      0.9999999
      1.0000000     -5.4492188      0.2048341      0.0000000      0.9999999
      1.0000000     -5.3515625      0.1961512      0.0000000      0.9999999
      1.0000000     -5.2539062      0.1876936      0.0000000      0.9999999
      1.0000000     -5.1562500      0.1793269      0.0000000      0.9999999
      1.0000000     -5.0585938      0.1711201      0.0000000      0.9999999
      1.0000000     -4.9609375      0.1631110      0.0000000      0.9999999
      1.0000000     -4.8632812      0.1552145      0.0000000      0.9999999
      1.0000000     -4.7656250      0.1476100      0.0000000      0.9999999
      1.0000000     -4.6679688      0.1401933      0.0000000      0.9999999
      1.0000000     -4.5703125      0.1330354      0.0000000      0.9999999
      1.0000000     -4.4726562      0.1261640      0.0000000      0.9999999
      1.0000000     -4.3750000      0.1194468      0.0000000      0.9999999
      1.0000000     -4.2773438      0.1130024      0.0000000      0.9999999
      1.0000000     -4.1796875      0.1067029      0.0000000      0.9999999
      1.0000000     -4.0820312      0.1005876      0.0000000      0.9999999
      1.0000000     -3.9843750      0.0947226      0.0000000      0.9999999
      1.0000000     -3.8867188      0.0890206      0.0000000      0.9999999
      1.0000000     -3.7890625      0.0836320      0.0000000      0.9999999
      1.0000000     -3.6914062      0.0784887      0.0000000      0.9999999
      1.0000000     -3.5937500      0.0736013      0.0000000      0.9999999
      1.0000000     -3.4960938      0.0690254      0.0000000      0.9999999
      1.0000000     -3.3984375      0.0646328      0.0000000      0.9999999
      1.0000000     -3.3007812      0.0604980      0.0000000      0.9999999
      1.0000000     -3.2031250      0.0565511      0.0000000      0.9999999
      1.0000000     -3.1054688      0.0527500      0.0000000      0.9999999
      1.0000000     -3.0078125      0.0491613      0.0000000      0.9999999
      1.0000000     -2.9101562      0.0456848      0.0000000      0.9999999
      1.0000000     -2.8125000      0.0423877      0.0000000      0.9999999
      1.0000000     -2.7148438      0.0392642      0.0000000      0.9999999
      1.0000000     -2.6171875      0.0362733      0.0000000      0.9999999
      1.0000000     -2.5195312      0.0335017      0.0000000      0.9999999
      1.0000000     -2.4218750      0.0308794      0.0000000      0.9999999
      1.0000000     -2.3242188      0.0284460      0.0000000      0.9999999
      1.0000000     -2.2265625      0.0262147      0.0000000      0.9999999
      1.0000000     -2.1289062      0.0241282      0.0000000      0.9999999
      1.0000000     -2.0312500      0.0222454      0.0000000      0.9999999
      1.0000000     -1.9335938      0.0205080      0.0000000      0.9999999
      1.0000000     -1.8359375      0.0189182      0.0000000      0.9999999
      1.0000000     -1.7382812      0.0174827      0.0000000      0.9999999
      1.0000000     -1.6406250      0.0161489      0.0000000      0.9999999
      1.0000000     -1.5429688      0.0149371      0.0000000      0.9999999
      1.0000000     -1.4453125      0.0138147      0.0000000      0.9999999
      1.0000000     -1.3476562      0.0127631      0.0000000      0.9999999
      1.0000000     -1.2500000      0.0117852      0.0000000      0.9999999
      1.0000000     -1.1523438      0.0108490      0.0000000      0.9999999
      1.0000000     -1.0546875      0.0099509      0.0000000      0.9999999
      1.0000000     -0.9570312      0.0090833      0.0000000      0.9999999
      1.0000000     -0.8593750      0.0082242      0.0000000      0.9999999
      1.0000000     -0.7617188      0.0073787      0.0000000      0.9999999
      1.0000000     -0.6640625      0.0065333      0.0000000      0.9999999
      1.0000000     -0.5664062      0.0056813      0.0000000      0.9999999
      1.0000000     -0.4687500      0.0048279      0.0000000      0.9999999
      1.0000000     -0.3710938      0.0039603      0.0000000      0.9999999
      1.0000000     -0.2734375      0.0030843      0.0000000      0.9999999
      1.0000000     -0.1757812      0.0021991      0.0000000      0.9999999
      1.0000000     -0.0781250      0.0013013      0.0000000      0.9999999
      1.0000000      0.0195312      0.0004401      0.5000000      0.9999999
      1.0000000      0.1171875      0.0001149      0.5000000      0.9999999
      1.0000000      0.2148438      0.0000182      0.5000000      0.9999999
      1.0000000      0.3125000      0.0000051      0.5000000      0.9999999
      1.0000000      0.4101562      0.0000167      0.5000000      0.9999999
      1.0000000      0.5078125      0.0000153      0.5000000      0.9999999
      1.0000000      0.6054688      0.0000077      0.5000000      0.9999999
      1.0000000      0.7031250      0.0000232      0.5000000      0.9999999
      1.0000000      0.8007812      0.0000129      0.5000000      0.9999999
      1.0000000      0.8984375      0.0000166      0.5000000      0.9999999
      1.0000000      0.9960938      0.0000259      0.5000000      0.9999999
      1.0000000      1.0937500      0.0000116      0.5000000      0.9999999
      1.0000000      1.1914062      0.0000243      0.5000000      0.9999999
      1.0000000      1.2890625      0.0000275      0.5000000      0.9999999
      1.0000000      1.3867188      0.0000148      0.5000000      0.9999999
      1.0000000      1.4843750      0.0000282      0.5000000      0.9999999
      1.0000000      1.5820312      0.0000269      0.5000000      0.9999999
      1.0000000      1.6796875      0.0000208      0.5000000      0.9999999
      1.0000000      1.7773438      0.0000309      0.5000000      0.9999999
      1.0000000      1.8750000      0.0000250      0.5000000      0.9999999
      1.0000000      1.9726562      0.0000247      0.5000000      0.9999999
      1.0000000      2.0703125      0.0000335      0.5000000      0.9999999
      1.0000000      2.1679688      0.0000258      0.5000000      0.9999999
      1.0000000      2.2656250      0.0000252      0.5000000      0.9999999
      1.0000000      2.3632812      0.0000321      0.5000000      0.9999999
      1.0000000      2.4609375      0.0000277      0.5000000      0.9999999
      1.0000000      2.5585938      0.0000273      0.5000000      0.9999999
      1.0000000      2.6562500      0.0000288      0.5000000      0.9999999
      1.0000000      2.7539062      0.0000257      0.5000000      0.9999999
      1.0000000      2.8515625      0.0000293      0.5000000      0.9999999
      1.0000000      2.9492188      0.0000295      0.5000000      0.9999999
      1.0000000      3.0468750      0.0000237      0.5000000      0.9999999
      1.0000000      3.1445312      0.0000254      0.5000000      0.9999999
      1.0000000      3.2421875      0.0000284      0.5000000      0.9999999
      1.0000000      3.3398438      0.0000261      0.5000000      0.9999999
      1.0000000      3.4375000      0.0000232      0.5000000      0.9999999
      1.0000000      3.5351562      0.0000222      0.5000000      0.9999999
      1.0000000      3.6328125      0.0000242      0.5000000      0.9999999
      1.0000000      3.7304688      0.0000252      0.5000000      0.9999999
      1.0000000      3.8281250      0.0000208      0.5000000      0.9999999
      1.0000000      3.9257812      0.0000186      0.5000000      0.9999999
      1.0000000      4.0234375      0.0000215      0.5000000      0.9999999
      1.0000000      4.1210938      0.0000206      0.5000000      0.9999999
      1.0000000      4.2187500      0.0000189      0.5000000      0.9999999
      1.0000000      4.3164062      0.0000190      0.5000000      0.9999999
      1.0000000      4.4140625      0.0000147      0.5000000      0.9999999
      1.0000000      4.5117188      0.0000149      0.5000000      0.9999999
      1.0000000      4.6093750      0.0000213      0.5000000      0.9999999
      1.0000000      4.7070312      0.0000168      0.5000000      0.9999999
      1.0000000      4.8046875      0.0000047      0.5000000      0.9999999
      1.0000000      4.9023438      0.0000173      0.5000000      0.9999999
      1.0000000      5.0000000      0.0000196      0.5000000      0.9999999
      1.0000000      5.0976562      0.0000062      0.5000000      0.9999999
      1.0000000      5.1953125      0.0000135      0.5000000      0.9999999
      1.0000000      5.2929688      0.0000204      0.5000000      0.9999999
      1.0000000      5.3906250      0.0000090      0.5000000      0.9999999
      1.0000000      5.4882812      0.0000120      0.5000000      0.9999999
      1.0000000      5.5859375      0.0000251      0.5000000      0.9999999
      1.0000000      5.6835938      0.0000204      0.5000000      0.9999999
      1.0000000      5.7812500      0.0000079      0.5000000      0.9999999
      1.0000000      5.8789062      0.0000189      0.5000000      0.9999999
      1.0000000      5.9765625      0.0000228      0.5000000      0.9999999
      1.0000000      6.0742188      0.0000189      0.5000000      0.9999999
      1.0000000      6.1718750      0.0000157      0.5000000      0.9999999
      1.0000000      6.2695312      0.0000107      0.5000000      0.9999999
      1.0000000      6.3671875      0.0000148      0.5000000      0.9999999
      1.0000000      6.4648438      0.0000268      0.5000000      0.9999999
      1.0000000      6.5625000      0.0000195      0.5000000      0.9999999
      1.0000000      6.6601562      0.0000009      0.5000000      0.9999999
      1.0000000      6.7578125      0.0000192      0.5000000      0.9999999
      1.0000000      6.8554688      0.0000339      0.5000000      0.9999999
      1.0000000      6.9531250      0.0000154      0.5000000      0.9999999
      1.0000000      7.0507812      0.0000108      0.5000000      0.9999999
      1.0000000      7.1484375      0.0000142      0.5000000      0.9999999
      1.0000000      7.2460938      0.0000314      0.5000000      0.9999999
      1.0000000      7.3437500      0.0000042      0.5000000      0.9999999
      1.0000000      7.4414062      0.0000191      0.5000000      0.9999999
      1.0000000      7.5390625      0.0000075      0.5000000      0.9999999
      1.0000000      7.6367188      0.0000332      0.5000000      0.9999999
      1.0000000      7.7343750      0.0000076      0.5000000      0.9999999
      1.0000000      7.8320312      0.0000239      0.5000000      0.9999999
      1.0000000      7.9296875      0.0000211      0.5000000      0.9999999
      1.0000000      8.0273438      0.0000368      0.5000000      0.9999999
      1.0000000      8.1250000      0.0000161      0.5000000      0.9999999
      1.0000000      8.2226562      0.0000264      0.5000000      0.9999999
      1.0000000      8.3203125      0.0000366      0.5000000      0.9999999
      1.0000000      8.4179688      0.0000422      0.5000000      0.9999999
      1.0000000      8.5156250      0.0000192      0.5000000      0.9999999
      1.0000000      8.6132812      0.0000209      0.5000000      0.9999999
      1.0000000      8.7109375      0.0000412      0.5000000      0.9999999
      1.0000000      8.8085938      0.0000391      0.5000000      0.9999999
      1.0000000      8.9062500      0.0000190      0.5000000      0.9999999
      1.0000000      9.0039062      0.0000120      0.5000000      0.9999999
      1.0000000      9.1015625      0.0000279      0.5000000      0.9999999
      1.0000000      9.1992188      0.0000262      0.5000000      0.9999999
      1.0000000      9.2968750      0.0000138      0.5000000      0.9999999
      1.0000000      9.3945312      0.0000052      0.5000000      0.9999999
      1.0000000      9.4921875      0.0000093      0.5000000      0.9999999
      1.0000000      9.5898438      0.0000089      0.5000000      0.9999999
      1.0000000      9.6875000      0.0000058      0.5000000      0.9999999
      1.0000000      9.7851562      0.0000026      0.5000000      0.9999999
      1.0000000      9.8828125      0.0000011      0.5000000      0.9999999
      1.0000000      9.9804688      0.0000004      0.5000000      0.9999999
      1.0000000     10.0781250      0.0000001      0.5000000      0.9999999
      1.0000000     10.1757812      0.0000003      0.5000000      0.9999999
      1.0000000     10.2734375      0.0000003      0.5000000      0.9999999
      1.0000000     10.3710938      0.0000002      0.5000000      0.9999999
      1.0000000     10.4687500      0.0000001      0.5000000      0.9999999
      1.0000000     10.5664062      0.0000004      0.5000000      0.9999999
      1.0000000     10.6640625      0.0000005      0.5000000      0.9999999
      1.0000000     10.7617188      0.0000010      0.5000000      0.9999999
      1.0000000     10.8593750      0.0000013      0.5000000      0.9999999
      1.0000000     10.9570312      0.0000007      0.5000000      0.9999999
      1.0000000     11.0546875      0.0000005      0.5000000      0.9999999
      1.0000000     11.1523438      0.0000006      0.5000000      0.9999999
      1.0000000     11.2500000      0.0000007      0.5000000      0.9999999
      1.0000000     11.3476562      0.0000014      0.5000000      0.9999999
      1.0000000     11.4453125      0.0000009      0.5000000      0.9999999
      1.0000000     11.5429688      0.0000013      0.5000000      0.9999999
      1.0000000     11.6406250      0.0000024      0.5000000      0.9999999
      1.0000000     11.7382812      0.0000009      0.5000000      0.9999999
      1.0000000     11.8359375      0.0000015      0.5000000      0.9999999
      1.0000000     11.9335938      0.0000012      0.5000000      0.9999999
      1.0000000     12.0312500      0.0000007      0.5000000      0.9999999
      1.0000000     12.1289062      0.0000017      0.5000000      0.9999999
      1.0000000     12.2265625      0.0000011      0.5000000      0.9999999
      1.0000000     12.3242188      0.0000014      0.5000000      0.9999999
      1.0000000     12.4218750      0.0000023      0.5000000      0.9999999
      1.0000000     12.5195312      0.0000016      0.5000000      0.9999999
      1.0000000     12.6171875      0.0000022      0.5000000      0.9999999
      1.0000000     12.7148438      0.0000017      0.5000000      0.9999999
      1.0000000     12.8125000      0.0000015      0.5000000      0.9999999
      1.0000000     12.9101562      0.0000017      0.5000000      0.9999999
      1.0000000     13.0078125      0.0000017      0.5000000      0.9999999
      1.0000000     13.1054688      0.0000021      0.5000000      0.9999999
      1.0000000     13.2031250      0.0000019      0.5000000      0.9999999
      1.0000000     13.3007812      0.0000025      0.5000000      0.9999999
      1.0000000     13.3984375      0.0000021      0.5000000      0.9999999
      1.0000000     13.4960938      0.0000019      0.5000000      0.9999999
      1.0000000     13.5937500      0.0000024      0.5000000      0.9999999
      1.0000000     13.6914062      0.0000014      0.5000000      0.9999999
      1.0000000     13.7890625      0.0000025      0.5000000      0.9999999
      1.0000000     13.8867188      0.0000022      0.5000000      0.9999999
      1.0000000     13.9843750      0.0000018      0.5000000      0.9999999
      1.0000000     14.0820312      0.0000028      0.5000000      0.9999999
      1.0000000     14.1796875      0.0000016      0.5000000      0.9999999
      1.0000000     14.2773438      0.0000022      0.5000000      0.9999999
      1.0000000     14.3750000      0.0000024      0.5000000      0.9999999
      1.0000000     14.4726562      0.0000013      0.5000000      0.9999999
      1.0000000     14.5703125      0.0000026      0.5000000      0.9999999
      1.0000000     14.6679688      0.0000018      0.5000000      0.9999999
      1.0000000     14.7656250      0.0000017      0.5000000      0.9999999
      1.0000000     14.8632812      0.0000024      0.5000000      0.9999999
      1.0000000     14.9609375      0.0000012      0.5000000      0.9999999
      1.0000000     15.0585938      0.0000020      0.5000000      0.9999999
      1.0000000     15.1562500      0.0000019      0.5000000      0.9999999
      1.0000000     15.2539062      0.0000012      0.5000000      0.9999999
      1.0000000     15.3515625      0.0000019      0.5000000      0.9999999
      1.0000000     15.4492188      0.0000013      0.5000000      0.9999999
      1.0000000     15.5468750      0.0000014      0.5000000      0.9999999
      1.0000000     15.6445312      0.0000016      0.5000000      0.9999999
      1.0000000     15.7421875      0.0000011      0.5000000      0.9999999
      1.0000000     15.8398438      0.0000013      0.5000000      0.9999999
      1.0000000     15.9375000      0.0000012      0.5000000      0.9999999
      1.0000000     16.0351562      0.0000010      0.5000000      0.9999999
      1.0000000     16.1328125      0.0000011      0.5000000      0.9999999
      1.0000000     16.2304688      0.0000010      0.5000000      0.9999999
      1.0000000     16.3281250      0.0000009      0.5000000      0.9999999
      1.0000000     16.4257812      0.0000010      0.5000000      0.9999999
      1.0000000     16.5234375      0.0000008      0.5000000      0.9999999
      1.0000000     16.6210938      0.0000007      0.5000000      0.9999999
      1.0000000     16.7187500      0.0000009      0.5000000      0.9999999
      1.0000000     16.8164062      0.0000005      0.5000000      0.9999999
      1.0000000     16.9140625      0.0000008      0.5000000      0.9999999
      1.0000000     17.0117188      0.0000006      0.5000000      0.9999999
      1.0000000     17.1093750      0.0000005      0.5000000      0.9999999
      1.0000000     17.2070312      0.0000007      0.5000000      0.9999999
      1.0000000     17.3046875      0.0000002      0.5000000      0.9999999
      1.0000000     17.4023438      0.0000007      0.5000000      0.9999999
      1.0000000     17.5000000      0.0000003      0.5000000      0.9999999
      1.0000000     17.5976562      0.0000005      0.5000000      0.9999999
      1.0000000     17.6953125      0.0000005      0.5000000      0.9999999
      1.0000000     17.7929688      0.0000002      0.5000000      0.9999999
      1.0000000     17.8906250      0.0000005      0.5000000      0.9999999
      1.0000000     17.9882812      0.0000001      0.5000000      0.9999999
      1.0000000     18.0859375      0.0000005      0.5000000      0.9999999
      1.0000000     18.1835938      0.0000002      0.5000000      0.9999999
      1.0000000     18.2812500      0.0000003      0.5000000      0.9999999
      1.0000000     18.3789062      0.0000004      0.5000000      0.9999999
      1.0000000     18.4765625      0.0000003      0.5000000      0.9999999
      1.0000000     18.5742188      0.0000004      0.5000000      0.9999999
      1.0000000     18.6718750      0.0000001      0.5000000      0.9999999
      1.0000000     18.7695312      0.0000004      0.5000000      0.9999999
      1.0000000     18.8671875      0.0000003      0.5000000      0.9999999
      1.0000000     18.9648438      0.0000003      0.5000000      0.9999999
      1.0000000     19.0625000      0.0000002      0.5000000      0.9999999
      1.0000000     19.1601562      0.0000003      0.5000000      0.9999999
      1.0000000     19.2578125      0.0000004      0.5000000      0.9999999
      1.0000000     19.3554688      0.0000003      0.5000000      0.9999999
      1.0000000     19.4531250      0.0000002      0.5000000      0.9999999
      1.0000000     19.5507812      0.0000003      0.5000000      0.9999999
      1.0000000     19.6484375      0.0000004      0.5000000      0.9999999
      1.0000000     19.7460938      0.0000003      0.5000000      0.9999999
      1.0000000     19.8437500      0.0000001      0.5000000      0.9999999
      1.0000000     19.9414062      0.0000003      0.5000000      0.9999999


      1.5000000    -20.0000000      0.0000000      0.0000000      0.9999999
      1.5000000    -19.9023438      0.0000352      0.0000000      0.9999999
      1.5000000    -19.8046875      0.0000748      0.0000000      0.9999999
      1.5000000    -19.7070312      0.0001107      0.0000000      0.9999999
      1.5000000    -19.6093750      0.0001512      0.0000000      0.9999999
      1.5000000    -19.5117188      0.0001947      0.0000000      0.9999999
      1.5000000    -19.4140625      0.0002378      0.0000000      0.9999999
      1.5000000    -19.3164062      0.0002850      0.0000000      0.9999999
      1.5000000    -19.2187500      0.0003408      0.0000000      0.9999999
      1.5000000    -19.1210938      0.0003898      0.0000000      0.9999999
      1.5000000    -19.0234375      0.0004576      0.0000000      0.9999999
      1.5000000    -18.9257812      0.0005243      0.0000000      0.9999999
      1.5000000    -18.8281250      0.0005946      0.0000000      0.9999999
      1.5000000    -18.7304688      0.0006879      0.0000000      0.9999999
      1.5000000    -18.6328125      0.0007745      0.0000000      0.9999999
      1.5000000    -18.5351562      0.0008755      0.0000000      0.9999999
      1.5000000    -18.4375000      0.0010072      0.0000000      0.9999999
      1.5000000    -18.3398438      0.0011118      0.0000000      0.9999999
      1.5000000    -18.2421875      0.0012774      0.0000000      0.9999999
      1.5000000    -18.1445312      0.0014344      0.0000000      0.9999999
      1.5000000    -18.0468750      0.0015933      0.0000000      0.9999999
      1.5000000    -17.9492188      0.0018392      0.0000000      0.9999999
      1.5000000    -17.8515625      0.0020111      0.0000000      0.9999999
      1.5000000    -17.7539062      0.0023012      0.0000000      0.9999999
      1.5000000    -17.6562500      0.0025705      0.0000000      0.9999999
      1.5000000    -17.5585938      0.0028510      0.0000000      0.9999999
      1.5000000    -17.4609375      0.0032491      0.0000000      0.9999999
      1.5000000    -17.3632812      0.0035690      0.0000000      0.9999999
      1.5000000    -17.2656250      0.0040321      0.0000000      0.9999999
      1.5000000    -17.1679688      0.0044887      0.0000000      0.9999999
      1.5000000    -17.0703125      0.0049752      0.0000000      0.9999999
      1.5000000    -16.9726562      0.0055837      0.0000000      0.9999999
      1.5000000    -16.8750000      0.0061561      0.0000000      0.9999999
      1.5000000    -16.7773438      0.0068602      0.0000000      0.9999999
      1.5000000    -16.6796875      0.0075980      0.0000000      0.9999999
      1.5000000    -16.5820312      0.0083852      0.0000000      0.9999999
      1.5000000    -16.4843750      0.0092914      0.0000000      0.9999999
      1.5000000    -16.3867188      0.0102188      0.0000000      0.9999999
      1.5000000    -16.2890625      0.0112612      0.0000000      0.9999999
      1.5000000    -16.1914062      0.0123776      0.0000000      0.9999999
      1.5000000    -16.0937500      0.0135655      0.0000000      0.9999999
      1.5000000    -15.9960938      0.0148719      0.0000000      0.9999999
      1.5000000    -15.8984375      0.0162481      0.0000000      0.9999999
      1.5000000    -15.8007812      0.0177372      0.0000000      0.9999999
      1.5000000    -15.7031250      0.0193308      0.0000000      0.9999999
      1.5000000    -15.6054688      0.0210225      0.0000000      0.9999999
      1.5000000    -15.5078125      0.0228427      0.0000000      0.9999999
      1.5000000    -15.4101562      0.0247719      0.0000000      0.9999999
      1.5000000    -15.3125000      0.0268324      0.0000000      0.9999999
      1.5000000    -15.2148438      0.0290298      0.0000000      0.9999999
      1.5000000    -15.1171875      0.0313624      0.0000000      0.9999999
      1.5000000    -15.0195312      0.0338544      0.0000000      0.9999999
      1.5000000    -14.9218750      0.0365017      0.0000000      0.9999999
      1.5000000    -14.8242188      0.0393213      0.0000000      0.9999999
      1.5000000    -14.7265625      0.0423244      0.0000000      0.9999999
      1.5000000    -14.6289062      0.0455129      0.0000000      0.9999999
      1.5000000    -14.5312500      0.0489063      0.0000000      0.9999999
      1.5000000    -14.4335938      0.0525030      0.0000000      0.9999999
      1.5000000    -14.3359375      0.0563128      0.0000000      0.9999999
      1.5000000    -14.2382812      0.0603415      0.0000000      0.9999999
      1.5000000    -14.1406250      0.0645834      0.0000000      0.9999999
      1.5000000    -14.0429688      0.0690463      0.0000000      0.9999999
      1.5000000    -13.9453125      0.0737218      0.0000000      0.9999999
      1.5000000    -13.8476562      0.0786087      0.0000000      0.9999999
      1.5000000    -13.7500000      0.0837083      0.0000000      0.9999999
      1.5000000    -13.6523438      0.0890133      0.0000000      0.9999999
      1.5000000    -13.5546875      0.0945320      0.0000000      0.9999999
      1.5000000    -13.4570312      0.1002646      0.0000000      0.9999999
      1.5000000    -13.3593750      0.1062167      0.0000000      0.9999999
      1.5000000    -13.2617188      0.1123987      0.0000000      0.9999999
      1.5000000    -13.1640625      0.1188103      0.0000000      0.9999999
      1.5000000    -13.0664062      0.1254589      0.0000000      0.9999999
      1.5000000    -12.9687500      0.1323416      0.0000000      0.9999999
      1.5000000    -12.8710938      0.1394511      0.0000000      0.9999999
      1.5000000    -12.7734375      0.1467822      0.0000000      0.9999999
      1.5000000    -12.6757812      0.1543186      0.0000000      0.9999999
      1.5000000    -12.5781250      0.1620503      0.0000000      0.9999999
      1.5000000    -12.4804688      0.1699650      0.0000000      0.9999999
      1.5000000    -12.3828125      0.1780491      0.0000000      0.9999999
      1.5000000    -12.2851562      0.1862964      0.0000000      0.9999999
      1.5000000    -12.1875000      0.1946950      0.0000000      0.9999999
      1.5000000    -12.0898438      0.2032365      0.0000000      0.9999999
      1.5000000    -11.9921875      0.2119113      0.0000000      0.9999999
      1.5000000    -11.8945312      0.2207040      0.0000000      0.9999999
      1.5000000    -11.7968750      0.2296014      0.0000000      0.9999999
      1.5000000    -11.6992188      0.2385847      0.0000000      0.9999999
      1.5000000    -11.6015625      0.2476340      0.0000000      0.9999999
      1.5000000    -11.5039062      0.2567305      0.0000000      0.9999999
      1.5000000    -11.4062500      0.2658516      0.0000000      0.9999999
      1.5000000    -11.3085938      0.2749774      0.0000000      0.9999999
      1.5000000    -11.2109375      0.2840869      0.0000000      0.9999999
      1.5000000    -11.1132812      0.2931578      0.0000000      0.9999999
      1.5000000    -11.0156250      0.3021695      0.0000000      0.9999999
      1.5000000    -10.9179688      0.3110987      0.0000000      0.9999999
      1.5000000    -10.8203125      0.3199225      0.0000000      0.9999999
      1.5000000    -10.7226562      0.3286178      0.0000000      0.9999999
      1.5000000    -10.6250000      0.3371596      0.0000000      0.9999999
      1.5000000    -10.5273438      0.3455248      0.0000000      0.9999999
      1.5000000    -10.4296875      0.3536889      0.0000000      0.9999999
      1.5000000    -10.3320312      0.3616279      0.0000000      0.9999999
      1.5000000    -10.2343750      0.3693188      0.0000000      0.9999999
      1.5000000    -10.1367188      0.3767380      0.0000000      0.9999999
      1.5000000    -10.0390625      0.3838631      0.0000000      0.9999999
      1.5000000     -9.9414062      0.3906719      0.0000000      0.9999999
      1.5000000     -9.8437500      0.3971429      0.0000000      0.9999999
      1.5000000     -9.7460938      0.4032557      0.0000000      0.9999999
      1.5000000     -9.6484375      0.4089902      0.0000000      0.9999999
      1.5000000     -9.5507812      0.4143277      0.0000000      0.9999999
      1.5000000     -9.4531250      0.4192506      0.0000000      0.9999999
      1.5000000     -9.3554688      0.4237428      0.0000000      0.9999999
      1.5000000     -9.2578125      0.4277897      0.0000000      0.9999999
      1.5000000     -9.1601562      0.4313783      0.0000000      0.9999999
      1.5000000     -9.0625000      0.4344966      0.0000000      0.9999999
      1.5000000     -8.9648438      0.4371336      0.0000000      0.9999999
      1.5000000     -8.8671875      0.4392799      0.0000000      0.9999999
      1.5000000     -8.7695312      0.4409265      0.0000000      0.9999999
      1.5000000     -8.6718750      0.4420675      0.0000000      0.9999999
      1.5000000     -8.5742188      0.4426996      0.0000000      0.9999999
      1.5000000     -8.4765625      0.4428220      0.0000000      0.9999999
      1.5000000     -8.3789062      0.4424375      0.0000000      0.9999999
      1.5000000     -8.2812500      0.4415480      0.0000000      0.9999999
      1.5000000     -8.1835938      0.4401568      0.0000000      0.9999999
      1.5000000     -8.0859375      0.4382646      0.0000000      0.9999999
      1.5000000     -7.9882812      0.4358733      0.0000000      0.9999999
      1.5000000     -7.8906250      0.4329885      0.0000000      0.9999999
      1.5000000     -7.7929688      0.4296196      0.0000000      0.9999999
      1.5000000     -7.6953125      0.4257851      0.0000000      0.9999999
      1.5000000     -7.5976562      0.4215047      0.0000000      0.9999999
      1.5000000     -7.5000000      0.4168005      0.0000000      0.9999999
      1.5000000     -7.4023438      0.4116892      0.0000000      0.9999999
      1.5000000     -7.3046875      0.4061799      0.0000000      0.9999999
      1.5000000     -7.2070312      0.4002803      0.0000000      0.9999999
      1.5000000     -7.1093750      0.3939949      0.0000000      0.9999999
      1.5000000     -7.0117188      0.3873404      0.0000000      0.9999999
      1.5000000     -6.9140625      0.3803414      0.0000000      0.9999999
      1.5000000     -6.8164062      0.3730341      0.0000000      0.9999999
      1.5000000     -6.7187500      0.3654603      0.0000000      0.9999999
      1.5000000     -6.6210938      0.3576539      0.0000000      0.9999999
      1.5000000     -6.5234375      0.3496439      0.0000000      0.9999999
      1.5000000     -6.4257812      0.3414408      0.0000000      0.9999999
      1.5000000     -6.3281250      0.3330511      0.0000000      0.9999999
      1.5000000     -6.2304688      0.3244779      0.0000000      0.9999999
      1.5000000     -6.1328125      0.3157298      0.0000000      0.9999999
      1.5000000     -6.0351562      0.3068315      0.0000000      0.9999999
      1.5000000     -5.9375000      0.2978128      0.0000000      0.9999999
      1.5000000     -5.8398438      0.2887192      0.0000000      0.9999999
      1.5000000     -5.7421875      0.2795902      0.0000000      0.9999999
      1.5000000     -5.6445312      0.2704649      0.0000000      0.9999999
      1.5000000     -5.5468750      0.2613720      0.0000000      0.9999999
      1.5000000     -5.4492188      0.2523258      0.0000000      0.9999999
      1.5000000     -5.3515625      0.2433388      0.0000000      0.9999999
      1.5000000     -5.2539062      0.2344086      0.0000000      0.9999999
      1.5000000     -5.1562500      0.2255416      0.0000000      0.9999999
      1.5000000     -5.0585938      0.2167390      0.0000000      0.9999999
      1.5000000     -4.9609375      0.2080113      0.0000000      0.9999999
      1.5000000     -4.8632812      0.1993760      0.0000000      0.9999999
      1.5000000     -4.7656250      0.1908500      0.0000000      0.9999999
      1.5000000     -4.6679688      0.1824638      0.0000000      0.9999999
      1.5000000     -4.5703125      0.1742364      0.0000000      0.9999999
      1.5000000     -4.4726562      0.1661973      0.0000000      0.9999999
      1.5000000     -4.3750000      0.1583628      0.0000000      0.9999999
      1.5000000     -4.2773438      0.1507484      0.0000000      0.9999999
      1.5000000     -4.1796875      0.1433658      0.0000000      0.9999999
      1.5000000     -4.0820312      0.1362121      0.0000000      0.9999999
      1.5000000     -3.9843750      0.1292954      0.0000000      0.9999999
      1.5000000     -3.8867188      0.1226007      0.0000000      0.9999999
      1.5000000     -3.7890625      0.1161308      0.0000000      0.9999999
      1.5000000     -3.6914062      0.1098750      0.0000000      0.9999999
      1.5000000     -3.5937500      0.1038248      0.0000000      0.9999999
      1.5000000     -3.4960938      0.0979849      0.0000000      0.9999999
      1.5000000     -3.3984375      0.0923387      0.0000000      0.9999999
      1.5000000     -3.3007812      0.0869005      0.0000000      0.9999999
      1.5000000     -3.2031250      0.0816568      0.0000000      0.9999999
      1.5000000     -3.1054688      0.0766201      0.0000000      0.9999999
      1.5000000     -3.0078125      0.0717883      0.0000000      0.9999999
      1.5000000     -2.9101562      0.0671619      0.0000000      0.9999999
      1.5000000     -2.8125000      0.0627563      0.0000000      0.9999999
      1.5000000     -2.7148438      0.0585524      0.0000000      0.9999999
      1.5000000     -2.6171875      0.0545800      0.0000000      0.9999999
      1.5000000     -2.5195312      0.0508125      0.0000000      0.9999999
      1.5000000     -2.4218750      0.0472704      0.0000000      0.9999999
      1.5000000     -2.3242188      0.0439459      0.0000000      0.9999999
      1.5000000     -2.2265625      0.0408305      0.0000000      0.9999999
      1.5000000     -2.1289062      0.0379406      0.0000000      0.9999999
      1.5000000     -2.0312500      0.0352463      0.0000000      0.9999999
      1.5000000     -1.9335938      0.0327666      0.0000000      0.9999999
      1.5000000     -1.8359375      0.0304723      0.0000000      0.9999999
      1.5000000     -1.7382812      0.0283628      0.0000000      0.9999999
      1.5000000     -1.6406250      0.0264218      0.0000000      0.9999999
      1.5000000     -1.5429688      0.0246259      0.0000000      0.9999999
      1.5000000     -1.4453125      0.0229647      0.0000000      0.9999999
      1.5000000     -1.3476562      0.0214080      0.0000000      0.9999999
      1.5000000     -1.2500000      0.0199358      0.0000000      0.9999999
      1.5000000     -1.1523438      0.0185275      0.0000000      0.9999999
      1.5000000     -1.0546875      0.0171513      0.0000000      0.9999999
      1.5000000     -0.9570312      0.0157963      0.0000000      0.9999999
      1.5000000     -0.8593750      0.0144346      0.0000000      0.9999999
      1.5000000     -0.7617188      0.0130535      0.0000000      0.9999999
      1.5000000     -0.6640625      0.0116464      0.0000000      0.9999999
      1.5000000     -0.5664062      0.0101928      0.0000000      0.9999999
      1.5000000     -0.4687500      0.0087061      0.0000000      0.9999999
      1.5000000     -0.3710938      0.0071698      0.0000000      0.9999999
      1.5000000     -0.2734375      0.0055974      0.0000000      0.9999999
      1.5000000     -0.1757812      0.0039943      0.0000000      0.9999999
      1.5000000     -0.0781250      0.0023572      0.0000000      0.9999999
      1.5000000      0.0195312      0.0007964      0.5000000      0.9999999
      1.5000000      0.1171875      0.0001969      0.5000000      0.9999999
      1.5000000      0.2148438      0.0000538      0.5000000      0.9999999
      1.5000000      0.3125000      0.0000095      0.5000000      0.9999999
      1.5000000      0.4101562      0.0000066      0.5000000      0.9999999
      1.5000000      0.5078125      0.0000035      0.5000000      0.9999999
      1.5000000      0.6054688      0.0000030      0.5000000      0.9999999
      1.5000000      0.7031250      0.0000039      0.5000000      0.9999999
      1.5000000      0.8007812      0.0000044      0.5000000      0.9999999
      1.5000000      0.8984375      0.0000040      0.5000000      0.9999999
      1.5000000      0.9960938      0.0000069      0.5000000      0.9999999
      1.5000000      1.0937500      0.0000090      0.5000000      0.9999999
      1.5000000      1.1914062      0.0000103      0.5000000      0.9999999
      1.5000000      1.2890625      0.0000136      0.5000000      0.9999999
      1.5000000      1.3867188      0.0000164      0.5000000      0.9999999
      1.5000000      1.4843750      0.0000182      0.5000000      0.9999999
      1.5000000      1.5820312      0.0000220      0.5000000      0.9999999
      1.5000000      1.6796875      0.0000240      0.5000000      0.9999999
      1.5000000      1.7773438      0.0000263      0.5000000      0.9999999
      1.5000000      1.8750000      0.0000308      0.5000000      0.9999999
      1.5000000      1.9726562      0.0000309      0.5000000      0.9999999
      1.5000000      2.0703125      0.0000334      0.5000000      0.9999999
      1.5000000      2.1679688      0.0000358      0.5000000      0.9999999
      1.5000000      2.2656250      0.0000373      0.5000000      0.9999999
      1.5000000      2.3632812      0.0000403      0.5000000      0.9999999
      1.5000000      2.4609375      0.0000396      0.5000000      0.9999999
      1.5000000      2.5585938      0.0000404      0.5000000      0.9999999
      1.5000000      2.6562500      0.0000407      0.5000000      0.9999999
      1.5000000      2.7539062      0.0000418      0.5000000      0.9999999
      1.5000000      2.8515625      0.0000410      0.5000000      0.9999999
      1.5000000      2.9492188      0.0000397      0.5000000      0.9999999
      1.5000000      3.0468750      0.0000395      0.5000000      0.9999999
      1.5000000      3.1445312      0.0000372      0.5000000      0.9999999
      1.5000000      3.2421875      0.0000363      0.5000000      0.9999999
      1.5000000      3.3398438      0.0000326      0.5000000      0.9999999
      1.5000000      3.4375000      0.0000305      0.5000000      0.9999999
      1.5000000      3.5351562      0.0000294      0.5000000      0.9999999
      1.5000000      3.6328125      0.0000260      0.5000000      0.9999999
      1.5000000      3.7304688      0.0000221      0.5000000      0.9999999
      1.5000000      3.8281250      0.0000177      0.5000000      0.9999999
      1.5000000      3.9257812      0.0000156      0.5000000      0.9999999
      1.5000000      4.0234375      0.0000138      0.5000000      0.9999999
      1.5000000      4.1210938      0.0000099      0.5000000      0.9999999
      1.5000000      4.2187500      0.0000051      0.5000000      0.9999999
      1.5000000      4.3164062      0.0000051      0.5000000      0.9999999
      1.5000000      4.4140625      0.0000067      0.5000000      0.9999999
      1.5000000      4.5117188      0.0000065      0.5000000      0.9999999
      1.5000000      4.6093750      0.0000087      0.5000000      0.9999999
      1.5000000      4.7070312      0.0000131      0.5000000      0.9999999
      1.5000000      4.8046875      0.0000167      0.5000000      0.9999999
      1.5000000      4.9023438      0.0000172      0.5000000      0.9999999
      1.5000000      5.0000000      0.0000172      0.5000000      0.9999999
      1.5000000      5.0976562      0.0000207      0.5000000      0.9999999
      1.5000000      5.1953125      0.0000242      0.5000000      0.9999999
      1.5000000      5.2929688      0.0000251      0.5000000      0.9999999
      1.5000000      5.3906250      0.0000243      0.5000000      0.9999999
      1.5000000      5.4882812      0.0000233      0.5000000      0.9999999
      1.5000000      5.5859375      0.0000258      0.5000000      0.9999999
      1.5000000      5.6835938      0.0000288      0.5000000      0.9999999
      1.5000000      5.7812500      0.0000269      0.5000000      0.9999999
      1.5000000      5.8789062      0.0000240      0.5000000      0.9999999
      1.5000000      5.9765625      0.0000240      0.5000000      0.9999999
      1.5000000      6.0742188      0.0000241      0.5000000      0.9999999
      1.5000000      6.1718750      0.0000262      0.5000000      0.9999999
      1.5000000      6.2695312      0.0000247      0.5000000      0.9999999
      1.5000000      6.3671875      0.0000183      0.5000000      0.9999999
      1.5000000      6.4648438      0.0000191      0.5000000      0.9999999
      1.5000000      6.5625000      0.0000205      0.5000000      0.9999999
      1.5000000      6.6601562      0.0000185      0.5000000      0.9999999
      1.5000000      6.7578125      0.0000183      0.5000000      0.9999999
      1.5000000      6.8554688      0.0000136      0.5000000      0.9999999
      1.5000000      6.9531250      0.0000095      0.5000000      0.9999999
      1.5000000      7.0507812      0.0000151      0.5000000      0.9999999
      1.5000000      7.1484375      0.0000139      0.5000000      0.9999999
      1.5000000      7.2460938      0.0000079      0.5000000      0.9999999
      1.5000000      7.3437500      0.0000083      0.5000000      0.9999999
      1.5000000      7.4414062      0.0000050      0.5000000      0.9999999
      1.5000000      7.5390625      0.0000063      0.5000000      0.9999999
      1.5000000      7.6367188      0.0000110      0.5000000      0.9999999
      1.5000000      7.7343750      0.0000066      0.5000000      0.9999999
      1.5000000      7.8320312      0.0000027      0.5000000      0.9999999
      1.5000000      7.9296875      0.0000057      0.5000000      0.9999999
      1.5000000      8.0273438      0.0000005      0.5000000      0.9999999
      1.5000000      8.1250000      0.0000056      0.5000000      0.9999999
      1.5000000      8.2226562      0.0000069      0.5000000      0.9999999
      1.5000000      8.3203125      0.0000063      0.5000000      0.9999999
      1.5000000      8.4179688      0.0000091      0.5000000      0.9999999
      1.5000000      8.5156250      0.0000069      0.5000000      0.9999999
      1.5000000      8.6132812      0.0000025      0.5000000      0.9999999
      1.5000000      8.7109375      0.0000066      0.5000000      0.9999999
      1.5000000      8.8085938      0.0000048      0.5000000      0.9999999
      1.5000000      8.9062500      0.0000071      0.5000000      0.9999999
      1.5000000      9.0039062      0.0000114      0.5000000      0.9999999
      1.5000000      9.1015625      0.0000088      0.5000000      0.9999999
      1.5000000      9.1992188      0.0000058      0.5000000      0.9999999
      1.5000000      9.2968750      0.0000079      0.5000000      0.9999999
      1.5000000      9.3945312      0.0000052      0.5000000      0.9999999
      1.5000000      9.4921875      0.0000070      0.5000000      0.9999999
      1.5000000      9.5898438      0.0000112      0.5000000      0.9999999
      1.5000000      9.6875000      0.0000091      0.5000000      0.9999999
      1.5000000      9.7851562      0.0000080      0.5000000      0.9999999
      1.5000000      9.8828125      0.0000098      0.5000000      0.9999999
      1.5000000      9.9804688      0.0000069      0.5000000      0.9999999
      1.5000000     10.0781250      0.0000059      0.5000000      0.9999999
      1.5000000     10.1757812      0.0000093      0.5000000      0.9999999
      1.5000000     10.2734375      0.0000093      0.5000000      0.9999999
      1.5000000     10.3710938      0.0000088      0.5000000      0.9999999
      1.5000000     10.4687500      0.0000096      0.5000000      0.9999999
      1.5000000     10.5664062      0.0000081      0.5000000      0.9999999
      1.5000000     10.6640625      0.0000064      0.5000000      0.9999999
      1.5000000     10.7617188      0.0000077      0.5000000      0.9999999
      1.5000000     10.8593750      0.0000078      0.5000000      0.9999999
      1.5000000     10.9570312      0.0000078      0.5000000      0.9999999
      1.5000000     11.0546875      0.0000088      0.5000000      0.9999999
      1.5000000     11.1523438      0.0000081      0.5000000      0.9999999
      1.5000000     11.2500000      0.0000064      0.5000000      0.9999999
      1.5000000     11.3476562      0.0000063      0.5000000      0.9999999
      1.5000000     11.4453125      0.0000063      0.5000000      0.9999999
      1.5000000     11.5429688      0.0000063      0.5000000      0.9999999
      1.5000000     11.6406250      0.0000067      0.5000000      0.9999999
      1.5000000     11.7382812      0.0000067      0.5000000      0.9999999
      1.5000000     11.8359375      0.0000059      0.5000000      0.9999999
      1.5000000     11.9335938      0.0000052      0.5000000      0.9999999
      1.5000000     12.0312500      0.0000049      0.5000000      0.9999999
      1.5000000     12.1289062      0.0000044      0.5000000      0.9999999
      1.5000000     12.2265625      0.0000049      0.5000000      0.9999999
      1.5000000     12.3242188      0.0000048      0.5000000      0.9999999
      1.5000000     12.4218750      0.0000045      0.5000000      0.9999999
      1.5000000     12.5195312      0.0000039      0.5000000      0.9999999
      1.5000000     12.6171875      0.0000035      0.5000000      0.9999999
      1.5000000     12.7148438      0.0000033      0.5000000      0.9999999
      1.5000000     12.8125000      0.0000028      0.5000000      0.9999999
      1.5000000     12.9101562      0.0000032      0.5000000      0.9999999
      1.5000000     13.0078125      0.0000028      0.5000000      0.9999999
      1.5000000     13.1054688      0.0000027      0.5000000      0.9999999
      1.5000000     13.2031250      0.0000024      0.5000000      0.9999999
      1.5000000     13.3007812      0.0000019      0.5000000      0.9999999
      1.5000000     13.3984375      0.0000021      0.5000000      0.9999999
      1.5000000     13.4960938      0.0000014      0.5000000      0.9999999
      1.5000000     13.5937500      0.0000020      0.5000000      0.9999999
      1.5000000     13.6914062      0.0000015      0.5000000      0.9999999
      1.5000000     13.7890625      0.0000014      0.5000000      0.9999999
      1.5000000     13.8867188      0.0000016      0.5000000      0.9999999
      1.5000000     13.9843750      0.0000006      0.5000000      0.9999999
      1.5000000     14.0820312      0.0000014      0.5000000      0.9999999
      1.5000000     14.1796875      0.0000005      0.5000000      0.9999999
      1.5000000     14.2773438      0.0000012      0.5000000      0.9999999
      1.5000000     14.3750000      0.0000011      0.5000000      0.9999999
      1.5000000     14.4726562      0.0000005      0.5000000      0.9999999
      1.5000000     14.5703125      0.0000012      0.5000000      0.9999999
      1.5000000     14.6679688      0.0000004      0.5000000      0.9999999
      1.5000000     14.7656250      0.0000010      0.5000000      0.9999999
      1.5000000     14.8632812      0.0000009      0.5000000      0.9999999
      1.5000000     14.9609375      0.0000007      0.5000000      0.9999999
      1.5000000     15.0585938      0.0000011      0.5000000      0.9999999
      1.5000000     15.1562500      0.0000008      0.5000000      0.9999999
      1.5000000     15.2539062      0.0000011      0.5000000      0.9999999
      1.5000000     15.3515625      0.0000010      0.5000000      0.9999999
      1.5000000     15.4492188      0.0000004      0.5000000      0.9999999
      1.5000000     15.5468750      0.0000025      0.5000000      0.9999999
      1.5000000     15.6445312      0.0000037      0.5000000      0.9999999
      1.5000000     15.7421875      0.0000026      0.5000000      0.9999999
      1.5000000     15.8398438      0.0000017      0.5000000      0.9999999
      1.5000000     15.9375000      0.0000045      0.5000000      0.9999999
      1.5000000     16.0351562      0.0000101      0.5000000      0.9999999
      1.5000000     16.1328125      0.0000119      0.5000000      0.9999999
      1.5000000     16.2304688      0.0000074      0.5000000      0.9999999
      1.5000000     16.3281250      0.0000068      0.5000000      0.9999999
      1.5000000     16.4257812      0.0000171      0.5000000      0.9999999
      1.5000000     16.5234375      0.0000240      0.5000000      0.9999999
      1.5000000     16.6210938      0.0000156      0.5000000      0.9999999
      1.5000000     16.7187500      0.0000070      0.5000000      0.9999999
      1.5000000     16.8164062      0.0000251      0.5000000      0.9999999
      1.5000000     16.9140625      0.0000355      0.5000000      0.9999999
      1.5000000     17.0117188      0.0000281      0.5000000      0.9999999
      1.5000000     17.1093750      0.0000025      0.5000000      0.9999999
      1.5000000     17.2070312      0.0000300      0.5000000      0.9999999
      1.5000000     17.3046875      0.0000389      0.5000000      0.9999999
      1.5000000     17.4023438      0.0000335      0.5000000      0.9999999
      1.5000000     17.5000000      0.0000122      0.5000000      0.9999999
      1.5000000     17.5976562      0.0000219      0.5000000      0.9999999
      1.5000000     17.6953125      0.0000308      0.5000000      0.9999999
      1.5000000     17.7929688      0.0000178      0.5000000      0.9999999
      1.5000000     17.8906250      0.0000088      0.5000000      0.9999999
      1.5000000     17.9882812      0.0000176      0.5000000      0.9999999
      1.5000000     18.0859375      0.0000209      0.5000000      0.9999999
      1.5000000     18.1835938      0.0000087      0.5000000      0.9999999
      1.5000000     18.2812500      0.0000147      0.5000000      0.9999999
      1.5000000     18.3789062      0.0000211      0.5000000      0.9999999
      1.5000000     18.4765625      0.0000278      0.5000000      0.9999999
      1.5000000     18.5742188      0.0000156      0.5000000      0.9999999
      1.5000000     18.6718750      0.0000280      0.5000000      0.9999999
      1.5000000     18.7695312      0.0000131      0.5000000      0.9999999
      1.5000000     18.8671875      0.0000265      0.5000000      0.9999999
      1.5000000     18.9648438      0.0000088      0.5000000      0.9999999
      1.5000000     19.0625000      0.0000308      0.5000000      0.9999999
      1.5000000     19.1601562      0.0000106      0.5000000      0.9999999
      1.5000000     19.2578125      0.0000182      0.5000000      0.9999999
      1.5000000     19.3554688      0.0000197      0.5000000      0.9999999
      1.5000000     19.4531250      0.0000196      0.5000000      0.9999999
      1.5000000     19.5507812      0.0000175      0.5000000      0.9999999
      1.5000000     19.6484375      0.0000124      0.5000000      0.9999999
      1.5000000     19.7460938      0.0000325      0.5000000      0.9999999
      1.5000000     19.8437500      0.0000101      0.5000000      0.9999999
      1.5000000     19.9414062      0.0000065      0.5000000      0.9999999


      2.0000000    -20.0000000      0.0000000      0.0000000      0.9999999
      2.0000000    -19.9023438      0.0000273      0.0000000      0.9999999
      2.0000000    -19.8046875      0.0000544      0.0000000      0.9999999
      2.0000000    -19.7070312      0.0000833      0.0000000      0.9999999
      2.0000000    -19.6093750      0.0001114      0.0000000      0.9999999
      2.0000000    -19.5117188      0.0001428      0.0000000      0.9999999
      2.0000000    -19.4140625      0.0001741      0.0000000      0.9999999
      2.0000000    -19.3164062      0.0002091      0.0000000      0.9999999
      2.0000000    -19.2187500      0.0002447      0.0000000      0.9999999
      2.0000000    -19.1210938      0.0002865      0.0000000      0.9999999
      2.0000000    -19.0234375      0.0003259      0.0000000      0.9999999
      2.0000000    -18.9257812      0.0003786      0.0000000      0.9999999
      2.0000000    -18.8281250      0.0004230      0.0000000      0.9999999
      2.0000000    -18.7304688      0.0004873      0.0000000      0.9999999
      2.0000000    -18.6328125      0.0005430      0.0000000      0.9999999
      2.0000000    -18.5351562      0.0006175      0.0000000      0.9999999
      2.0000000    -18.4375000      0.0006903      0.0000000      0.9999999
      2.0000000    -18.3398438      0.0007796      0.0000000      0.9999999
      2.0000000    -18.2421875      0.0008678      0.0000000      0.9999999
      2.0000000    -18.1445312      0.0009831      0.0000000      0.9999999
      2.0000000    -18.0468750      0.0010869      0.0000000      0.9999999
      2.0000000    -17.9492188      0.0012300      0.0000000      0.9999999
      2.0000000    -17.8515625      0.0013685      0.0000000      0.9999999
      2.0000000    -17.7539062      0.0015227      0.0000000      0.9999999
      2.0000000    -17.6562500      0.0017255      0.0000000      0.9999999
      2.0000000    -17.5585938      0.0018829      0.0000000      0.9999999
      2.0000000    -17.4609375      0.0021521      0.0000000      0.9999999
      2.0000000    -17.3632812      0.0023508      0.0000000      0.9999999
      2.0000000    -17.2656250      0.0026479      0.0000000      0.9999999
      2.0000000    -17.1679688      0.0029494      0.0000000      0.9999999
      2.0000000    -17.0703125      0.0032483      0.0000000      0.9999999
      2.0000000    -16.9726562      0.0036676      0.0000000      0.9999999
      2.0000000    -16.8750000      0.0040106      0.0000000      0.9999999
      2.0000000    -16.7773438      0.0045014      0.0000000      0.9999999
      2.0000000    -16.6796875      0.0049667      0.0000000      0.9999999
      2.0000000    -16.5820312      0.0054941      0.0000000      0.9999999
      2.0000000    -16.4843750      0.0061137      0.0000000      0.9999999
      2.0000000    -16.3867188      0.0067130      0.0000000      0.9999999
      2.0000000    -16.2890625      0.0074564      0.0000000      0.9999999
      2.0000000    -16.1914062      0.0081980      0.0000000      0.9999999
      2.0000000    -16.0937500      0.0090385      0.0000000      0.9999999
      2.0000000    -15.9960938      0.0099590      0.0000000      0.9999999
      2.0000000    -15.8984375      0.0109223      0.0000000      0.9999999
      2.0000000    -15.8007812      0.0120144      0.0000000      0.9999999
      2.0000000    -15.7031250      0.0131536      0.0000000      0.9999999
      2.0000000    -15.6054688      0.0144088      0.0000000      0.9999999
      2.0000000    -15.5078125      0.0157574      0.0000000      0.9999999
      2.0000000    -15.4101562      0.0171962      0.0000000      0.9999999
      2.0000000    -15.3125000      0.0187615      0.0000000      0.9999999
      2.0000000    -15.2148438      0.0204198      0.0000000      0.9999999
      2.0000000    -15.1171875      0.0222080      0.0000000      0.9999999
      2.0000000    -15.0195312      0.0241139      0.0000000      0.9999999
      2.0000000    -14.9218750      0.0261450      0.0000000      0.9999999
      2.0000000    -14.8242188      0.0283147      0.0000000      0.9999999
      2.0000000    -14.7265625      0.0306156      0.0000000      0.9999999
      2.0000000    -14.6289062      0.0330650      0.0000000      0.9999999
      2.0000000    -14.5312500      0.0356600      0.0000000      0.9999999
      2.0000000    -14.4335938      0.0384108      0.0000000      0.9999999
      2.0000000    -14.3359375      0.0413226      0.0000000      0.9999999
      2.0000000    -14.2382812      0.0444003      0.0000000      0.9999999
      2.0000000    -14.1406250      0.0476530      0.0000000      0.9999999
      2.0000000    -14.0429688      0.0510846      0.0000000      0.9999999
      2.0000000    -13.9453125      0.0547048      0.0000000      0.9999999
      2.0000000    -13.8476562      0.0585178      0.0000000      0.9999999
      2.0000000    -13.7500000      0.0625333      0.0000000      0.9999999
      2.0000000    -13.6523438      0.0667554      0.0000000      0.9999999
      2.0000000    -13.5546875      0.0711927      0.0000000      0.9999999
      2.0000000    -13.4570312      0.0758496      0.0000000      0.9999999
      2.0000000    -13.3593750      0.0807302      0.0000000      0.9999999
      2.0000000    -13.2617188      0.0858402      0.0000000      0.9999999
      2.0000000    -13.1640625      0.0911773      0.0000000      0.9999999
      2.0000000    -13.0664062      0.0967473      0.0000000      0.9999999
      2.0000000    -12.9687500      0.1025438      0.0000000      0.9999999
      2.0000000    -12.8710938      0.1085677      0.0000000      0.9999999
      2.0000000    -12.7734375      0.1148144      0.0000000      0.9999999
      2.0000000    -12.6757812      0.1212755      0.0000000      0.9999999
      2.0000000    -12.5781250      0.1279499      0.0000000      0.9999999
      2.0000000    -12.4804688      0.1348237      0.0000000      0.9999999
      2.0000000    -12.3828125      0.1418956      0.0000000      0.9999999
      2.0000000    -12.2851562      0.1491549      0.0000000      0.9999999
      2.0000000    -12.1875000      0.1565966      0.0000000      0.9999999
      2.0000000    -12.0898438      0.1642180      0.0000000      0.9999999
      2.0000000    -11.9921875      0.1720098      0.0000000      0.9999999
      2.0000000    -11.8945312      0.1799733      0.0000000      0.9999999
      2.0000000    -11.7968750      0.1880974      0.0000000      0.9999999
      2.0000000    -11.6992188      0.1963788      0.0000000      0.9999999
      2.0000000    -11.6015625      0.2048066      0.0000000      0.9999999
      2.0000000    -11.5039062      0.2133676      0.0000000      0.9999999
      2.0000000    -11.4062500      0.2220500      0.0000000      0.9999999
      2.0000000    -11.3085938      0.2308314      0.0000000      0.9999999
      2.0000000    -11.2109375      0.2396954      0.0000000      0.9999999
      2.0000000    -11.1132812      0.2486158      0.0000000      0.9999999
      2.0000000    -11.0156250      0.2575699      0.0000000      0.9999999
      2.0000000    -10.9179688      0.2665344      0.0000000      0.9999999
      2.0000000    -10.8203125      0.2754853      0.0000000      0.9999999
      2.0000000    -10.7226562      0.2844054      0.0000000      0.9999999
      2.0000000    -10.6250000      0.2932763      0.0000000      0.9999999
      2.0000000    -10.5273438      0.3020838      0.0000000      0.9999999
      2.0000000    -10.4296875      0.3108131      0.0000000      0.9999999
      2.0000000    -10.3320312      0.3194460      0.0000000      0.9999999
      2.0000000    -10.2343750      0.3279603      0.0000000      0.9999999
      2.0000000    -10.1367188      0.3363301      0.0000000      0.9999999
      2.0000000    -10.0390625      0.3445234      0.0000000      0.9999999
      2.0000000     -9.9414062      0.3525133      0.0000000      0.9999999
      2.0000000     -9.8437500      0.3602717      0.0000000      0.9999999
      2.0000000     -9.7460938      0.3677785      0.0000000      0.9999999
      2.0000000     -9.6484375      0.3750208      0.0000000      0.9999999
      2.0000000     -9.5507812      0.3819800      0.0000000      0.9999999
      2.0000000     -9.4531250      0.3886466      0.0000000      0.9999999
      2.0000000     -9.3554688      0.3949933      0.0000000      0.9999999
      2.0000000     -9.2578125      0.4009956      0.0000000      0.9999999
      2.0000000     -9.1601562      0.4066254      0.0000000      0.9999999
      2.0000000     -9.0625000      0.4118497      0.0000000      0.9999999
      2.0000000     -8.9648438      0.4166578      0.0000000      0.9999999
      2.0000000     -8.8671875      0.4210319      0.0000000      0.9999999
      2.0000000     -8.7695312      0.4249752      0.0000000      0.9999999
      2.0000000     -8.6718750      0.4284892      0.0000000      0.9999999
      2.0000000     -8.5742188      0.4315668      0.0000000      0.9999999
      2.0000000     -8.4765625      0.4342073      0.0000000      0.9999999
      2.0000000     -8.3789062      0.4363849      0.0000000      0.9999999
      2.0000000     -8.2812500      0.4380829      0.0000000      0.9999999
      2.0000000     -8.1835938      0.4392793      0.0000000      0.9999999
      2.0000000     -8.0859375      0.4399547      0.0000000      0.9999999
      2.0000000     -7.9882812      0.4401123      0.0000000      0.9999999
      2.0000000     -7.8906250      0.4397503      0.0000000      0.9999999
      2.0000000     -7.7929688      0.4388888      0.0000000      0.9999999
      2.0000000     -7.6953125      0.4375467      0.0000000      0.9999999
      2.0000000     -7.5976562      0.4357360      0.0000000      0.9999999
      2.0000000     -7.5000000      0.4334792      0.0000000      0.9999999
      2.0000000     -7.4023438      0.4307741      0.0000000      0.9999999
      2.0000000     -7.3046875      0.4276256      0.0000000      0.9999999
      2.0000000     -7.2070312      0.4240341      0.0000000      0.9999999
      2.0000000     -7.1093750      0.4199886      0.0000000      0.9999999
      2.0000000     -7.0117188      0.4155012      0.0000000      0.9999999
      2.0000000     -6.9140625      0.4105719      0.0000000      0.9999999
      2.0000000     -6.8164062      0.4052175      0.0000000      0.9999999
      2.0000000     -6.7187500      0.3994659      0.0000000      0.9999999
      2.0000000     -6.6210938      0.3933358      0.0000000      0.9999999
      2.0000000     -6.5234375      0.3868681      0.0000000      0.9999999
      2.0000000     -6.4257812      0.3800891      0.0000000      0.9999999
      2.0000000     -6.3281250      0.3730278      0.0000000      0.9999999
      2.0000000     -6.2304688      0.3657163      0.0000000      0.9999999
      2.0000000     -6.1328125      0.3581675      0.0000000      0.9999999
      2.0000000     -6.0351562      0.3504065      0.0000000      0.9999999
      2.0000000     -5.9375000      0.3424435      0.0000000      0.9999999
      2.0000000     -5.8398438      0.3342900      0.0000000      0.9999999
      2.0000000     -5.7421875      0.3259646      0.0000000      0.9999999
      2.0000000     -5.6445312      0.3174734      0.0000000      0.9999999
      2.0000000     -5.5468750      0.3088405      0.0000000      0.9999999
      2.0000000     -5.4492188      0.3000832      0.0000000      0.9999999
      2.0000000     -5.3515625      0.2912223      0.0000000      0.9999999
      2.0000000     -5.2539062      0.2822911      0.0000000      0.9999999
      2.0000000     -5.1562500      0.2733088      0.0000000      0.9999999
      2.0000000     -5.0585938      0.2643103      0.0000000      0.9999999
      2.0000000     -4.9609375      0.2553224      0.0000000      0.9999999
      2.0000000     -4.8632812      0.2463681      0.0000000      0.9999999
      2.0000000     -4.7656250      0.2374780      0.0000000      0.9999999
      2.0000000     -4.6679688      0.2286677      0.0000000      0.9999999
      2.0000000     -4.5703125      0.2199588      0.0000000      0.9999999
      2.0000000     -4.4726562      0.2113668      0.0000000      0.9999999
      2.0000000     -4.3750000      0.2029027      0.0000000      0.9999999
      2.0000000     -4.2773438      0.1945764      0.0000000      0.9999999
      2.0000000     -4.1796875      0.1863992      0.0000000      0.9999999
      2.0000000     -4.0820312      0.1783709      0.0000000      0.9999999
      2.0000000     -3.9843750      0.1705043      0.0000000      0.9999999
      2.0000000     -3.8867188      0.1628004      0.0000000      0.9999999
      2.0000000     -3.7890625      0.1552610      0.0000000      0.9999999
      2.0000000     -3.6914062      0.1479018      0.0000000      0.9999999
      2.0000000     -3.5937500      0.1407083      0.0000000      0.9999999
      2.0000000     -3.4960938      0.1337062      0.0000000      0.9999999
      2.0000000     -3.3984375      0.1268799      0.0000000      0.9999999
      2.0000000     -3.3007812      0.1202465      0.0000000      0.9999999
      2.0000000     -3.2031250      0.1138071      0.0000000      0.9999999
      2.0000000     -3.1054688      0.1075602      0.0000000      0.9999999
      2.0000000     -3.0078125      0.1015238      0.0000000      0.9999999
      2.0000000     -2.9101562      0.0956850      0.0000000      0.9999999
      2.0000000     -2.8125000      0.0900689      0.0000000      0.9999999
      2.0000000     -2.7148438      0.0846626      0.0000000      0.9999999
      2.0000000     -2.6171875      0.0794922      0.0000000      0.9999999
      2.0000000     -2.5195312      0.0745492      0.0000000      0.9999999
      2.0000000     -2.4218750      0.0698564      0.0000000      0.9999999
      2.0000000     -2.3242188      0.0654116      0.0000000      0.9999999
      2.0000000     -2.2265625      0.0612282      0.0000000      0.9999999
      2.0000000     -2.1289062      0.0573124      0.0000000      0.9999999
      2.0000000     -2.0312500      0.0536629      0.0000000      0.9999999
      2.0000000     -1.9335938      0.0502878      0.0000000      0.9999999
      2.0000000     -1.8359375      0.0471719      0.0000000      0.9999999
      2.0000000     -1.7382812      0.0443105      0.0000000      0.9999999
      2.0000000     -1.6406250      0.0416785      0.0000000      0.9999999
      2.0000000     -1.5429688      0.0392509      0.0000000      0.9999999
      2.0000000     -1.4453125      0.0369931      0.0000000      0.9999999
      2.0000000     -1.3476562      0.0348662      0.0000000      0.9999999
      2.0000000     -1.2500000      0.0328264      0.0000000      0.9999999
      2.0000000     -1.1523438      0.0308328      0.0000000      0.9999999
      2.0000000     -1.0546875      0.0288406      0.0000000      0.9999999
      2.0000000     -0.9570312      0.0268155      0.0000000      0.9999999
      2.0000000     -0.8593750      0.0247229      0.0000000      0.9999999
      2.0000000     -0.7617188      0.0225399      0.0000000      0.9999999
      2.0000000     -0.6640625      0.0202480      0.0000000      0.9999999
      2.0000000     -0.5664062      0.0178387      0.0000000      0.9999999
      2.0000000     -0.4687500      0.0153098      0.0000000      0.9999999
      2.0000000     -0.3710938      0.0126673      0.0000000      0.9999999
      2.0000000     -0.2734375      0.0099225      0.0000000      0.9999999
      2.0000000     -0.1757812      0.0070934      0.0000000      0.9999999
      2.0000000     -0.0781250      0.0042007      0.0000000      0.9999999
      2.0000000      0.0195312      0.0014127      0.5000000      0.9999999
      2.0000000      0.1171875      0.0003561      0.5000000      0.9999999
      2.0000000      0.2148438      0.0000929      0.5000000      0.9999999
      2.0000000      0.3125000      0.0000195      0.5000000      0.9999999
      2.0000000      0.4101562      0.0000100      0.5000000      0.9999999
      2.0000000      0.5078125      0.0000046      0.5000000      0.9999999
      2.0000000      0.6054688      0.0000071      0.5000000      0.9999999
      2.0000000      0.7031250      0.0000079      0.5000000      0.9999999
      2.0000000      0.8007812      0.0000092      0.5000000      0.9999999
      2.0000000      0.8984375      0.0000090      0.5000000      0.9999999
      2.0000000      0.9960938      0.0000094      0.5000000      0.9999999
      2.0000000      1.0937500      0.0000106      0.5000000      0.9999999
      2.0000000      1.1914062      0.0000128      0.5000000      0.9999999
      2.0000000      1.2890625      0.0000166      0.5000000      0.9999999
      2.0000000      1.3867188      0.0000164      0.5000000      0.9999999
      2.0000000      1.4843750      0.0000133      0.5000000      0.9999999
      2.0000000      1.5820312      0.0000121      0.5000000      0.9999999
      2.0000000      1.6796875      0.0000085      0.5000000      0.9999999
      2.0000000      1.7773438      0.0000205      0.5000000      0.9999999
      2.0000000      1.8750000      0.0000269      0.5000000      0.9999999
      2.0000000      1.9726562      0.0000237      0.5000000      0.9999999
      2.0000000      2.0703125      0.0000295      0.5000000      0.9999999
      2.0000000      2.1679688      0.0000196      0.5000000      0.9999999
      2.0000000      2.2656250      0.0000081      0.5000000      0.9999999
      2.0000000      2.3632812      0.0000208      0.5000000      0.9999999
      2.0000000      2.4609375      0.0000182      0.5000000      0.9999999
      2.0000000      2.5585938      0.0000457      0.5000000      0.9999999
      2.0000000      2.6562500      0.0000422      0.5000000      0.9999999
      2.0000000      2.7539062      0.0000145      0.5000000      0.9999999
      2.0000000      2.8515625      0.0000303      0.5000000      0.9999999
      2.0000000      2.9492188      0.0000117      0.5000000      0.9999999
      2.0000000      3.0468750      0.0000343      0.5000000      0.9999999
      2.0000000      3.1445312      0.0000370      0.5000000      0.9999999
      2.0000000      3.2421875      0.0000224      0.5000000      0.9999999
      2.0000000      3.3398438      0.0000534      0.5000000      0.9999999
      2.0000000      3.4375000      0.0000326      0.5000000      0.9999999
      2.0000000      3.5351562      0.0000179      0.5000000      0.9999999
      2.0000000      3.6328125      0.0000294      0.5000000      0.9999999
      2.0000000      3.7304688      0.0000086      0.5000000      0.9999999
      2.0000000      3.8281250      0.0000413      0.5000000      0.9999999
      2.0000000      3.9257812      0.0000288      0.5000000      0.9999999
      2.0000000      4.0234375      0.0000210      0.5000000      0.9999999
      2.0000000      4.1210938      0.0000401      0.5000000      0.9999999
      2.0000000      4.2187500      0.0000175      0.5000000      0.9999999
      2.0000000      4.3164062      0.0000289      0.5000000      0.9999999
      2.0000000      4.4140625      0.0000300      0.5000000      0.9999999
      2.0000000      4.5117188      0.0000235      0.5000000      0.9999999
      2.0000000      4.6093750      0.0000356      0.5000000      0.9999999
      2.0000000      4.7070312      0.0000175      0.5000000      0.9999999
      2.0000000      4.8046875      0.0000199      0.5000000      0.9999999
      2.0000000      4.9023438      0.0000206      0.5000000      0.9999999
      2.0000000      5.0000000      0.0000136      0.5000000      0.9999999
      2.0000000      5.0976562      0.0000238      0.5000000      0.9999999
      2.0000000      5.1953125      0.0000279      0.5000000      0.9999999
      2.0000000      5.2929688      0.0000304      0.5000000      0.9999999
      2.0000000      5.3906250      0.0000310      0.5000000      0.9999999
      2.0000000      5.4882812      0.0000239      0.5000000      0.9999999
      2.0000000      5.5859375      0.0000200      0.5000000      0.9999999
      2.0000000      5.6835938      0.0000113      0.5000000      0.9999999
      2.0000000      5.7812500      0.0000117      0.5000000      0.9999999
      2.0000000      5.8789062      0.0000143      0.5000000      0.9999999
      2.0000000      5.9765625      0.0000253      0.5000000      0.9999999
      2.0000000      6.0742188      0.0000263      0.5000000      0.9999999
      2.0000000      6.1718750      0.0000271      0.5000000      0.9999999
      2.0000000      6.2695312      0.0000318      0.5000000      0.9999999
      2.0000000      6.3671875      0.0000194      0.5000000      0.9999999
      2.0000000      6.4648438      0.0000118      0.5000000      0.9999999
      2.0000000      6.5625000      0.0000163      0.5000000      0.9999999
      2.0000000      6.6601562      0.0000053      0.5000000      0.9999999
      2.0000000      6.7578125      0.0000238      0.5000000      0.9999999
      2.0000000      6.8554688      0.0000164      0.5000000      0.9999999
      2.0000000      6.9531250      0.0000171      0.5000000      0.9999999
      2.0000000      7.0507812      0.0000318      0.5000000      0.9999999
      2.0000000      7.1484375      0.0000145      0.5000000      0.9999999
      2.0000000      7.2460938      0.0000154      0.5000000      0.9999999
      2.0000000      7.3437500      0.0000192      0.5000000      0.9999999
      2.0000000      7.4414062      0.0000013      0.5000000      0.9999999
      2.0000000      7.5390625      0.0000271      0.5000000      0.9999999
      2.0000000      7.6367188      0.0000185      0.5000000      0.9999999
      2.0000000      7.7343750      0.0000129      0.5000000      0.9999999
      2.0000000      7.8320312      0.0000277      0.5000000      0.9999999
      2.0000000      7.9296875      0.0000153      0.5000000      0.9999999
      2.0000000      8.0273438      0.0000165      0.5000000      0.9999999
      2.0000000      8.1250000      0.0000196      0.5000000      0.9999999
      2.0000000      8.2226562      0.0000043      0.5000000      0.9999999
      2.0000000      8.3203125      0.0000208      0.5000000      0.9999999
      2.0000000      8.4179688      0.0000183      0.5000000      0.9999999
      2.0000000      8.5156250      0.0000136      0.5000000      0.9999999
      2.0000000      8.6132812      0.0000247      0.5000000      0.9999999
      2.0000000      8.7109375      0.0000082      0.5000000      0.9999999
      2.0000000      8.8085938      0.0000143      0.5000000      0.9999999
      2.0000000      8.9062500      0.0000233      0.5000000      0.9999999
      2.0000000      9.0039062      0.0000074      0.5000000      0.9999999
      2.0000000      9.1015625      0.0000201      0.5000000      0.9999999
      2.0000000      9.1992188      0.0000129      0.5000000      0.9999999
      2.0000000      9.2968750      0.0000063      0.5000000      0.9999999
      2.0000000      9.3945312      0.0000202      0.5000000      0.9999999
      2.0000000      9.4921875      0.0000099      0.5000000      0.9999999
      2.0000000      9.5898438      0.0000152      0.5000000      0.9999999
      2.0000000      9.6875000      0.0000131      0.5000000      0.9999999
      2.0000000      9.7851562      0.0000075      0.5000000      0.9999999
      2.0000000      9.8828125      0.0000194      0.5000000      0.9999999
      2.0000000      9.9804688      0.0000176      0.5000000      0.9999999
      2.0000000     10.0781250      0.0000146      0.5000000      0.9999999
      2.0000000     10.1757812      0.0000150      0.5000000      0.9999999
      2.0000000     10.2734375      0.0000111      0.5000000      0.9999999
      2.0000000     10.3710938      0.0000159      0.5000000      0.9999999
      2.0000000     10.4687500      0.0000183      0.5000000      0.9999999
      2.0000000     10.5664062      0.0000131      0.5000000      0.9999999
      2.0000000     10.6640625      0.0000130      0.5000000      0.9999999
      2.0000000     10.7617188      0.0000112      0.5000000      0.9999999
      2.0000000     10.8593750      0.0000139      0.5000000      0.9999999
      2.0000000     10.9570312      0.0000192      0.5000000      0.9999999
      2.0000000     11.0546875      0.0000179      0.5000000      0.9999999
      2.0000000     11.1523438      0.0000161      0.5000000      0.9999999
      2.0000000     11.2500000      0.0000139      0.5000000      0.9999999
      2.0000000     11.3476562      0.0000160      0.5000000      0.9999999
      2.0000000     11.4453125      0.0000197      0.5000000      0.9999999
      2.0000000     11.5429688      0.0000187      0.5000000      0.9999999
      2.0000000     11.6406250      0.0000162      0.5000000      0.9999999
      2.0000000     11.7382812      0.0000139      0.5000000      0.9999999
      2.0000000     11.8359375      0.0000133      0.5000000      0.9999999
      2.0000000     11.9335938      0.0000170      0.5000000      0.9999999
      2.0000000     12.0312500      0.0000195      0.5000000      0.9999999
      2.0000000     12.1289062      0.0000180      0.5000000      0.9999999
      2.0000000     12.2265625      0.0000151      0.5000000      0.9999999
      2.0000000     12.3242188      0.0000149      0.5000000      0.9999999
      2.0000000     12.4218750      0.0000172      0.5000000      0.9999999
      2.0000000     12.5195312      0.0000191      0.5000000      0.9999999
      2.0000000     12.6171875      0.0000193      0.5000000      0.9999999
      2.0000000     12.7148438      0.0000173      0.5000000      0.9999999
      2.0000000     12.8125000      0.0000138      0.5000000      0.9999999
      2.0000000     12.9101562      0.0000142      0.5000000      0.9999999
      2.0000000     13.0078125      0.0000171      0.5000000      0.9999999
      2.0000000     13.1054688      0.0000174      0.5000000      0.9999999
      2.0000000     13.2031250      0.0000159      0.5000000      0.9999999
      2.0000000     13.3007812      0.0000143      0.5000000      0.9999999
      2.0000000     13.3984375      0.0000130      0.5000000      0.9999999
      2.0000000     13.4960938      0.0000135      0.5000000      0.9999999
      2.0000000     13.5937500      0.0000160      0.5000000      0.9999999
      2.0000000     13.6914062      0.0000164      0.5000000      0.9999999
      2.0000000     13.7890625      0.0000137      0.5000000      0.9999999
      2.0000000     13.8867188      0.0000125      0.5000000      0.9999999
      2.0000000     13.9843750      0.0000119      0.5000000      0.9999999
      2.0000000     14.0820312      0.0000124      0.5000000      0.9999999
      2.0000000     14.1796875      0.0000140      0.5000000      0.9999999
      2.0000000     14.2773438      0.0000133      0.5000000      0.9999999
      2.0000000     14.3750000      0.0000117      0.5000000      0.9999999
      2.0000000     14.4726562      0.0000102      0.5000000      0.9999999
      2.0000000     14.5703125      0.0000101      0.5000000      0.9999999
      2.0000000     14.6679688      0.0000108      0.5000000      0.9999999
      2.0000000     14.7656250      0.0000114      0.5000000      0.9999999
      2.0000000     14.8632812      0.0000113      0.5000000      0.9999999
      2.0000000     14.9609375      0.0000085      0.5000000      0.9999999
      2.0000000     15.0585938      0.0000087      0.5000000      0.9999999
      2.0000000     15.1562500      0.0000080      0.5000000      0.9999999
      2.0000000     15.2539062      0.0000072      0.5000000      0.9999999
      2.0000000     15.3515625      0.0000103      0.5000000      0.9999999
      2.0000000     15.4492188      0.0000068      0.5000000      0.9999999
      2.0000000     15.5468750      0.0000067      0.5000000      0.9999999
      2.0000000     15.6445312      0.0000067      0.5000000      0.9999999
      2.0000000     15.7421875      0.0000058      0.5000000      0.9999999
      2.0000000     15.8398438      0.0000068      0.5000000      0.9999999
      2.0000000     15.9375000      0.0000056      0.5000000      0.9999999
      2.0000000     16.0351562      0.0000077      0.5000000      0.9999999
      2.0000000     16.1328125      0.0000020      0.5000000      0.9999999
      2.0000000     16.2304688      0.0000072      0.5000000      0.9999999
      2.0000000     16.3281250      0.0000043      0.5000000      0.9999999
      2.0000000     16.4257812      0.0000014      0.5000000      0.9999999
      2.0000000     16.5234375      0.0000081      0.5000000      0.9999999
      2.0000000     16.6210938      0.0000038      0.5000000      0.9999999
      2.0000000     16.7187500      0.0000040      0.5000000      0.9999999
      2.0000000     16.8164062      0.0000048      0.5000000      0.9999999
      2.0000000     16.9140625      0.0000063      0.5000000      0.9999999
      2.0000000     17.0117188      0.0000034      0.5000000      0.9999999
      2.0000000     17.1093750      0.0000028      0.5000000      0.9999999
      2.0000000     17.2070312      0.0000075      0.5000000      0.9999999
      2.0000000     17.3046875      0.0000043      0.5000000      0.9999999
      2.0000000     17.4023438      0.0000061      0.5000000      0.9999999
      2.0000000     17.5000000      0.0000019      0.5000000      0.9999999
      2.0000000     17.5976562      0.0000053      0.5000000      0.9999999
      2.0000000     17.6953125      0.0000093      0.5000000      0.9999999
      2.0000000     17.7929688      0.0000055      0.5000000      0.9999999
      2.0000000     17.8906250      0.0000017      0.5000000      0.9999999
      2.0000000     17.9882812      0.0000064      0.5000000      0.9999999
      2.0000000     18.0859375      0.0000112      0.5000000      0.9999999
      2.0000000     18.1835938      0.0000059      0.5000000      0.9999999
      2.0000000     18.2812500      0.0000002      0.5000000      0.9999999
      2.0000000     18.3789062      0.0000091      0.5000000      0.9999999
      2.0000000     18.4765625      0.0000112      0.5000000      0.9999999
      2.0000000     18.5742188      0.0000082      0.5000000      0.9999999
      2.0000000     18.6718750      0.0000007      0.5000000      0.9999999
      2.0000000     18.7695312      0.0000096      0.5000000      0.9999999
      2.0000000     18.8671875      0.0000126      0.5000000      0.9999999
      2.0000000     18.9648438      0.0000093      0.5000000      0.9999999
      2.0000000     19.0625000      0.0000010      0.5000000      0.9999999
      2.0000000     19.1601562      0.0000097      0.5000000      0.9999999
      2.0000000     19.2578125      0.0000141      0.5000000      0.9999999
      2.0000000     19.3554688      0.0000096      0.5000000      0.9999999
      2.0000000     19.4531250      0.0000005      0.5000000      0.9999999
      2.0000000     19.5507812      0.0000104      0.5000000      0.9999999
      2.0000000     19.6484375      0.0000146      0.5000000      0.9999999
      2.0000000     19.7460938      0.0000101      0.5000000      0.9999999
      2.0000000     19.8437500      0.0000002      0.5000000      0.9999999
      2.0000000     19.9414062      0.0000106      0.5000000      0.9999999


      2.5000000    -20.0000000      0.0000000      0.0000000      0.9999999
      2.5000000    -19.9023438      0.0000206      0.0000000      0.9999999
      2.5000000    -19.8046875      0.0000423      0.0000000      0.9999999
      2.5000000    -19.7070312      0.0000625      0.0000000      0.9999999
      2.5000000    -19.6093750      0.0000868      0.0000000      0.9999999
      2.5000000    -19.5117188      0.0001066      0.0000000      0.9999999
      2.5000000    -19.4140625      0.0001350      0.0000000      0.9999999
      2.5000000    -19.3164062      0.0001555      0.0000000      0.9999999
      2.5000000    -19.2187500      0.0001886      0.0000000      0.9999999
      2.5000000    -19.1210938      0.0002116      0.0000000      0.9999999
      2.5000000    -19.0234375      0.0002499      0.0000000      0.9999999
      2.5000000    -18.9257812      0.0002772      0.0000000      0.9999999
      2.5000000    -18.8281250      0.0003217      0.0000000      0.9999999
      2.5000000    -18.7304688      0.0003555      0.0000000      0.9999999
      2.5000000    -18.6328125      0.0004072      0.0000000      0.9999999
      2.5000000    -18.5351562      0.0004506      0.0000000      0.9999999
      2.5000000    -18.4375000      0.0005096      0.0000000      0.9999999
      2.5000000    -18.3398438      0.0005672      0.0000000      0.9999999
      2.5000000    -18.2421875      0.0006335      0.0000000      0.9999999
      2.5000000    -18.1445312      0.0007102      0.0000000      0.9999999
      2.5000000    -18.0468750      0.0007848      0.0000000      0.9999999
      2.5000000    -17.9492188      0.0008862      0.0000000      0.9999999
      2.5000000    -17.8515625      0.0009701      0.0000000      0.9999999
      2.5000000    -17.7539062      0.0011028      0.0000000      0.9999999
      2.5000000    -17.6562500      0.0011984      0.0000000      0.9999999
      2.5000000    -17.5585938      0.0013661      0.0000000      0.9999999
      2.5000000    -17.4609375      0.0014844      0.0000000      0.9999999
      2.5000000    -17.3632812      0.0016798      0.0000000      0.9999999
      2.5000000    -17.2656250      0.0018460      0.0000000      0.9999999
      2.5000000    -17.1679688      0.0020529      0.0000000      0.9999999
      2.5000000    -17.0703125      0.0022949      0.0000000      0.9999999
      2.5000000    -16.9726562      0.0025088      0.0000000      0.9999999
      2.5000000    -16.8750000      0.0028326      0.0000000      0.9999999
      2.5000000    -16.7773438      0.0030814      0.0000000      0.9999999
      2.5000000    -16.6796875      0.0034620      0.0000000      0.9999999
      2.5000000    -16.5820312      0.0037976      0.0000000      0.9999999
      2.5000000    -16.4843750      0.0042069      0.0000000      0.9999999
      2.5000000    -16.3867188      0.0046659      0.0000000      0.9999999
      2.5000000    -16.2890625      0.0051126      0.0000000      0.9999999
      2.5000000    -16.1914062      0.0056893      0.0000000      0.9999999
      2.5000000    -16.0937500      0.0062242      0.0000000      0.9999999
      2.5000000    -15.9960938      0.0068886      0.0000000      0.9999999
      2.5000000    -15.8984375      0.0075656      0.0000000      0.9999999
      2.5000000    -15.8007812      0.0083095      0.0000000      0.9999999
      2.5000000    -15.7031250      0.0091482      0.0000000      0.9999999
      2.5000000    -15.6054688      0.0100058      0.0000000      0.9999999
      2.5000000    -15.5078125      0.0109949      0.0000000      0.9999999
      2.5000000    -15.4101562      0.0120178      0.0000000      0.9999999
      2.5000000    -15.3125000      0.0131509      0.0000000      0.9999999
      2.5000000    -15.2148438      0.0143714      0.0000000      0.9999999
      2.5000000    -15.1171875      0.0156701      0.0000000      0.9999999
      2.5000000    -15.0195312      0.0170953      0.0000000      0.9999999
      2.5000000    -14.9218750      0.0185988      0.0000000      0.9999999
      2.5000000    -14.8242188      0.0202321      0.0000000      0.9999999
      2.5000000    -14.7265625      0.0219732      0.0000000      0.9999999
      2.5000000    -14.6289062      0.0238331      0.0000000      0.9999999
      2.5000000    -14.5312500      0.0258295      0.0000000      0.9999999
      2.5000000    -14.4335938      0.0279458      0.0000000      0.9999999
      2.5000000    -14.3359375      0.0302091      0.0000000      0.9999999
      2.5000000    -14.2382812      0.0326100      0.0000000      0.9999999
      2.5000000    -14.1406250      0.0351585      0.0000000      0.9999999
      2.5000000    -14.0429688      0.0378632      0.0000000      0.9999999
      2.5000000    -13.9453125      0.0407210      0.0000000      0.9999999
      2.5000000    -13.8476562      0.0437447      0.0000000      0.9999999
      2.5000000    -13.7500000      0.0469341      0.0000000      0.9999999
      2.5000000    -13.6523438      0.0502941      0.0000000      0.9999999
      2.5000000    -13.5546875      0.0538330      0.0000000      0.9999999
      2.5000000    -13.4570312      0.0575522      0.0000000      0.9999999
      2.5000000    -13.3593750      0.0614571      0.0000000      0.9999999
      2.5000000    -13.2617188      0.0655580      0.0000000      0.9999999
      2.5000000    -13.1640625      0.0698527      0.0000000      0.9999999
      2.5000000    -13.0664062      0.0743457      0.0000000      0.9999999
      2.5000000    -12.9687500      0.0790498      0.0000000      0.9999999
      2.5000000    -12.8710938      0.0839487      0.0000000      0.9999999
      2.5000000    -12.7734375      0.0890567      0.0000000      0.9999999
      2.5000000    -12.6757812      0.0943860      0.0000000      0.9999999
      2.5000000    -12.5781250      0.0999123      0.0000000      0.9999999
      2.5000000    -12.4804688      0.1056757      0.0000000      0.9999999
      2.5000000    -12.3828125      0.1116687      0.0000000      0.9999999
      2.5000000    -12.2851562      0.1178613      0.0000000      0.9999999
      2.5000000    -12.1875000      0.1243012      0.0000000      0.9999999
      2.5000000    -12.0898438      0.1309329      0.0000000      0.9999999
      2.5000000    -11.9921875      0.1377450      0.0000000      0.9999999
      2.5000000    -11.8945312      0.1447874      0.0000000      0.9999999
      2.5000000    -11.7968750      0.1519857      0.0000000      0.9999999
      2.5000000    -11.6992188      0.1593837      0.0000000      0.9999999
      2.5000000    -11.6015625      0.1670032      0.0000000      0.9999999
      2.5000000    -11.5039062      0.1747581      0.0000000      0.9999999
      2.5000000    -11.4062500      0.1827080      0.0000000      0.9999999
      2.5000000    -11.3085938      0.1908034      0.0000000      0.9999999
      2.5000000    -11.2109375      0.1989762      0.0000000      0.9999999
      2.5000000    -11.1132812      0.2072917      0.0000000      0.9999999
      2.5000000    -11.0156250      0.2156725      0.0000000      0.9999999
      2.5000000    -10.9179688      0.2241179      0.0000000      0.9999999
      2.5000000    -10.8203125      0.2326779      0.0000000      0.9999999
      2.5000000    -10.7226562      0.2412721      0.0000000      0.9999999
      2.5000000    -10.6250000      0.2499364      0.0000000      0.9999999
      2.5000000    -10.5273438      0.2586657      0.0000000      0.9999999
      2.5000000    -10.4296875      0.2673937      0.0000000      0.9999999
      2.5000000    -10.3320312      0.2761532      0.0000000      0.9999999
      2.5000000    -10.2343750      0.2848950      0.0000000      0.9999999
      2.5000000    -10.1367188      0.2935794      0.0000000      0.9999999
      2.5000000    -10.0390625      0.3022101      0.0000000      0.9999999
      2.5000000     -9.9414062      0.3107326      0.0000000      0.9999999
      2.5000000     -9.8437500      0.3191297      0.0000000      0.9999999
      2.5000000     -9.7460938      0.3273954      0.0000000      0.9999999
      2.5000000     -9.6484375      0.3355027      0.0000000      0.9999999
      2.5000000     -9.5507812      0.3434411      0.0000000      0.9999999
      2.5000000     -9.4531250      0.3512067      0.0000000      0.9999999
      2.5000000     -9.3554688      0.3587656      0.0000000      0.9999999
      2.5000000     -9.2578125      0.3660918      0.0000000      0.9999999
      2.5000000     -9.1601562      0.3731730      0.0000000      0.9999999
      2.5000000     -9.0625000      0.3799509      0.0000000      0.9999999
      2.5000000     -8.9648438      0.3864199      0.0000000      0.9999999
      2.5000000     -8.8671875      0.3925589      0.0000000      0.9999999
      2.5000000     -8.7695312      0.3983250      0.0000000      0.9999999
      2.5000000     -8.6718750      0.4037485      0.0000000      0.9999999
      2.5000000     -8.5742188      0.4087860      0.0000000      0.9999999
      2.5000000     -8.4765625      0.4134397      0.0000000      0.9999999
      2.5000000     -8.3789062      0.4177265      0.0000000      0.9999999
      2.5000000     -8.2812500      0.4215884      0.0000000      0.9999999
      2.5000000     -8.1835938      0.4250633      0.0000000      0.9999999
      2.5000000     -8.0859375      0.4281113      0.0000000      0.9999999
      2.5000000     -7.9882812      0.4307049      0.0000000      0.9999999
      2.5000000     -7.8906250      0.4328749      0.0000000      0.9999999
      2.5000000     -7.7929688      0.4345489      0.0000000      0.9999999
      2.5000000     -7.6953125      0.4357571      0.0000000      0.9999999
      2.5000000     -7.5976562      0.4364870      0.0000000      0.9999999
      2.5000000     -7.5000000      0.4366981      0.0000000      0.9999999
      2.5000000     -7.4023438      0.4364487      0.0000000      0.9999999
      2.5000000     -7.3046875      0.4356902      0.0000000      0.9999999
      2.5000000     -7.2070312      0.4344479      0.0000000      0.9999999
      2.5000000     -7.1093750      0.4327535      0.0000000      0.9999999
      2.5000000     -7.0117188      0.4305670      0.0000000      0.9999999
      2.5000000     -6.9140625      0.4279562      0.0000000      0.9999999
      2.5000000     -6.8164062      0.4249080      0.0000000      0.9999999
      2.5000000     -6.7187500      0.4214291      0.0000000      0.9999999
      2.5000000     -6.6210938      0.4175729      0.0000000      0.9999999
      2.5000000     -6.5234375      0.4133003      0.0000000      0.9999999
      2.5000000     -6.4257812      0.4086504      0.0000000      0.9999999
      2.5000000     -6.3281250      0.4036267      0.0000000      0.9999999
      2.5000000     -6.2304688      0.3982090      0.0000000      0.9999999
      2.5000000     -6.1328125      0.3924483      0.0000000      0.9999999
      2.5000000     -6.0351562      0.3863301      0.0000000      0.9999999
      2.5000000     -5.9375000      0.3798805      0.0000000      0.9999999
      2.5000000     -5.8398438      0.3731349      0.0000000      0.9999999
      2.5000000     -5.7421875      0.3660817      0.0000000      0.9999999
      2.5000000     -5.6445312      0.3587630      0.0000000      0.9999999
      2.5000000     -5.5468750      0.3511902      0.0000000      0.9999999
      2.5000000     -5.4492188      0.3433778      0.0000000      0.9999999
      2.5000000     -5.3515625      0.3353779      0.0000000      0.9999999
      2.5000000     -5.2539062      0.3272023      0.0000000      0.9999999
      2.5000000     -5.1562500      0.3188904      0.0000000      0.9999999
      2.5000000     -5.0585938      0.3104720      0.0000000      0.9999999
      2.5000000     -4.9609375      0.3019501      0.0000000      0.9999999
      2.5000000     -4.8632812      0.2933616      0.0000000      0.9999999
      2.5000000     -4.7656250      0.2847112      0.0000000      0.9999999
      2.5000000     -4.6679688      0.2760293      0.0000000      0.9999999
      2.5000000     -4.5703125      0.2673419      0.0000000      0.9999999
      2.5000000     -4.4726562      0.2586662      0.0000000      0.9999999
      2.5000000     -4.3750000      0.2500259      0.0000000      0.9999999
      2.5000000     -4.2773438      0.2414253      0.0000000      0.9999999
      2.5000000     -4.1796875      0.2328810      0.0000000      0.9999999
      2.5000000     -4.0820312      0.2243929      0.0000000      0.9999999
      2.5000000     -3.9843750      0.2159889      0.0000000      0.9999999
      2.5000000     -3.8867188      0.2076673      0.0000000      0.9999999
      2.5000000     -3.7890625      0.1994579      0.0000000      0.9999999
      2.5000000     -3.6914062      0.1913560      0.0000000      0.9999999
      2.5000000     -3.5937500      0.1833716      0.0000000      0.9999999
      2.5000000     -3.4960938      0.1755078      0.0000000      0.9999999
      2.5000000     -3.3984375      0.1677586      0.0000000      0.9999999
      2.5000000     -3.3007812      0.1601443      0.0000000      0.9999999
      2.5000000     -3.2031250      0.1526563      0.0000000      0.9999999
      2.5000000     -3.1054688      0.1453213      0.0000000      0.9999999
      2.5000000     -3.0078125      0.1381302      0.0000000      0.9999999
      2.5000000     -2.9101562      0.1311080      0.0000000      0.9999999
      2.5000000     -2.8125000      0.1242496      0.0000000      0.9999999
      2.5000000     -2.7148438      0.1175867      0.0000000      0.9999999
      2.5000000     -2.6171875      0.1111241      0.0000000      0.9999999
      2.5000000     -2.5195312      0.1049036      0.0000000      0.9999999
      2.5000000     -2.4218750      0.0989383      0.0000000      0.9999999
      2.5000000     -2.3242188      0.0932679      0.0000000      0.9999999
      2.5000000     -2.2265625      0.0879113      0.0000000      0.9999999
      2.5000000     -2.1289062      0.0828940      0.0000000      0.9999999
      2.5000000     -2.0312500      0.0782376      0.0000000      0.9999999
      2.5000000     -1.9335938      0.0739449      0.0000000      0.9999999
      2.5000000     -1.8359375      0.0700244      0.0000000      0.9999999
      2.5000000     -1.7382812      0.0664493      0.0000000      0.9999999
      2.5000000     -1.6406250      0.0631940      0.0000000      0.9999999
      2.5000000     -1.5429688      0.0602045      0.0000000      0.9999999
      2.5000000     -1.4453125      0.0574182      0.0000000      0.9999999
      2.5000000     -1.3476562      0.0547650      0.0000000      0.9999999
      2.5000000     -1.2500000      0.0521642      0.0000000      0.9999999
      2.5000000     -1.1523438      0.0495426      0.0000000      0.9999999
      2.5000000     -1.0546875      0.0468260      0.0000000      0.9999999
      2.5000000     -0.9570312      0.0439516      0.0000000      0.9999999
      2.5000000     -0.8593750      0.0408698      0.0000000      0.9999999
      2.5000000     -0.7617188      0.0375400      0.0000000      0.9999999
      2.5000000     -0.6640625      0.0339438      0.0000000      0.9999999
      2.5000000     -0.5664062      0.0300691      0.0000000      0.9999999
      2.5000000     -0.4687500      0.0259259      0.0000000      0.9999999
      2.5000000     -0.3710938      0.0215304      0.0000000      0.9999999
      2.5000000     -0.2734375      0.0169143      0.0000000      0.9999999
      2.5000000     -0.1757812      0.0121175      0.0000000      0.9999999
      2.5000000     -0.0781250      0.0071856      0.0000000      0.9999999
      2.5000000      0.0195312      0.0024180      0.5000000      0.9999999
      2.5000000      0.1171875      0.0006109      0.5000000      0.9999999
      2.5000000      0.2148438      0.0001574      0.5000000      0.9999999
      2.5000000      0.3125000      0.0000365      0.5000000      0.9999999
      2.5000000      0.4101562      0.0000134      0.5000000      0.9999999
      2.5000000      0.5078125      0.0000015      0.5000000      0.9999999
      2.5000000      0.6054688      0.0000053      0.5000000      0.9999999
      2.5000000      0.7031250      0.0000052      0.5000000      0.9999999
      2.5000000      0.8007812      0.0000064      0.5000000      0.9999999
      2.5000000      0.8984375      0.0000075      0.5000000      0.9999999
      2.5000000      0.9960938      0.0000086      0.5000000      0.9999999
      2.5000000      1.0937500      0.0000098      0.5000000      0.9999999
      2.5000000      1.1914062      0.0000110      0.5000000      0.9999999
      2.5000000      1.2890625      0.0000122      0.5000000      0.9999999
      2.5000000      1.3867188      0.0000133      0.5000000      0.9999999
      2.5000000      1.4843750      0.0000142      0.5000000      0.9999999
      2.5000000      1.5820312      0.0000148      0.5000000      0.9999999
      2.5000000      1.6796875      0.0000154      0.5000000      0.9999999
      2.5000000      1.7773438      0.0000158      0.5000000      0.9999999
      2.5000000      1.8750000      0.0000160      0.5000000      0.9999999
      2.5000000      1.9726562      0.0000162      0.5000000      0.9999999
      2.5000000      2.0703125      0.0000161      0.5000000      0.9999999
      2.5000000      2.1679688      0.0000161      0.5000000      0.9999999
      2.5000000      2.2656250      0.0000162      0.5000000      0.9999999
      2.5000000      2.3632812      0.0000162      0.5000000      0.9999999
      2.5000000      2.4609375      0.0000162      0.5000000      0.9999999
      2.5000000      2.5585938      0.0000165      0.5000000      0.9999999
      2.5000000      2.6562500      0.0000169      0.5000000      0.9999999
      2.5000000      2.7539062      0.0000174      0.5000000      0.9999999
      2.5000000      2.8515625      0.0000179      0.5000000      0.9999999
      2.5000000      2.9492188      0.0000186      0.5000000      0.9999999
      2.5000000      3.0468750      0.0000194      0.5000000      0.9999999
      2.5000000      3.1445312      0.0000201      0.5000000      0.9999999
      2.5000000      3.2421875      0.0000212      0.5000000      0.9999999
      2.5000000      3.3398438      0.0000217      0.5000000      0.9999999
      2.5000000      3.4375000      0.0000223      0.5000000      0.9999999
      2.5000000      3.5351562      0.0000234      0.5000000      0.9999999
      2.5000000      3.6328125      0.0000234      0.5000000      0.9999999
      2.5000000      3.7304688      0.0000237      0.5000000      0.9999999
      2.5000000      3.8281250      0.0000246      0.5000000      0.9999999
      2.5000000      3.9257812      0.0000237      0.5000000      0.9999999
      2.5000000      4.0234375      0.0000241      0.5000000      0.9999999
      2.5000000      4.1210938      0.0000244      0.5000000      0.9999999
      2.5000000      4.2187500      0.0000230      0.5000000      0.9999999
      2.5000000      4.3164062      0.0000236      0.5000000      0.9999999
      2.5000000      4.4140625      0.0000231      0.5000000      0.9999999
      2.5000000      4.5117188      0.0000218      0.5000000      0.9999999
      2.5000000      4.6093750      0.0000228      0.5000000      0.9999999
      2.5000000      4.7070312      0.0000217      0.5000000      0.9999999
      2.5000000      4.8046875      0.0000215      0.5000000      0.9999999
      2.5000000      4.9023438      0.0000221      0.5000000      0.9999999
      2.5000000      5.0000000      0.0000209      0.5000000      0.9999999
      2.5000000      5.0976562      0.0000221      0.5000000      0.9999999
      2.5000000      5.1953125      0.0000217      0.5000000      0.9999999
      2.5000000      5.2929688      0.0000213      0.5000000      0.9999999
      2.5000000      5.3906250      0.0000222      0.5000000      0.9999999
      2.5000000      5.4882812      0.0000204      0.5000000      0.9999999
      2.5000000      5.5859375      0.0000223      0.5000000      0.9999999
      2.5000000      5.6835938      0.0000218      0.5000000      0.9999999
      2.5000000      5.7812500      0.0000196      0.5000000      0.9999999
      2.5000000      5.8789062      0.0000229      0.5000000      0.9999999
      2.5000000      5.9765625      0.0000201      0.5000000      0.9999999
      2.5000000      6.0742188      0.0000209      0.5000000      0.9999999
      2.5000000      6.1718750      0.0000229      0.5000000      0.9999999
      2.5000000      6.2695312      0.0000176      0.5000000      0.9999999
      2.5000000      6.3671875      0.0000217      0.5000000      0.9999999
      2.5000000      6.4648438      0.0000205      0.5000000      0.9999999
      2.5000000      6.5625000      0.0000176      0.5000000      0.9999999
      2.5000000      6.6601562      0.0000214      0.5000000      0.9999999
      2.5000000      6.7578125      0.0000156      0.5000000      0.9999999
      2.5000000      6.8554688      0.0000185      0.5000000      0.9999999
      2.5000000      6.9531250      0.0000197      0.5000000      0.9999999
      2.5000000      7.0507812      0.0000148      0.5000000      0.9999999
      2.5000000      7.1484375      0.0000196      0.5000000      0.9999999
      2.5000000      7.2460938      0.0000147      0.5000000      0.9999999
      2.5000000      7.3437500      0.0000170      0.5000000      0.9999999
      2.5000000      7.4414062      0.0000189      0.5000000      0.9999999
      2.5000000      7.5390625      0.0000118      0.5000000      0.9999999
      2.5000000      7.6367188      0.0000184      0.5000000      0.9999999
      2.5000000      7.7343750      0.0000139      0.5000000      0.9999999
      2.5000000      7.8320312      0.0000150      0.5000000      0.9999999
      2.5000000      7.9296875      0.0000181      0.5000000      0.9999999
      2.5000000      8.0273438      0.0000080      0.5000000      0.9999999
      2.5000000      8.1250000      0.0000167      0.5000000      0.9999999
      2.5000000      8.2226562      0.0000129      0.5000000      0.9999999
      2.5000000      8.3203125      0.0000119      0.5000000      0.9999999
      2.5000000      8.4179688      0.0000177      0.5000000      0.9999999
      2.5000000      8.5156250      0.0000058      0.5000000      0.9999999
      2.5000000      8.6132812      0.0000164      0.5000000      0.9999999
      2.5000000      8.7109375      0.0000129      0.5000000      0.9999999
      2.5000000      8.8085938      0.0000099      0.5000000      0.9999999
      2.5000000      8.9062500      0.0000164      0.5000000      0.9999999
      2.5000000      9.0039062      0.0000028      0.5000000      0.9999999
      2.5000000      9.1015625      0.0000143      0.5000000      0.9999999
      2.5000000      9.1992188      0.0000129      0.5000000      0.9999999
      2.5000000      9.2968750      0.0000087      0.5000000      0.9999999
      2.5000000      9.3945312      0.0000152      0.5000000      0.9999999
      2.5000000      9.4921875      0.0000017      0.5000000      0.9999999
      2.5000000      9.5898438      0.0000129      0.5000000      0.9999999
      2.5000000      9.6875000      0.0000116      0.5000000      0.9999999
      2.5000000      9.7851562      0.0000087      0.5000000      0.9999999
      2.5000000      9.8828125      0.0000126      0.5000000      0.9999999
      2.5000000      9.9804688      0.0000022      0.5000000      0.9999999
      2.5000000     10.0781250      0.0000128      0.5000000      0.9999999
      2.5000000     10.1757812      0.0000101      0.5000000      0.9999999
      2.5000000     10.2734375      0.0000092      0.5000000      0.9999999
      2.5000000     10.3710938      0.0000101      0.5000000      0.9999999
      2.5000000     10.4687500      0.0000027      0.5000000      0.9999999
      2.5000000     10.5664062      0.0000120      0.5000000      0.9999999
      2.5000000     10.6640625      0.0000075      0.5000000      0.9999999
      2.5000000     10.7617188      0.0000090      0.5000000      0.9999999
      2.5000000     10.8593750      0.0000080      0.5000000      0.9999999
      2.5000000     10.9570312      0.0000024      0.5000000      0.9999999
      2.5000000     11.0546875      0.0000119      0.5000000      0.9999999
      2.5000000     11.1523438      0.0000059      0.5000000      0.9999999
      2.5000000     11.2500000      0.0000088      0.5000000      0.9999999
      2.5000000     11.3476562      0.0000063      0.5000000      0.9999999
      2.5000000     11.4453125      0.0000028      0.5000000      0.9999999
      2.5000000     11.5429688      0.0000106      0.5000000      0.9999999
      2.5000000     11.6406250      0.0000034      0.5000000      0.9999999
      2.5000000     11.7382812      0.0000093      0.5000000      0.9999999
      2.5000000     11.8359375      0.0000041      0.5000000      0.9999999
      2.5000000     11.9335938      0.0000022      0.5000000      0.9999999
      2.5000000     12.0312500      0.0000106      0.5000000      0.9999999
      2.5000000     12.1289062      0.0000023      0.5000000      0.9999999
      2.5000000     12.2265625      0.0000086      0.5000000      0.9999999
      2.5000000     12.3242188      0.0000036      0.5000000      0.9999999
      2.5000000     12.4218750      0.0000017      0.5000000      0.9999999
      2.5000000     12.5195312      0.0000093      0.5000000      0.9999999
      2.5000000     12.6171875      0.0000017      0.5000000      0.9999999
      2.5000000     12.7148438      0.0000073      0.5000000      0.9999999
      2.5000000     12.8125000      0.0000038      0.5000000      0.9999999
      2.5000000     12.9101562      0.0000019      0.5000000      0.9999999
      2.5000000     13.0078125      0.0000072      0.5000000      0.9999999
      2.5000000     13.1054688      0.0000047      0.5000000      0.9999999
      2.5000000     13.2031250      0.0000082      0.5000000      0.9999999
      2.5000000     13.3007812      0.0000025      0.5000000      0.9999999
      2.5000000     13.3984375      0.0000015      0.5000000      0.9999999
      2.5000000     13.4960938      0.0000088      0.5000000      0.9999999
      2.5000000     13.5937500      0.0000030      0.5000000      0.9999999
      2.5000000     13.6914062      0.0000038      0.5000000      0.9999999
      2.5000000     13.7890625      0.0000067      0.5000000      0.9999999
      2.5000000     13.8867188      0.0000025      0.5000000      0.9999999
      2.5000000     13.9843750      0.0000039      0.5000000      0.9999999
      2.5000000     14.0820312      0.0000064      0.5000000      0.9999999
      2.5000000     14.1796875      0.0000079      0.5000000      0.9999999
      2.5000000     14.2773438      0.0000043      0.5000000      0.9999999
      2.5000000     14.3750000      0.0000026      0.5000000      0.9999999
      2.5000000     14.4726562      0.0000083      0.5000000      0.9999999
      2.5000000     14.5703125      0.0000067      0.5000000      0.9999999
      2.5000000     14.6679688      0.0000047      0.5000000      0.9999999
      2.5000000     14.7656250      0.0000044      0.5000000      0.9999999
      2.5000000     14.8632812      0.0000055      0.5000000      0.9999999
      2.5000000     14.9609375      0.0000059      0.5000000      0.9999999
      2.5000000     15.0585938      0.0000019      0.5000000      0.9999999
      2.5000000     15.1562500      0.0000068      0.5000000      0.9999999
      2.5000000     15.2539062      0.0000087      0.5000000      0.9999999
      2.5000000     15.3515625      0.0000046      0.5000000      0.9999999
      2.5000000     15.4492188      0.0000060      0.5000000      0.9999999
      2.5000000     15.5468750      0.0000117      0.5000000      0.9999999
      2.5000000     15.6445312      0.0000107      0.5000000      0.9999999
      2.5000000     15.7421875      0.0000057      0.5000000      0.9999999
      2.5000000     15.8398438      0.0000073      0.5000000      0.9999999
      2.5000000     15.9375000      0.0000096      0.5000000      0.9999999
      2.5000000     16.0351562      0.0000069      0.5000000      0.9999999
      2.5000000     16.1328125      0.0000025      0.5000000      0.9999999
      2.5000000     16.2304688      0.0000083      0.5000000      0.9999999
      2.5000000     16.3281250      0.0000091      0.5000000      0.9999999
      2.5000000     16.4257812      0.0000077      0.5000000      0.9999999
      2.5000000     16.5234375      0.0000113      0.5000000      0.9999999
      2.5000000     16.6210938      0.0000159      0.5000000      0.9999999
      2.5000000     16.7187500      0.0000165      0.5000000      0.9999999
      2.5000000     16.8164062      0.0000125      0.5000000      0.9999999
      2.5000000     16.9140625      0.0000121      0.5000000      0.9999999
      2.5000000     17.0117188      0.0000141      0.5000000      0.9999999
      2.5000000     17.1093750      0.0000106      0.5000000      0.9999999
      2.5000000     17.2070312      0.0000041      0.5000000      0.9999999
      2.5000000     17.3046875      0.0000071      0.5000000      0.9999999
      2.5000000     17.4023438      0.0000101      0.5000000      0.9999999
      2.5000000     17.5000000      0.0000104      0.5000000      0.9999999
      2.5000000     17.5976562      0.0000149      0.5000000      0.9999999
      2.5000000     17.6953125      0.0000206      0.5000000      0.9999999
      2.5000000     17.7929688      0.0000224      0.5000000      0.9999999
      2.5000000     17.8906250      0.0000206      0.5000000      0.9999999
      2.5000000     17.9882812      0.0000193      0.5000000      0.9999999
      2.5000000     18.0859375      0.0000190      0.5000000      0.9999999
      2.5000000     18.1835938      0.0000157      0.5000000      0.9999999
      2.5000000     18.2812500      0.0000088      0.5000000      0.9999999
      2.5000000     18.3789062      0.0000042      0.5000000      0.9999999
      2.5000000     18.4765625      0.0000078      0.5000000      0.9999999
      2.5000000     18.5742188      0.0000112      0.5000000      0.9999999
      2.5000000     18.6718750      0.0000164      0.5000000      0.9999999
      2.5000000     18.7695312      0.0000226      0.5000000      0.9999999
      2.5000000     18.8671875      0.0000263      0.5000000      0.9999999
      2.5000000     18.9648438      0.0000268      0.5000000      0.9999999
      2.5000000     19.0625000      0.0000258      0.5000000      0.9999999
      2.5000000     19.1601562      0.0000243      0.5000000      0.9999999
      2.5000000     19.2578125      0.0000208      0.5000000      0.9999999
      2.5000000     19.3554688      0.0000143      0.5000000      0.9999999
      2.5000000     19.4531250      0.0000067      0.5000000      0.9999999
      2.5000000     19.5507812      0.0000019      0.5000000      0.9999999
      2.5000000     19.6484375      0.0000080      0.5000000      0.9999999
      2.5000000     19.7460938      0.0000148      0.5000000      0.9999999
      2.5000000     19.8437500      0.0000215      0.5000000      0.9999999
      2.5000000     19.9414062      0.0000260      0.5000000      0.9999999


      3.0000000    -20.0000000      0.0000000      0.0000000      0.9999999
      3.0000000    -19.9023438      0.0000160      0.0000000      0.9999999
      3.0000000    -19.8046875      0.0000231      0.0000000      0.9999999
      3.0000000    -19.7070312      0.0000443      0.0000000      0.9999999
      3.0000000    -19.6093750      0.0000627      0.0000000      0.9999999
      3.0000000    -19.5117188      0.0000786      0.0000000      0.9999999
      3.0000000    -19.4140625      0.0001233      0.0000000      0.9999999
      3.0000000    -19.3164062      0.0001257      0.0000000      0.9999999
      3.0000000    -19.2187500      0.0001551      0.0000000      0.9999999
      3.0000000    -19.1210938      0.0001709      0.0000000      0.9999999
      3.0000000    -19.0234375      0.0001811      0.0000000      0.9999999
      3.0000000    -18.9257812      0.0002044      0.0000000      0.9999999
      3.0000000    -18.8281250      0.0002409      0.0000000      0.9999999
      3.0000000    -18.7304688      0.0002556      0.0000000      0.9999999
      3.0000000    -18.6328125      0.0003262      0.0000000      0.9999999
      3.0000000    -18.5351562      0.0003422      0.0000000      0.9999999
      3.0000000    -18.4375000      0.0004015      0.0000000      0.9999999
      3.0000000    -18.3398438      0.0004333      0.0000000      0.9999999
      3.0000000    -18.2421875      0.0004783      0.0000000      0.9999999
      3.0000000    -18.1445312      0.0005190      0.0000000      0.9999999
      3.0000000    -18.0468750      0.0005903      0.0000000      0.9999999
      3.0000000    -17.9492188      0.0006418      0.0000000      0.9999999
      3.0000000    -17.8515625      0.0007372      0.0000000      0.9999999
      3.0000000    -17.7539062      0.0008183      0.0000000      0.9999999
      3.0000000    -17.6562500      0.0009006      0.0000000      0.9999999
      3.0000000    -17.5585938      0.0010172      0.0000000      0.9999999
      3.0000000    -17.4609375      0.0010899      0.0000000      0.9999999
      3.0000000    -17.3632812      0.0012369      0.0000000      0.9999999
      3.0000000    -17.2656250      0.0013342      0.0000000      0.9999999
      3.0000000    -17.1679688      0.0015166      0.0000000      0.9999999
      3.0000000    -17.0703125      0.0016508      0.0000000      0.9999999
      3.0000000    -16.9726562      0.0018684      0.0000000      0.9999999
      3.0000000    -16.8750000      0.0020398      0.0000000      0.9999999
      3.0000000    -16.7773438      0.0022698      0.0000000      0.9999999
      3.0000000    -16.6796875      0.0025023      0.0000000      0.9999999
      3.0000000    -16.5820312      0.0027329      0.0000000      0.9999999
      3.0000000    -16.4843750      0.0030599      0.0000000      0.9999999
      3.0000000    -16.3867188      0.0033236      0.0000000      0.9999999
      3.0000000    -16.2890625      0.0037351      0.0000000      0.9999999
      3.0000000    -16.1914062      0.0040772      0.0000000      0.9999999
      3.0000000    -16.0937500      0.0045182      0.0000000      0.9999999
      3.0000000    -15.9960938      0.0049655      0.0000000      0.9999999
      3.0000000    -15.8984375      0.0054245      0.0000000      0.9999999
      3.0000000    -15.8007812      0.0059932      0.0000000      0.9999999
      3.0000000    -15.7031250      0.0065409      0.0000000      0.9999999
      3.0000000    -15.6054688      0.0072216      0.0000000      0.9999999
      3.0000000    -15.5078125      0.0079127      0.0000000      0.9999999
      3.0000000    -15.4101562      0.0086733      0.0000000      0.9999999
      3.0000000    -15.3125000      0.0094954      0.0000000      0.9999999
      3.0000000    -15.2148438      0.0103606      0.0000000      0.9999999
      3.0000000    -15.1171875      0.0113176      0.0000000      0.9999999
      3.0000000    -15.0195312      0.0123556      0.0000000      0.9999999
      3.0000000    -14.9218750      0.0134823      0.0000000      0.9999999
      3.0000000    -14.8242188      0.0146919      0.0000000      0.9999999
      3.0000000    -14.7265625      0.0159983      0.0000000      0.9999999
      3.0000000    -14.6289062      0.0173623      0.0000000      0.9999999
      3.0000000    -14.5312500      0.0188627      0.0000000      0.9999999
      3.0000000    -14.4335938      0.0204557      0.0000000      0.9999999
      3.0000000    -14.3359375      0.0221770      0.0000000      0.9999999
      3.0000000    -14.2382812      0.0240507      0.0000000      0.9999999
      3.0000000    -14.1406250      0.0259945      0.0000000      0.9999999
      3.0000000    -14.0429688      0.0280980      0.0000000      0.9999999
      3.0000000    -13.9453125      0.0302921      0.0000000      0.9999999
      3.0000000    -13.8476562      0.0326172      0.0000000      0.9999999
      3.0000000    -13.7500000      0.0351250      0.0000000      0.9999999
      3.0000000    -13.6523438      0.0377540      0.0000000      0.9999999
      3.0000000    -13.5546875      0.0405872      0.0000000      0.9999999
      3.0000000    -13.4570312      0.0435725      0.0000000      0.9999999
      3.0000000    -13.3593750      0.0467112      0.0000000      0.9999999
      3.0000000    -13.2617188      0.0500374      0.0000000      0.9999999
      3.0000000    -13.1640625      0.0534988      0.0000000      0.9999999
      3.0000000    -13.0664062      0.0571407      0.0000000      0.9999999
      3.0000000    -12.9687500      0.0609498      0.0000000      0.9999999
      3.0000000    -12.8710938      0.0649246      0.0000000      0.9999999
      3.0000000    -12.7734375      0.0691013      0.0000000      0.9999999
      3.0000000    -12.6757812      0.0734687      0.0000000      0.9999999
      3.0000000    -12.5781250      0.0780485      0.0000000      0.9999999
      3.0000000    -12.4804688      0.0828442      0.0000000      0.9999999
      3.0000000    -12.3828125      0.0878424      0.0000000      0.9999999
      3.0000000    -12.2851562      0.0930432      0.0000000      0.9999999
      3.0000000    -12.1875000      0.0984329      0.0000000      0.9999999
      3.0000000    -12.0898438      0.1040029      0.0000000      0.9999999
      3.0000000    -11.9921875      0.1097562      0.0000000      0.9999999
      3.0000000    -11.8945312      0.1156922      0.0000000      0.9999999
      3.0000000    -11.7968750      0.1218194      0.0000000      0.9999999
      3.0000000    -11.6992188      0.1281492      0.0000000      0.9999999
      3.0000000    -11.6015625      0.1346853      0.0000000      0.9999999
      3.0000000    -11.5039062      0.1414350      0.0000000      0.9999999
      3.0000000    -11.4062500      0.1483927      0.0000000      0.9999999
      3.0000000    -11.3085938      0.1555502      0.0000000      0.9999999
      3.0000000    -11.2109375      0.1628930      0.0000000      0.9999999
      3.0000000    -11.1132812      0.1704018      0.0000000      0.9999999
      3.0000000    -11.0156250      0.1780608      0.0000000      0.9999999
      3.0000000    -10.9179688      0.1858497      0.0000000      0.9999999
      3.0000000    -10.8203125      0.1937592      0.0000000      0.9999999
      3.0000000    -10.7226562      0.2017758      0.0000000      0.9999999
      3.0000000    -10.6250000      0.2098948      0.0000000      0.9999999
      3.0000000    -10.5273438      0.2181112      0.0000000      0.9999999
      3.0000000    -10.4296875      0.2264156      0.0000000      0.9999999
      3.0000000    -10.3320312      0.2348054      0.0000000      0.9999999
      3.0000000    -10.2343750      0.2432608      0.0000000      0.9999999
      3.0000000    -10.1367188      0.2517711      0.0000000      0.9999999
      3.0000000    -10.0390625      0.2603111      0.0000000      0.9999999
      3.0000000     -9.9414062      0.2688552      0.0000000      0.9999999
      3.0000000     -9.8437500      0.2773824      0.0000000      0.9999999
      3.0000000     -9.7460938      0.2858569      0.0000000      0.9999999
      3.0000000     -9.6484375      0.2942647      0.0000000      0.9999999
      3.0000000     -9.5507812      0.3025754      0.0000000      0.9999999
      3.0000000     -9.4531250      0.3107751      0.0000000      0.9999999
      3.0000000     -9.3554688      0.3188514      0.0000000      0.9999999
      3.0000000     -9.2578125      0.3267841      0.0000000      0.9999999
      3.0000000     -9.1601562      0.3345746      0.0000000      0.9999999
      3.0000000     -9.0625000      0.3422002      0.0000000      0.9999999
      3.0000000     -8.9648438      0.3496573      0.0000000      0.9999999
      3.0000000     -8.8671875      0.3569283      0.0000000      0.9999999
      3.0000000     -8.7695312      0.3639910      0.0000000      0.9999999
      3.0000000     -8.6718750      0.3708329      0.0000000      0.9999999
      3.0000000     -8.5742188      0.3774173      0.0000000      0.9999999
      3.0000000     -8.4765625      0.3837279      0.0000000      0.9999999
      3.0000000     -8.3789062      0.3897301      0.0000000      0.9999999
      3.0000000     -8.2812500      0.3953982      0.0000000      0.9999999
      3.0000000     -8.1835938      0.4007108      0.0000000      0.9999999
      3.0000000     -8.0859375      0.4056394      0.0000000      0.9999999
      3.0000000     -7.9882812      0.4101746      0.0000000      0.9999999
      3.0000000     -7.8906250      0.4142968      0.0000000      0.9999999
      3.0000000     -7.7929688      0.4180026      0.0000000      0.9999999
      3.0000000     -7.6953125      0.4212855      0.0000000      0.9999999
      3.0000000     -7.5976562      0.4241442      0.0000000      0.9999999
      3.0000000     -7.5000000      0.4265802      0.0000000      0.9999999
      3.0000000     -7.4023438      0.4285918      0.0000000      0.9999999
      3.0000000     -7.3046875      0.4301823      0.0000000      0.9999999
      3.0000000     -7.2070312      0.4313453      0.0000000      0.9999999
      3.0000000     -7.1093750      0.4320834      0.0000000      0.9999999
      3.0000000     -7.0117188      0.4323862      0.0000000      0.9999999
      3.0000000     -6.9140625      0.4322519      0.0000000      0.9999999
      3.0000000     -6.8164062      0.4316742      0.0000000      0.9999999
      3.0000000     -6.7187500      0.4306460      0.0000000      0.9999999
      3.0000000     -6.6210938      0.4291705      0.0000000      0.9999999
      3.0000000     -6.5234375      0.4272406      0.0000000      0.9999999
      3.0000000     -6.4257812      0.4248671      0.0000000      0.9999999
      3.0000000     -6.3281250      0.4220505      0.0000000      0.9999999
      3.0000000     -6.2304688      0.4188029      0.0000000      0.9999999
      3.0000000     -6.1328125      0.4151359      0.0000000      0.9999999
      3.0000000     -6.0351562      0.4110578      0.0000000      0.9999999
      3.0000000     -5.9375000      0.4065892      0.0000000      0.9999999
      3.0000000     -5.8398438      0.4017366      0.0000000      0.9999999
      3.0000000     -5.7421875      0.3965206      0.0000000      0.9999999
      3.0000000     -5.6445312      0.3909557      0.0000000      0.9999999
      3.0000000     -5.5468750      0.3850555      0.0000000      0.9999999
      3.0000000     -5.4492188      0.3788451      0.0000000      0.9999999
      3.0000000     -5.3515625      0.3723377      0.0000000      0.9999999
      3.0000000     -5.2539062      0.3655578      0.0000000      0.9999999
      3.0000000     -5.1562500      0.3585289      0.0000000      0.9999999
      3.0000000     -5.0585938      0.3512684      0.0000000      0.9999999
      3.0000000     -4.9609375      0.3438074      0.0000000      0.9999999
      3.0000000     -4.8632812      0.3361614      0.0000000      0.9999999
      3.0000000     -4.7656250      0.3283607      0.0000000      0.9999999
      3.0000000     -4.6679688      0.3204215      0.0000000      0.9999999
      3.0000000     -4.5703125      0.3123715      0.0000000      0.9999999
      3.0000000     -4.4726562      0.3042266      0.0000000      0.9999999
      3.0000000     -4.3750000      0.2960096      0.0000000      0.9999999
      3.0000000     -4.2773438      0.2877410      0.0000000      0.9999999
      3.0000000     -4.1796875      0.2794308      0.0000000      0.9999999
      3.0000000     -4.0820312      0.2711094      0.0000000      0.9999999
      3.0000000     -3.9843750      0.2627703      0.0000000      0.9999999
      3.0000000     -3.8867188      0.2544478      0.0000000      0.9999999
      3.0000000     -3.7890625      0.2461255      0.0000000      0.9999999
      3.0000000     -3.6914062      0.2378294      0.0000000      0.9999999
      3.0000000     -3.5937500      0.2295437      0.0000000      0.9999999
      3.0000000     -3.4960938      0.2212803      0.0000000      0.9999999
      3.0000000     -3.3984375      0.2130322      0.0000000      0.9999999
      3.0000000     -3.3007812      0.2048008      0.0000000      0.9999999
      3.0000000     -3.2031250      0.1965930      0.0000000      0.9999999
      3.0000000     -3.1054688      0.1884076      0.0000000      0.9999999
      3.0000000     -3.0078125      0.1802680      0.0000000      0.9999999
      3.0000000     -2.9101562      0.1721787      0.0000000      0.9999999
      3.0000000     -2.8125000      0.1641815      0.0000000      0.9999999
      3.0000000     -2.7148438      0.1562937      0.0000000      0.9999999
      3.0000000     -2.6171875      0.1485759      0.0000000      0.9999999
      3.0000000     -2.5195312      0.1410628      0.0000000      0.9999999
      3.0000000     -2.4218750      0.1338299      0.0000000      0.9999999
      3.0000000     -2.3242188      0.1269260      0.0000000      0.9999999
      3.0000000     -2.2265625      0.1204288      0.0000000      0.9999999
      3.0000000     -2.1289062      0.1143840      0.0000000      0.9999999
      3.0000000     -2.0312500      0.1088485      0.0000000      0.9999999
      3.0000000     -1.9335938      0.1038358      0.0000000      0.9999999
      3.0000000     -1.8359375      0.0993546      0.0000000      0.9999999
      3.0000000     -1.7382812      0.0953597      0.0000000      0.9999999
      3.0000000     -1.6406250      0.0917971      0.0000000      0.9999999
      3.0000000     -1.5429688      0.0885601      0.0000000      0.9999999
      3.0000000     -1.4453125      0.0855420      0.0000000      0.9999999
      3.0000000     -1.3476562      0.0826027      0.0000000      0.9999999
      3.0000000     -1.2500000      0.0796141      0.0000000      0.9999999
      3.0000000     -1.1523438      0.0764405      0.0000000      0.9999999
      3.0000000     -1.0546875      0.0729694      0.0000000      0.9999999
      3.0000000     -0.9570312      0.0690966      0.0000000      0.9999999
      3.0000000     -0.8593750      0.0647509      0.0000000      0.9999999
      3.0000000     -0.7617188      0.0598746      0.0000000      0.9999999
      3.0000000     -0.6640625      0.0544465      0.0000000      0.9999999
      3.0000000     -0.5664062      0.0484615      0.0000000      0.9999999
      3.0000000     -0.4687500      0.0419451      0.0000000      0.9999999
      3.0000000     -0.3710938      0.0349404      0.0000000      0.9999999
      3.0000000     -0.2734375      0.0275130      0.0000000      0.9999999
      3.0000000     -0.1757812      0.0197405      0.0000000      0.9999999
      3.0000000     -0.0781250      0.0117175      0.0000000      0.9999999
      3.0000000      0.0195312      0.0039396      0.5000000      0.9999999
      3.0000000      0.1171875      0.0009963      0.5000000      0.9999999
      3.0000000      0.2148438      0.0002544      0.5000000      0.9999999
      3.0000000      0.3125000      0.0000689      0.5000000      0.9999999
      3.0000000      0.4101562      0.0000228      0.5000000      0.9999999
      3.0000000      0.5078125      0.0000082      0.5000000      0.9999999
      3.0000000      0.6054688      0.0000115      0.5000000      0.9999999
      3.0000000      0.7031250      0.0000038      0.5000000      0.9999999
      3.0000000      0.8007812      0.0000089      0.5000000      0.9999999
      3.0000000      0.8984375      0.0000114      0.5000000      0.9999999
      3.0000000      0.9960938      0.0000009      0.5000000      0.9999999
      3.0000000      1.0937500      0.0000140      0.5000000      0.9999999
      3.0000000      1.1914062      0.0000097      0.5000000      0.9999999
      3.0000000      1.2890625      0.0000077      0.5000000      0.9999999
      3.0000000      1.3867188      0.0000163      0.5000000      0.9999999
      3.0000000      1.4843750      0.0000061      0.5000000      0.9999999
      3.0000000      1.5820312      0.0000140      0.5000000      0.9999999
      3.0000000      1.6796875      0.0000147      0.5000000      0.9999999
      3.0000000      1.7773438      0.0000072      0.5000000      0.9999999
      3.0000000      1.8750000      0.0000175      0.5000000      0.9999999
      3.0000000      1.9726562      0.0000114      0.5000000      0.9999999
      3.0000000      2.0703125      0.0000133      0.5000000      0.9999999
      3.0000000      2.1679688      0.0000181      0.5000000      0.9999999
      3.0000000      2.2656250      0.0000103      0.5000000      0.9999999
      3.0000000      2.3632812      0.0000186      0.5000000      0.9999999
      3.0000000      2.4609375      0.0000161      0.5000000      0.9999999
      3.0000000      2.5585938      0.0000146      0.5000000      0.9999999
      3.0000000      2.6562500      0.0000207      0.5000000      0.9999999
      3.0000000      2.7539062      0.0000140      0.5000000      0.9999999
      3.0000000      2.8515625      0.0000198      0.5000000      0.9999999
      3.0000000      2.9492188      0.0000197      0.5000000      0.9999999
      3.0000000      3.0468750      0.0000157      0.5000000      0.9999999
      3.0000000      3.1445312      0.0000222      0.5000000      0.9999999
      3.0000000      3.2421875      0.0000166      0.5000000      0.9999999
      3.0000000      3.3398438      0.0000195      0.5000000      0.9999999
      3.0000000      3.4375000      0.0000212      0.5000000      0.9999999
      3.0000000      3.5351562      0.0000161      0.5000000      0.9999999
      3.0000000      3.6328125      0.0000224      0.5000000      0.9999999
      3.0000000      3.7304688      0.0000187      0.5000000      0.9999999
      3.0000000      3.8281250      0.0000201      0.5000000      0.9999999
      3.0000000      3.9257812      0.0000231      0.5000000      0.9999999
      3.0000000      4.0234375      0.0000188      0.5000000      0.9999999
      3.0000000      4.1210938      0.0000242      0.5000000      0.9999999
      3.0000000      4.2187500      0.0000222      0.5000000      0.9999999
      3.0000000      4.3164062      0.0000223      0.5000000      0.9999999
      3.0000000      4.4140625      0.0000247      0.5000000      0.9999999
      3.0000000      4.5117188      0.0000203      0.5000000      0.9999999
      3.0000000      4.6093750      0.0000231      0.5000000      0.9999999
      3.0000000      4.7070312      0.0000211      0.5000000      0.9999999
      3.0000000      4.8046875      0.0000201      0.5000000      0.9999999
      3.0000000      4.9023438      0.0000215      0.5000000      0.9999999
      3.0000000      5.0000000      0.0000181      0.5000000      0.9999999
      3.0000000      5.0976562      0.0000203      0.5000000      0.9999999
      3.0000000      5.1953125      0.0000194      0.5000000      0.9999999
      3.0000000      5.2929688      0.0000205      0.5000000      0.9999999
      3.0000000      5.3906250      0.0000230      0.5000000      0.9999999
      3.0000000      5.4882812      0.0000223      0.5000000      0.9999999
      3.0000000      5.5859375      0.0000247      0.5000000      0.9999999
      3.0000000      5.6835938      0.0000243      0.5000000      0.9999999
      3.0000000      5.7812500      0.0000241      0.5000000      0.9999999
      3.0000000      5.8789062      0.0000247      0.5000000      0.9999999
      3.0000000      5.9765625      0.0000228      0.5000000      0.9999999
      3.0000000      6.0742188      0.0000223      0.5000000      0.9999999
      3.0000000      6.1718750      0.0000203      0.5000000      0.9999999
      3.0000000      6.2695312      0.0000175      0.5000000      0.9999999
      3.0000000      6.3671875      0.0000163      0.5000000      0.9999999
      3.0000000      6.4648438      0.0000148      0.5000000      0.9999999
      3.0000000      6.5625000      0.0000159      0.5000000      0.9999999
      3.0000000      6.6601562      0.0000173      0.5000000      0.9999999
      3.0000000      6.7578125      0.0000192      0.5000000      0.9999999
      3.0000000      6.8554688      0.0000216      0.5000000      0.9999999
      3.0000000      6.9531250      0.0000232      0.5000000      0.9999999
      3.0000000      7.0507812      0.0000255      0.5000000      0.9999999
      3.0000000      7.1484375      0.0000266      0.5000000      0.9999999
      3.0000000      7.2460938      0.0000262      0.5000000      0.9999999
      3.0000000      7.3437500      0.0000252      0.5000000      0.9999999
      3.0000000      7.4414062      0.0000228      0.5000000      0.9999999
      3.0000000      7.5390625      0.0000203      0.5000000      0.9999999
      3.0000000      7.6367188      0.0000168      0.5000000      0.9999999
      3.0000000      7.7343750      0.0000124      0.5000000      0.9999999
      3.0000000      7.8320312      0.0000092      0.5000000      0.9999999
      3.0000000      7.9296875      0.0000081      0.5000000      0.9999999
      3.0000000      8.0273438      0.0000108      0.5000000      0.9999999
      3.0000000      8.1250000      0.0000145      0.5000000      0.9999999
      3.0000000      8.2226562      0.0000182      0.5000000      0.9999999
      3.0000000      8.3203125      0.0000212      0.5000000      0.9999999
      3.0000000      8.4179688      0.0000237      0.5000000      0.9999999
      3.0000000      8.5156250      0.0000257      0.5000000      0.9999999
      3.0000000      8.6132812      0.0000257      0.5000000      0.9999999
      3.0000000      8.7109375      0.0000243      0.5000000      0.9999999
      3.0000000      8.8085938      0.0000224      0.5000000      0.9999999
      3.0000000      8.9062500      0.0000197      0.5000000      0.9999999
      3.0000000      9.0039062      0.0000157      0.5000000      0.9999999
      3.0000000      9.1015625      0.0000107      0.5000000      0.9999999
      3.0000000      9.1992188      0.0000060      0.5000000      0.9999999
      3.0000000      9.2968750      0.0000019      0.5000000      0.9999999
      3.0000000      9.3945312      0.0000041      0.5000000      0.9999999
      3.0000000      9.4921875      0.0000093      0.5000000      0.9999999
      3.0000000      9.5898438      0.0000134      0.5000000      0.9999999
      3.0000000      9.6875000      0.0000165      0.5000000      0.9999999
      3.0000000      9.7851562      0.0000195      0.5000000      0.9999999
      3.0000000      9.8828125      0.0000220      0.5000000      0.9999999
      3.0000000      9.9804688      0.0000229      0.5000000      0.9999999
      3.0000000     10.0781250      0.0000223      0.5000000      0.9999999
      3.0000000     10.1757812      0.0000218      0.5000000      0.9999999
      3.0000000     10.2734375      0.0000207      0.5000000      0.9999999
      3.0000000     10.3710938      0.0000178      0.5000000      0.9999999
      3.0000000     10.4687500      0.0000140      0.5000000      0.9999999
      3.0000000     10.5664062      0.0000112      0.5000000      0.9999999
      3.0000000     10.6640625      0.0000083      0.5000000      0.9999999
      3.0000000     10.7617188      0.0000052      0.5000000      0.9999999
      3.0000000     10.8593750      0.0000074      0.5000000      0.9999999
      3.0000000     10.9570312      0.0000109      0.5000000      0.9999999
      3.0000000     11.0546875      0.0000131      0.5000000      0.9999999
      3.0000000     11.1523438      0.0000162      0.5000000      0.9999999
      3.0000000     11.2500000      0.0000198      0.5000000      0.9999999
      3.0000000     11.3476562      0.0000211      0.5000000      0.9999999
      3.0000000     11.4453125      0.0000200      0.5000000      0.9999999
      3.0000000     11.5429688      0.0000196      0.5000000      0.9999999
      3.0000000     11.6406250      0.0000196      0.5000000      0.9999999
      3.0000000     11.7382812      0.0000170      0.5000000      0.9999999
      3.0000000     11.8359375      0.0000123      0.5000000      0.9999999
      3.0000000     11.9335938      0.0000097      0.5000000      0.9999999
      3.0000000     12.0312500      0.0000087      0.5000000      0.9999999
      3.0000000     12.1289062      0.0000055      0.5000000      0.9999999
      3.0000000     12.2265625      0.0000064      0.5000000      0.9999999
      3.0000000     12.3242188      0.0000112      0.5000000      0.9999999
      3.0000000     12.4218750      0.0000124      0.5000000      0.9999999
      3.0000000     12.5195312      0.0000120      0.5000000      0.9999999
      3.0000000     12.6171875      0.0000148      0.5000000      0.9999999
      3.0000000     12.7148438      0.0000173      0.5000000      0.9999999
      3.0000000     12.8125000      0.0000154      0.5000000      0.9999999
      3.0000000     12.9101562      0.0000117      0.5000000      0.9999999
      3.0000000     13.0078125      0.0000122      0.5000000      0.9999999
      3.0000000     13.1054688      0.0000130      0.5000000      0.9999999
      3.0000000     13.2031250      0.0000090      0.5000000      0.9999999
      3.0000000     13.3007812      0.0000046      0.5000000      0.9999999
      3.0000000     13.3984375      0.0000075      0.5000000      0.9999999
      3.0000000     13.4960938      0.0000080      0.5000000      0.9999999
      3.0000000     13.5937500      0.0000042      0.5000000      0.9999999
      3.0000000     13.6914062      0.0000069      0.5000000      0.9999999
      3.0000000     13.7890625      0.0000112      0.5000000      0.9999999
      3.0000000     13.8867188      0.0000095      0.5000000      0.9999999
      3.0000000     13.9843750      0.0000056      0.5000000      0.9999999
      3.0000000     14.0820312      0.0000082      0.5000000      0.9999999
      3.0000000     14.1796875      0.0000116      0.5000000      0.9999999
      3.0000000     14.2773438      0.0000091      0.5000000      0.9999999
      3.0000000     14.3750000      0.0000037      0.5000000      0.9999999
      3.0000000     14.4726562      0.0000075      0.5000000      0.9999999
      3.0000000     14.5703125      0.0000086      0.5000000      0.9999999
      3.0000000     14.6679688      0.0000057      0.5000000      0.9999999
      3.0000000     14.7656250      0.0000007      0.5000000      0.9999999
      3.0000000     14.8632812      0.0000071      0.5000000      0.9999999
      3.0000000     14.9609375      0.0000075      0.5000000      0.9999999
      3.0000000     15.0585938      0.0000019      0.5000000      0.9999999
      3.0000000     15.1562500      0.0000042      0.5000000      0.9999999
      3.0000000     15.2539062      0.0000076      0.5000000      0.9999999
      3.0000000     15.3515625      0.0000075      0.5000000      0.9999999
      3.0000000     15.4492188      0.0000020      0.5000000      0.9999999
      3.0000000     15.5468750      0.0000057      0.5000000      0.9999999
      3.0000000     15.6445312      0.0000085      0.5000000      0.9999999
      3.0000000     15.7421875      0.0000063      0.5000000      0.9999999
      3.0000000     15.8398438      0.0000035      0.5000000      0.9999999
      3.0000000     15.9375000      0.0000037      0.5000000      0.9999999
      3.0000000     16.0351562      0.0000079      0.5000000      0.9999999
      3.0000000     16.1328125      0.0000053      0.5000000      0.9999999
      3.0000000     16.2304688      0.0000034      0.5000000      0.9999999
      3.0000000     16.3281250      0.0000056      0.5000000      0.9999999
      3.0000000     16.4257812      0.0000054      0.5000000      0.9999999
      3.0000000     16.5234375      0.0000055      0.5000000      0.9999999
      3.0000000     16.6210938      0.0000026      0.5000000      0.9999999
      3.0000000     16.7187500      0.0000080      0.5000000      0.9999999
      3.0000000     16.8164062      0.0000066      0.5000000      0.9999999
      3.0000000     16.9140625      0.0000046      0.5000000      0.9999999
      3.0000000     17.0117188      0.0000037      0.5000000      0.9999999
      3.0000000     17.1093750      0.0000050      0.5000000      0.9999999
      3.0000000     17.2070312      0.0000075      0.5000000      0.9999999
      3.0000000     17.3046875      0.0000036      0.5000000      0.9999999
      3.0000000     17.4023438      0.0000067      0.5000000      0.9999999
      3.0000000     17.5000000      0.0000044      0.5000000      0.9999999
      3.0000000     17.5976562      0.0000065      0.5000000      0.9999999
      3.0000000     17.6953125      0.0000049      0.5000000      0.9999999
      3.0000000     17.7929688      0.0000047      0.5000000      0.9999999
      3.0000000     17.8906250      0.0000071      0.5000000      0.9999999
      3.0000000     17.9882812      0.0000034      0.5000000      0.9999999
      3.0000000     18.0859375      0.0000066      0.5000000      0.9999999
      3.0000000     18.1835938      0.0000024      0.5000000      0.9999999
      3.0000000     18.2812500      0.0000078      0.5000000      0.9999999
      3.0000000     18.3789062      0.0000057      0.5000000      0.9999999
      3.0000000     18.4765625      0.0000051      0.5000000      0.9999999
      3.0000000     18.5742188      0.0000064      0.5000000      0.9999999
      3.0000000     18.6718750      0.0000027      0.5000000      0.9999999
      3.0000000     18.7695312      0.0000072      0.5000000      0.9999999
      3.0000000     18.8671875      0.0000018      0.5000000      0.9999999
      3.0000000     18.9648438      0.0000075      0.5000000      0.9999999
      3.0000000     19.0625000      0.0000043      0.5000000      0.9999999
      3.0000000     19.1601562      0.0000064      0.5000000      0.9999999
      3.0000000     19.2578125      0.0000064      0.5000000      0.9999999
      3.0000000     19.3554688      0.0000032      0.5000000      0.9999999
      3.0000000     19.4531250      0.0000076      0.5000000      0.9999999
      3.0000000     19.5507812      0.0000011      0.5000000      0.9999999
      3.0000000     19.6484375      0.0000072      0.5000000      0.9999999
      3.0000000     19.7460938      0.0000030      0.5000000      0.9999999
      3.0000000     19.8437500      0.0000070      0.5000000      0.9999999
      3.0000000     19.9414062      0.0000057      0.5000000      0.9999999


      3.5000000    -20.0000000      0.0000000      0.0000000      0.9999999
      3.5000000    -19.9023438      0.0000131      0.0000000      0.9999999
      3.5000000    -19.8046875      0.0000245      0.0000000      0.9999999
      3.5000000    -19.7070312      0.0000388      0.0000000      0.9999999
      3.5000000    -19.6093750      0.0000528      0.0000000      0.9999999
      3.5000000    -19.5117188      0.0000643      0.0000000      0.9999999
      3.5000000    -19.4140625      0.0000846      0.0000000      0.9999999
      3.5000000    -19.3164062      0.0000920      0.0000000      0.9999999
      3.5000000    -19.2187500      0.0001180      0.0000000      0.9999999
      3.5000000    -19.1210938      0.0001244      0.0000000      0.9999999
      3.5000000    -19.0234375      0.0001536      0.0000000      0.9999999
      3.5000000    -18.9257812      0.0001627      0.0000000      0.9999999
      3.5000000    -18.8281250      0.0001951      0.0000000      0.9999999
      3.5000000    -18.7304688      0.0002066      0.0000000      0.9999999
      3.5000000    -18.6328125      0.0002461      0.0000000      0.9999999
      3.5000000    -18.5351562      0.0002581      0.0000000      0.9999999
      3.5000000    -18.4375000      0.0003082      0.0000000      0.9999999
      3.5000000    -18.3398438      0.0003214      0.0000000      0.9999999
      3.5000000    -18.2421875      0.0003810      0.0000000      0.9999999
      3.5000000    -18.1445312      0.0004007      0.0000000      0.9999999
      3.5000000    -18.0468750      0.0004642      0.0000000      0.9999999
      3.5000000    -17.9492188      0.0004982      0.0000000      0.9999999
      3.5000000    -17.8515625      0.0005611      0.0000000      0.9999999
      3.5000000    -17.7539062      0.0006176      0.0000000      0.9999999
      3.5000000    -17.6562500      0.0006812      0.0000000      0.9999999
      3.5000000    -17.5585938      0.0007665      0.0000000      0.9999999
      3.5000000    -17.4609375      0.0008346      0.0000000      0.9999999
      3.5000000    -17.3632812      0.0009491      0.0000000      0.9999999
      3.5000000    -17.2656250      0.0010228      0.0000000      0.9999999
      3.5000000    -17.1679688      0.0011631      0.0000000      0.9999999
      3.5000000    -17.0703125      0.0012450      0.0000000      0.9999999
      3.5000000    -16.9726562      0.0014097      0.0000000      0.9999999
      3.5000000    -16.8750000      0.0015155      0.0000000      0.9999999
      3.5000000    -16.7773438      0.0017052      0.0000000      0.9999999
      3.5000000    -16.6796875      0.0018621      0.0000000      0.9999999
      3.5000000    -16.5820312      0.0020728      0.0000000      0.9999999
      3.5000000    -16.4843750      0.0022984      0.0000000      0.9999999
      3.5000000    -16.3867188      0.0025211      0.0000000      0.9999999
      3.5000000    -16.2890625      0.0028113      0.0000000      0.9999999
      3.5000000    -16.1914062      0.0030479      0.0000000      0.9999999
      3.5000000    -16.0937500      0.0033886      0.0000000      0.9999999
      3.5000000    -15.9960938      0.0036696      0.0000000      0.9999999
      3.5000000    -15.8984375      0.0040572      0.0000000      0.9999999
      3.5000000    -15.8007812      0.0044322      0.0000000      0.9999999
      3.5000000    -15.7031250      0.0048761      0.0000000      0.9999999
      3.5000000    -15.6054688      0.0053747      0.0000000      0.9999999
      3.5000000    -15.5078125      0.0058853      0.0000000      0.9999999
      3.5000000    -15.4101562      0.0064929      0.0000000      0.9999999
      3.5000000    -15.3125000      0.0070783      0.0000000      0.9999999
      3.5000000    -15.2148438      0.0077627      0.0000000      0.9999999
      3.5000000    -15.1171875      0.0084434      0.0000000      0.9999999
      3.5000000    -15.0195312      0.0092022      0.0000000      0.9999999
      3.5000000    -14.9218750      0.0100173      0.0000000      0.9999999
      3.5000000    -14.8242188      0.0108924      0.0000000      0.9999999
      3.5000000    -14.7265625      0.0118795      0.0000000      0.9999999
      3.5000000    -14.6289062      0.0129229      0.0000000      0.9999999
      3.5000000    -14.5312500      0.0140907      0.0000000      0.9999999
      3.5000000    -14.4335938      0.0153227      0.0000000      0.9999999
      3.5000000    -14.3359375      0.0166540      0.0000000      0.9999999
      3.5000000    -14.2382812      0.0180656      0.0000000      0.9999999
      3.5000000    -14.1406250      0.0195516      0.0000000      0.9999999
      3.5000000    -14.0429688      0.0211402      0.0000000      0.9999999
      3.5000000    -13.9453125      0.0228097      0.0000000      0.9999999
      3.5000000    -13.8476562      0.0246046      0.0000000      0.9999999
      3.5000000    -13.7500000      0.0265152      0.0000000      0.9999999
      3.5000000    -13.6523438      0.0285667      0.0000000      0.9999999
      3.5000000    -13.5546875      0.0307677      0.0000000      0.9999999
      3.5000000    -13.4570312      0.0331137      0.0000000      0.9999999
      3.5000000    -13.3593750      0.0356187      0.0000000      0.9999999
      3.5000000    -13.2617188      0.0382657      0.0000000      0.9999999
      3.5000000    -13.1640625      0.0410611      0.0000000      0.9999999
      3.5000000    -13.0664062      0.0439967      0.0000000      0.9999999
      3.5000000    -12.9687500      0.0470724      0.0000000      0.9999999
      3.5000000    -12.8710938      0.0502954      0.0000000      0.9999999
      3.5000000    -12.7734375      0.0536678      0.0000000      0.9999999
      3.5000000    -12.6757812      0.0572054      0.0000000      0.9999999
      3.5000000    -12.5781250      0.0609157      0.0000000      0.9999999
      3.5000000    -12.4804688      0.0648126      0.0000000      0.9999999
      3.5000000    -12.3828125      0.0689038      0.0000000      0.9999999
      3.5000000    -12.2851562      0.0731941      0.0000000      0.9999999
      3.5000000    -12.1875000      0.0776859      0.0000000      0.9999999
      3.5000000    -12.0898438      0.0823744      0.0000000      0.9999999
      3.5000000    -11.9921875      0.0872568      0.0000000      0.9999999
      3.5000000    -11.8945312      0.0923241      0.0000000      0.9999999
      3.5000000    -11.7968750      0.0975717      0.0000000      0.9999999
      3.5000000    -11.6992188      0.1029943      0.0000000      0.9999999
      3.5000000    -11.6015625      0.1085883      0.0000000      0.9999999
      3.5000000    -11.5039062      0.1143550      0.0000000      0.9999999
      3.5000000    -11.4062500      0.1202941      0.0000000      0.9999999
      3.5000000    -11.3085938      0.1264101      0.0000000      0.9999999
      3.5000000    -11.2109375      0.1327056      0.0000000      0.9999999
      3.5000000    -11.1132812      0.1391840      0.0000000      0.9999999
      3.5000000    -11.0156250      0.1458467      0.0000000      0.9999999
      3.5000000    -10.9179688      0.1526930      0.0000000      0.9999999
      3.5000000    -10.8203125      0.1597204      0.0000000      0.9999999
      3.5000000    -10.7226562      0.1669209      0.0000000      0.9999999
      3.5000000    -10.6250000      0.1742865      0.0000000      0.9999999
      3.5000000    -10.5273438      0.1818031      0.0000000      0.9999999
      3.5000000    -10.4296875      0.1894544      0.0000000      0.9999999
      3.5000000    -10.3320312      0.1972247      0.0000000      0.9999999
      3.5000000    -10.2343750      0.2050946      0.0000000      0.9999999
      3.5000000    -10.1367188      0.2130475      0.0000000      0.9999999
      3.5000000    -10.0390625      0.2210711      0.0000000      0.9999999
      3.5000000     -9.9414062      0.2291524      0.0000000      0.9999999
      3.5000000     -9.8437500      0.2372824      0.0000000      0.9999999
      3.5000000     -9.7460938      0.2454570      0.0000000      0.9999999
      3.5000000     -9.6484375      0.2536633      0.0000000      0.9999999
      3.5000000     -9.5507812      0.2618921      0.0000000      0.9999999
      3.5000000     -9.4531250      0.2701323      0.0000000      0.9999999
      3.5000000     -9.3554688      0.2783591      0.0000000      0.9999999
      3.5000000     -9.2578125      0.2865571      0.0000000      0.9999999
      3.5000000     -9.1601562      0.2947059      0.0000000      0.9999999
      3.5000000     -9.0625000      0.3027766      0.0000000      0.9999999
      3.5000000     -8.9648438      0.3107561      0.0000000      0.9999999
      3.5000000     -8.8671875      0.3186228      0.0000000      0.9999999
      3.5000000     -8.7695312      0.3263479      0.0000000      0.9999999
      3.5000000     -8.6718750      0.3339216      0.0000000      0.9999999
      3.5000000     -8.5742188      0.3413168      0.0000000      0.9999999
      3.5000000     -8.4765625      0.3485038      0.0000000      0.9999999
      3.5000000     -8.3789062      0.3554767      0.0000000      0.9999999
      3.5000000     -8.2812500      0.3622061      0.0000000      0.9999999
      3.5000000     -8.1835938      0.3686712      0.0000000      0.9999999
      3.5000000     -8.0859375      0.3748778      0.0000000      0.9999999
      3.5000000     -7.9882812      0.3807977      0.0000000      0.9999999
      3.5000000     -7.8906250      0.3864232      0.0000000      0.9999999
      3.5000000     -7.7929688      0.3917640      0.0000000      0.9999999
      3.5000000     -7.6953125      0.3967837      0.0000000      0.9999999
      3.5000000     -7.5976562      0.4014813      0.0000000      0.9999999
      3.5000000     -7.5000000      0.4058574      0.0000000      0.9999999
      3.5000000     -7.4023438      0.4098663      0.0000000      0.9999999
      3.5000000     -7.3046875      0.4135159      0.0000000      0.9999999
      3.5000000     -7.2070312      0.4167966      0.0000000      0.9999999
      3.5000000     -7.1093750      0.4196655      0.0000000      0.9999999
      3.5000000     -7.0117188      0.4221421      0.0000000      0.9999999
      3.5000000     -6.9140625      0.4242099      0.0000000      0.9999999
      3.5000000     -6.8164062      0.4258348      0.0000000      0.9999999
      3.5000000     -6.7187500      0.4270462      0.0000000      0.9999999
      3.5000000     -6.6210938      0.4278222      0.0000000      0.9999999
      3.5000000     -6.5234375      0.4281397      0.0000000      0.9999999
      3.5000000     -6.4257812      0.4280407      0.0000000      0.9999999
      3.5000000     -6.3281250      0.4274943      0.0000000      0.9999999
      3.5000000     -6.2304688      0.4264988      0.0000000      0.9999999
      3.5000000     -6.1328125      0.4251000      0.0000000      0.9999999
      3.5000000     -6.0351562      0.4232578      0.0000000      0.9999999
      3.5000000     -5.9375000      0.4209957      0.0000000      0.9999999
      3.5000000     -5.8398438      0.4183446      0.0000000      0.9999999
      3.5000000     -5.7421875      0.4152660      0.0000000      0.9999999
      3.5000000     -5.6445312      0.4117971      0.0000000      0.9999999
      3.5000000     -5.5468750      0.4079533      0.0000000      0.9999999
      3.5000000     -5.4492188      0.4037041      0.0000000      0.9999999
      3.5000000     -5.3515625      0.3991009      0.0000000      0.9999999
      3.5000000     -5.2539062      0.3941433      0.0000000      0.9999999
      3.5000000     -5.1562500      0.3888283      0.0000000      0.9999999
      3.5000000     -5.0585938      0.3832075      0.0000000      0.9999999
      3.5000000     -4.9609375      0.3772857      0.0000000      0.9999999
      3.5000000     -4.8632812      0.3710792      0.0000000      0.9999999
      3.5000000     -4.7656250      0.3646388      0.0000000      0.9999999
      3.5000000     -4.6679688      0.3579808      0.0000000      0.9999999
      3.5000000     -4.5703125      0.3511157      0.0000000      0.9999999
      3.5000000     -4.4726562      0.3441163      0.0000000      0.9999999
      3.5000000     -4.3750000      0.3369553      0.0000000      0.9999999
      3.5000000     -4.2773438      0.3296851      0.0000000      0.9999999
      3.5000000     -4.1796875      0.3223200      0.0000000      0.9999999
      3.5000000     -4.0820312      0.3148478      0.0000000      0.9999999
      3.5000000     -3.9843750      0.3073013      0.0000000      0.9999999
      3.5000000     -3.8867188      0.2996631      0.0000000      0.9999999
      3.5000000     -3.7890625      0.2919326      0.0000000      0.9999999
      3.5000000     -3.6914062      0.2841024      0.0000000      0.9999999
      3.5000000     -3.5937500      0.2761611      0.0000000      0.9999999
      3.5000000     -3.4960938      0.2680834      0.0000000      0.9999999
      3.5000000     -3.3984375      0.2598694      0.0000000      0.9999999
      3.5000000     -3.3007812      0.2514970      0.0000000      0.9999999
      3.5000000     -3.2031250      0.2429670      0.0000000      0.9999999
      3.5000000     -3.1054688      0.2342830      0.0000000      0.9999999
      3.5000000     -3.0078125      0.2254638      0.0000000      0.9999999
      3.5000000     -2.9101562      0.2165197      0.0000000      0.9999999
      3.5000000     -2.8125000      0.2075295      0.0000000      0.9999999
      3.5000000     -2.7148438      0.1985107      0.0000000      0.9999999
      3.5000000     -2.6171875      0.1896053      0.0000000      0.9999999
      3.5000000     -2.5195312      0.1808719      0.0000000      0.9999999
      3.5000000     -2.4218750      0.1724612      0.0000000      0.9999999
      3.5000000     -2.3242188      0.1644875      0.0000000      0.9999999
      3.5000000     -2.2265625      0.1570503      0.0000000      0.9999999
      3.5000000     -2.1289062      0.1502968      0.0000000      0.9999999
      3.5000000     -2.0312500      0.1442582      0.0000000      0.9999999
      3.5000000     -1.9335938      0.1390281      0.0000000      0.9999999
      3.5000000     -1.8359375      0.1345724      0.0000000      0.9999999
      3.5000000     -1.7382812      0.1308014      0.0000000      0.9999999
      3.5000000     -1.6406250      0.1276313      0.0000000      0.9999999
      3.5000000     -1.5429688      0.1247842      0.0000000      0.9999999
      3.5000000     -1.4453125      0.1221471      0.0000000      0.9999999
      3.5000000     -1.3476562      0.1194196      0.0000000      0.9999999
      3.5000000     -1.2500000      0.1164166      0.0000000      0.9999999
      3.5000000     -1.1523438      0.1129623      0.0000000      0.9999999
      3.5000000     -1.0546875      0.1087891      0.0000000      0.9999999
      3.5000000     -0.9570312      0.1038467      0.0000000      0.9999999
      3.5000000     -0.8593750      0.0979421      0.0000000      0.9999999
      3.5000000     -0.7617188      0.0910465      0.0000000      0.9999999
      3.5000000     -0.6640625      0.0831823      0.0000000      0.9999999
      3.5000000     -0.5664062      0.0742907      0.0000000      0.9999999
      3.5000000     -0.4687500      0.0645226      0.0000000      0.9999999
      3.5000000     -0.3710938      0.0538886      0.0000000      0.9999999
      3.5000000     -0.2734375      0.0425146      0.0000000      0.9999999
      3.5000000     -0.1757812      0.0305647      0.0000000      0.9999999
      3.5000000     -0.0781250      0.0181482      0.0000000      0.9999999
      3.5000000      0.0195312      0.0061048      0.5000000      0.9999999
      3.5000000      0.1171875      0.0015405      0.5000000      0.9999999
      3.5000000      0.2148438      0.0003918      0.5000000      0.9999999
      3.5000000      0.3125000      0.0000824      0.5000000      0.9999999
      3.5000000      0.4101562      0.0000468      0.5000000      0.9999999
      3.5000000      0.5078125      0.0000135      0.5000000      0.9999999
      3.5000000      0.6054688      0.0000161      0.5000000      0.9999999
      3.5000000      0.7031250      0.0000245      0.5000000      0.9999999
      3.5000000      0.8007812      0.0000159      0.5000000      0.9999999
      3.5000000      0.8984375      0.0000099      0.5000000      0.9999999
      3.5000000      0.9960938      0.0000142      0.5000000      0.9999999
      3.5000000      1.0937500      0.0000101      0.5000000      0.9999999
      3.5000000      1.1914062      0.0000214      0.5000000      0.9999999
      3.5000000      1.2890625      0.0000251      0.5000000      0.9999999
      3.5000000      1.3867188      0.0000238      0.5000000      0.9999999
      3.5000000      1.4843750      0.0000252      0.5000000      0.9999999
      3.5000000      1.5820312      0.0000221      0.5000000      0.9999999
      3.5000000      1.6796875      0.0000169      0.5000000      0.9999999
      3.5000000      1.7773438      0.0000165      0.5000000      0.9999999
      3.5000000      1.8750000      0.0000148      0.5000000      0.9999999
      3.5000000      1.9726562      0.0000135      0.5000000      0.9999999
      3.5000000      2.0703125      0.0000125      0.5000000      0.9999999
      3.5000000      2.1679688      0.0000080      0.5000000      0.9999999
      3.5000000      2.2656250      0.0000038      0.5000000      0.9999999
      3.5000000      2.3632812      0.0000007      0.5000000      0.9999999
      3.5000000      2.4609375      0.0000057      0.5000000      0.9999999
      3.5000000      2.5585938      0.0000098      0.5000000      0.9999999
      3.5000000      2.6562500      0.0000140      0.5000000      0.9999999
      3.5000000      2.7539062      0.0000179      0.5000000      0.9999999
      3.5000000      2.8515625      0.0000214      0.5000000      0.9999999
      3.5000000      2.9492188      0.0000247      0.5000000      0.9999999
      3.5000000      3.0468750      0.0000271      0.5000000      0.9999999
      3.5000000      3.1445312      0.0000288      0.5000000      0.9999999
      3.5000000      3.2421875      0.0000295      0.5000000      0.9999999
      3.5000000      3.3398438      0.0000295      0.5000000      0.9999999
      3.5000000      3.4375000      0.0000291      0.5000000      0.9999999
      3.5000000      3.5351562      0.0000277      0.5000000      0.9999999
      3.5000000      3.6328125      0.0000255      0.5000000      0.9999999
      3.5000000      3.7304688      0.0000231      0.5000000      0.9999999
      3.5000000      3.8281250      0.0000200      0.5000000      0.9999999
      3.5000000      3.9257812      0.0000170      0.5000000      0.9999999
      3.5000000      4.0234375      0.0000137      0.5000000      0.9999999
      3.5000000      4.1210938      0.0000106      0.5000000      0.9999999
      3.5000000      4.2187500      0.0000095      0.5000000      0.9999999
      3.5000000      4.3164062      0.0000102      0.5000000      0.9999999
      3.5000000      4.4140625      0.0000124      0.5000000      0.9999999
      3.5000000      4.5117188      0.0000157      0.5000000      0.9999999
      3.5000000      4.6093750      0.0000186      0.5000000      0.9999999
      3.5000000      4.7070312      0.0000214      0.5000000      0.9999999
      3.5000000      4.8046875      0.0000245      0.5000000      0.9999999
      3.5000000      4.9023438      0.0000263      0.5000000      0.9999999
      3.5000000      5.0000000      0.0000279      0.5000000      0.9999999
      3.5000000      5.0976562      0.0000289      0.5000000      0.9999999
      3.5000000      5.1953125      0.0000289      0.5000000      0.9999999
      3.5000000      5.2929688      0.0000290      0.5000000      0.9999999
      3.5000000      5.3906250      0.0000278      0.5000000      0.9999999
      3.5000000      5.4882812      0.0000261      0.5000000      0.9999999
      3.5000000      5.5859375      0.0000243      0.5000000      0.9999999
      3.5000000      5.6835938      0.0000218      0.5000000      0.9999999
      3.5000000      5.7812500      0.0000198      0.5000000      0.9999999
      3.5000000      5.8789062      0.0000176      0.5000000      0.9999999
      3.5000000      5.9765625      0.0000158      0.5000000      0.9999999
      3.5000000      6.0742188      0.0000154      0.5000000      0.9999999
      3.5000000      6.1718750      0.0000157      0.5000000      0.9999999
      3.5000000      6.2695312      0.0000161      0.5000000      0.9999999
      3.5000000      6.3671875      0.0000177      0.5000000      0.9999999
      3.5000000      6.4648438      0.0000187      0.5000000      0.9999999
      3.5000000      6.5625000      0.0000197      0.5000000      0.9999999
      3.5000000      6.6601562      0.0000217      0.5000000      0.9999999
      3.5000000      6.7578125      0.0000223      0.5000000      0.9999999
      3.5000000      6.8554688      0.0000231      0.5000000      0.9999999
      3.5000000      6.9531250      0.0000239      0.5000000      0.9999999
      3.5000000      7.0507812      0.0000233      0.5000000      0.9999999
      3.5000000      7.1484375      0.0000234      0.5000000      0.9999999
      3.5000000      7.2460938      0.0000227      0.5000000      0.9999999
      3.5000000      7.3437500      0.0000210      0.5000000      0.9999999
      3.5000000      7.4414062      0.0000203      0.5000000      0.9999999
      3.5000000      7.5390625      0.0000189      0.5000000      0.9999999
      3.5000000      7.6367188      0.0000177      0.5000000      0.9999999
      3.5000000      7.7343750      0.0000176      0.5000000      0.9999999
      3.5000000      7.8320312      0.0000160      0.5000000      0.9999999
      3.5000000      7.9296875      0.0000159      0.5000000      0.9999999
      3.5000000      8.0273438      0.0000164      0.5000000      0.9999999
      3.5000000      8.1250000      0.0000154      0.5000000      0.9999999
      3.5000000      8.2226562      0.0000164      0.5000000      0.9999999
      3.5000000      8.3203125      0.0000167      0.5000000      0.9999999
      3.5000000      8.4179688      0.0000161      0.5000000      0.9999999
      3.5000000      8.5156250      0.0000176      0.5000000      0.9999999
      3.5000000      8.6132812      0.0000173      0.5000000      0.9999999
      3.5000000      8.7109375      0.0000170      0.5000000      0.9999999
      3.5000000      8.8085938      0.0000177      0.5000000      0.9999999
      3.5000000      8.9062500      0.0000166      0.5000000      0.9999999
      3.5000000      9.0039062      0.0000164      0.5000000      0.9999999
      3.5000000      9.1015625      0.0000161      0.5000000      0.9999999
      3.5000000      9.1992188      0.0000150      0.5000000      0.9999999
      3.5000000      9.2968750      0.0000150      0.5000000      0.9999999
      3.5000000      9.3945312      0.0000142      0.5000000      0.9999999
      3.5000000      9.4921875      0.0000136      0.5000000      0.9999999
      3.5000000      9.5898438      0.0000136      0.5000000      0.9999999
      3.5000000      9.6875000      0.0000129      0.5000000      0.9999999
      3.5000000      9.7851562      0.0000128      0.5000000      0.9999999
      3.5000000      9.8828125      0.0000128      0.5000000      0.9999999
      3.5000000      9.9804688      0.0000117      0.5000000      0.9999999
      3.5000000     10.0781250      0.0000124      0.5000000      0.9999999
      3.5000000     10.1757812      0.0000131      0.5000000      0.9999999
      3.5000000     10.2734375      0.0000115      0.5000000      0.9999999
      3.5000000     10.3710938      0.0000118      0.5000000      0.9999999
      3.5000000     10.4687500      0.0000119      0.5000000      0.9999999
      3.5000000     10.5664062      0.0000109      0.5000000      0.9999999
      3.5000000     10.6640625      0.0000123      0.5000000      0.9999999
      3.5000000     10.7617188      0.0000110      0.5000000      0.9999999
      3.5000000     10.8593750      0.0000091      0.5000000      0.9999999
      3.5000000     10.9570312      0.0000110      0.5000000      0.9999999
      3.5000000     11.0546875      0.0000107      0.5000000      0.9999999
      3.5000000     11.1523438      0.0000094      0.5000000      0.9999999
      3.5000000     11.2500000      0.0000094      0.5000000      0.9999999
      3.5000000     11.3476562      0.0000083      0.5000000      0.9999999
      3.5000000     11.4453125      0.0000091      0.5000000      0.9999999
      3.5000000     11.5429688      0.0000096      0.5000000      0.9999999
      3.5000000     11.6406250      0.0000078      0.5000000      0.9999999
      3.5000000     11.7382812      0.0000069      0.5000000      0.9999999
      3.5000000     11.8359375      0.0000081      0.5000000      0.9999999
      3.5000000     11.9335938      0.0000091      0.5000000      0.9999999
      3.5000000     12.0312500      0.0000075      0.5000000      0.9999999
      3.5000000     12.1289062      0.0000062      0.5000000      0.9999999
      3.5000000     12.2265625      0.0000072      0.5000000      0.9999999
      3.5000000     12.3242188      0.0000083      0.5000000      0.9999999
      3.5000000     12.4218750      0.0000077      0.5000000      0.9999999
      3.5000000     12.5195312      0.0000053      0.5000000      0.9999999
      3.5000000     12.6171875      0.0000048      0.5000000      0.9999999
      3.5000000     12.7148438      0.0000072      0.5000000      0.9999999
      3.5000000     12.8125000      0.0000076      0.5000000      0.9999999
      3.5000000     12.9101562      0.0000047      0.5000000      0.9999999
      3.5000000     13.0078125      0.0000025      0.5000000      0.9999999
      3.5000000     13.1054688      0.0000058      0.5000000      0.9999999
      3.5000000     13.2031250      0.0000078      0.5000000      0.9999999
      3.5000000     13.3007812      0.0000055      0.5000000      0.9999999
      3.5000000     13.3984375      0.0000024      0.5000000      0.9999999
      3.5000000     13.4960938      0.0000037      0.5000000      0.9999999
      3.5000000     13.5937500      0.0000069      0.5000000      0.9999999
      3.5000000     13.6914062      0.0000072      0.5000000      0.9999999
      3.5000000     13.7890625      0.0000022      0.5000000      0.9999999
      3.5000000     13.8867188      0.0000033      0.5000000      0.9999999
      3.5000000     13.9843750      0.0000048      0.5000000      0.9999999
      3.5000000     14.0820312      0.0000064      0.5000000      0.9999999
      3.5000000     14.1796875      0.0000036      0.5000000      0.9999999
      3.5000000     14.2773438      0.0000035      0.5000000      0.9999999
      3.5000000     14.3750000      0.0000054      0.5000000      0.9999999
      3.5000000     14.4726562      0.0000051      0.5000000      0.9999999
      3.5000000     14.5703125      0.0000056      0.5000000      0.9999999
      3.5000000     14.6679688      0.0000016      0.5000000      0.9999999
      3.5000000     14.7656250      0.0000068      0.5000000      0.9999999
      3.5000000     14.8632812      0.0000053      0.5000000      0.9999999
      3.5000000     14.9609375      0.0000050      0.5000000      0.9999999
      3.5000000     15.0585938      0.0000024      0.5000000      0.9999999
      3.5000000     15.1562500      0.0000058      0.5000000      0.9999999
      3.5000000     15.2539062      0.0000080      0.5000000      0.9999999
      3.5000000     15.3515625      0.0000025      0.5000000      0.9999999
      3.5000000     15.4492188      0.0000048      0.5000000      0.9999999
      3.5000000     15.5468750      0.0000024      0.5000000      0.9999999
      3.5000000     15.6445312      0.0000094      0.5000000      0.9999999
      3.5000000     15.7421875      0.0000061      0.5000000      0.9999999
      3.5000000     15.8398438      0.0000038      0.5000000      0.9999999
      3.5000000     15.9375000      0.0000043      0.5000000      0.9999999
      3.5000000     16.0351562      0.0000066      0.5000000      0.9999999
      3.5000000     16.1328125      0.0000097      0.5000000      0.9999999
      3.5000000     16.2304688      0.0000007      0.5000000      0.9999999
      3.5000000     16.3281250      0.0000079      0.5000000      0.9999999
      3.5000000     16.4257812      0.0000039      0.5000000      0.9999999
      3.5000000     16.5234375      0.0000087      0.5000000      0.9999999
      3.5000000     16.6210938      0.0000052      0.5000000      0.9999999
      3.5000000     16.7187500      0.0000075      0.5000000      0.9999999
      3.5000000     16.8164062      0.0000100      0.5000000      0.9999999
      3.5000000     16.9140625      0.0000041      0.5000000      0.9999999
      3.5000000     17.0117188      0.0000089      0.5000000      0.9999999
      3.5000000     17.1093750      0.0000012      0.5000000      0.9999999
      3.5000000     17.2070312      0.0000120      0.5000000      0.9999999
      3.5000000     17.3046875      0.0000060      0.5000000      0.9999999
      3.5000000     17.4023438      0.0000077      0.5000000      0.9999999
      3.5000000     17.5000000      0.0000072      0.5000000      0.9999999
      3.5000000     17.5976562      0.0000076      0.5000000      0.9999999
      3.5000000     17.6953125      0.0000116      0.5000000      0.9999999
      3.5000000     17.7929688      0.0000020      0.5000000      0.9999999
      3.5000000     17.8906250      0.0000112      0.5000000      0.9999999
      3.5000000     17.9882812      0.0000040      0.5000000      0.9999999
      3.5000000     18.0859375      0.0000120      0.5000000      0.9999999
      3.5000000     18.1835938      0.0000067      0.5000000      0.9999999
      3.5000000     18.2812500      0.0000096      0.5000000      0.9999999
      3.5000000     18.3789062      0.0000103      0.5000000      0.9999999
      3.5000000     18.4765625      0.0000048      0.5000000      0.9999999
      3.5000000     18.5742188      0.0000118      0.5000000      0.9999999
      3.5000000     18.6718750      0.0000026      0.5000000      0.9999999
      3.5000000     18.7695312      0.0000143      0.5000000      0.9999999
      3.5000000     18.8671875      0.0000049      0.5000000      0.9999999
      3.5000000     18.9648438      0.0000099      0.5000000      0.9999999
      3.5000000     19.0625000      0.0000078      0.5000000      0.9999999
      3.5000000     19.1601562      0.0000098      0.5000000      0.9999999
      3.5000000     19.2578125      0.0000131      0.5000000      0.9999999
      3.5000000     19.3554688      0.0000043      0.5000000      0.9999999
      3.5000000     19.4531250      0.0000126      0.5000000      0.9999999
      3.5000000     19.5507812      0.0000012      0.5000000      0.9999999
      3.5000000     19.6484375      0.0000126      0.5000000      0.9999999
      3.5000000     19.7460938      0.0000057      0.5000000      0.9999999
      3.5000000     19.8437500      0.0000126      0.5000000      0.9999999
      3.5000000     19.9414062      0.0000107      0.5000000      0.9999999


      4.0000000    -20.0000000      0.0000000      0.0000000      0.9999999
      4.0000000    -19.9023438      0.0000149      0.0000000      0.9999999
      4.0000000    -19.8046875      0.0000313      0.0000000      0.9999999
      4.0000000    -19.7070312      0.0000412      0.0000000      0.9999999
      4.0000000    -19.6093750      0.0000560      0.0000000      0.9999999
      4.0000000    -19.5117188      0.0000589      0.0000000      0.9999999
      4.0000000    -19.4140625      0.0000718      0.0000000      0.9999999
      4.0000000    -19.3164062      0.0000687      0.0000000      0.9999999
      4.0000000    -19.2187500      0.0000832      0.0000000      0.9999999
      4.0000000    -19.1210938      0.0000810      0.0000000      0.9999999
      4.0000000    -19.0234375      0.0001054      0.0000000      0.9999999
      4.0000000    -18.9257812      0.0001143      0.0000000      0.9999999
      4.0000000    -18.8281250      0.0001516      0.0000000      0.9999999
      4.0000000    -18.7304688      0.0001696      0.0000000      0.9999999
      4.0000000    -18.6328125      0.0002108      0.0000000      0.9999999
      4.0000000    -18.5351562      0.0002266      0.0000000      0.9999999
      4.0000000    -18.4375000      0.0002604      0.0000000      0.9999999
      4.0000000    -18.3398438      0.0002680      0.0000000      0.9999999
      4.0000000    -18.2421875      0.0002919      0.0000000      0.9999999
      4.0000000    -18.1445312      0.0003038      0.0000000      0.9999999
      4.0000000    -18.0468750      0.0003303      0.0000000      0.9999999
      4.0000000    -17.9492188      0.0003719      0.0000000      0.9999999
      4.0000000    -17.8515625      0.0004136      0.0000000      0.9999999
      4.0000000    -17.7539062      0.0004908      0.0000000      0.9999999
      4.0000000    -17.6562500      0.0005410      0.0000000      0.9999999
      4.0000000    -17.5585938      0.0006348      0.0000000      0.9999999
      4.0000000    -17.4609375      0.0006771      0.0000000      0.9999999
      4.0000000    -17.3632812      0.0007699      0.0000000      0.9999999
      4.0000000    -17.2656250      0.0008011      0.0000000      0.9999999
      4.0000000    -17.1679688      0.0008956      0.0000000      0.9999999
      4.0000000    -17.0703125      0.0009391      0.0000000      0.9999999
      4.0000000    -16.9726562      0.0010562      0.0000000      0.9999999
      4.0000000    -16.8750000      0.0011480      0.0000000      0.9999999
      4.0000000    -16.7773438      0.0012987      0.0000000      0.9999999
      4.0000000    -16.6796875      0.0014516      0.0000000      0.9999999
      4.0000000    -16.5820312      0.0016202      0.0000000      0.9999999
      4.0000000    -16.4843750      0.0018178      0.0000000      0.9999999
      4.0000000    -16.3867188      0.0019828      0.0000000      0.9999999
      4.0000000    -16.2890625      0.0022057      0.0000000      0.9999999
      4.0000000    -16.1914062      0.0023681      0.0000000      0.9999999
      4.0000000    -16.0937500      0.0026136      0.0000000      0.9999999
      4.0000000    -15.9960938      0.0028089      0.0000000      0.9999999
      4.0000000    -15.8984375      0.0030927      0.0000000      0.9999999
      4.0000000    -15.8007812      0.0033705      0.0000000      0.9999999
      4.0000000    -15.7031250      0.0037119      0.0000000      0.9999999
      4.0000000    -15.6054688      0.0040984      0.0000000      0.9999999
      4.0000000    -15.5078125      0.0045037      0.0000000      0.9999999
      4.0000000    -15.4101562      0.0049850      0.0000000      0.9999999
      4.0000000    -15.3125000      0.0054496      0.0000000      0.9999999
      4.0000000    -15.2148438      0.0059941      0.0000000      0.9999999
      4.0000000    -15.1171875      0.0065197      0.0000000      0.9999999
      4.0000000    -15.0195312      0.0071107      0.0000000      0.9999999
      4.0000000    -14.9218750      0.0077170      0.0000000      0.9999999
      4.0000000    -14.8242188      0.0083730      0.0000000      0.9999999
      4.0000000    -14.7265625      0.0090932      0.0000000      0.9999999
      4.0000000    -14.6289062      0.0098607      0.0000000      0.9999999
      4.0000000    -14.5312500      0.0107274      0.0000000      0.9999999
      4.0000000    -14.4335938      0.0116515      0.0000000      0.9999999
      4.0000000    -14.3359375      0.0126819      0.0000000      0.9999999
      4.0000000    -14.2382812      0.0137817      0.0000000      0.9999999
      4.0000000    -14.1406250      0.0149741      0.0000000      0.9999999
      4.0000000    -14.0429688      0.0162444      0.0000000      0.9999999
      4.0000000    -13.9453125      0.0175889      0.0000000      0.9999999
      4.0000000    -13.8476562      0.0190194      0.0000000      0.9999999
      4.0000000    -13.7500000      0.0205195      0.0000000      0.9999999
      4.0000000    -13.6523438      0.0221153      0.0000000      0.9999999
      4.0000000    -13.5546875      0.0237981      0.0000000      0.9999999
      4.0000000    -13.4570312      0.0255902      0.0000000      0.9999999
      4.0000000    -13.3593750      0.0274967      0.0000000      0.9999999
      4.0000000    -13.2617188      0.0295316      0.0000000      0.9999999
      4.0000000    -13.1640625      0.0317026      0.0000000      0.9999999
      4.0000000    -13.0664062      0.0340187      0.0000000      0.9999999
      4.0000000    -12.9687500      0.0364844      0.0000000      0.9999999
      4.0000000    -12.8710938      0.0390987      0.0000000      0.9999999
      4.0000000    -12.7734375      0.0418708      0.0000000      0.9999999
      4.0000000    -12.6757812      0.0447850      0.0000000      0.9999999
      4.0000000    -12.5781250      0.0478564      0.0000000      0.9999999
      4.0000000    -12.4804688      0.0510688      0.0000000      0.9999999
      4.0000000    -12.3828125      0.0544291      0.0000000      0.9999999
      4.0000000    -12.2851562      0.0579424      0.0000000      0.9999999
      4.0000000    -12.1875000      0.0615973      0.0000000      0.9999999
      4.0000000    -12.0898438      0.0654226      0.0000000      0.9999999
      4.0000000    -11.9921875      0.0693992      0.0000000      0.9999999
      4.0000000    -11.8945312      0.0735559      0.0000000      0.9999999
      4.0000000    -11.7968750      0.0778906      0.0000000      0.9999999
      4.0000000    -11.6992188      0.0824026      0.0000000      0.9999999
      4.0000000    -11.6015625      0.0871204      0.0000000      0.9999999
      4.0000000    -11.5039062      0.0920115      0.0000000      0.9999999
      4.0000000    -11.4062500      0.0971131      0.0000000      0.9999999
      4.0000000    -11.3085938      0.1023965      0.0000000      0.9999999
      4.0000000    -11.2109375      0.1078642      0.0000000      0.9999999
      4.0000000    -11.1132812      0.1135288      0.0000000      0.9999999
      4.0000000    -11.0156250      0.1193443      0.0000000      0.9999999
      4.0000000    -10.9179688      0.1253531      0.0000000      0.9999999
      4.0000000    -10.8203125      0.1315033      0.0000000      0.9999999
      4.0000000    -10.7226562      0.1378140      0.0000000      0.9999999
      4.0000000    -10.6250000      0.1442826      0.0000000      0.9999999
      4.0000000    -10.5273438      0.1508725      0.0000000      0.9999999
      4.0000000    -10.4296875      0.1576327      0.0000000      0.9999999
      4.0000000    -10.3320312      0.1645020      0.0000000      0.9999999
      4.0000000    -10.2343750      0.1715244      0.0000000      0.9999999
      4.0000000    -10.1367188      0.1786758      0.0000000      0.9999999
      4.0000000    -10.0390625      0.1859410      0.0000000      0.9999999
      4.0000000     -9.9414062      0.1933568      0.0000000      0.9999999
      4.0000000     -9.8437500      0.2008561      0.0000000      0.9999999
      4.0000000     -9.7460938      0.2084935      0.0000000      0.9999999
      4.0000000     -9.6484375      0.2162110      0.0000000      0.9999999
      4.0000000     -9.5507812      0.2240156      0.0000000      0.9999999
      4.0000000     -9.4531250      0.2319076      0.0000000      0.9999999
      4.0000000     -9.3554688      0.2398262      0.0000000      0.9999999
      4.0000000     -9.2578125      0.2478180      0.0000000      0.9999999
      4.0000000     -9.1601562      0.2557986      0.0000000      0.9999999
      4.0000000     -9.0625000      0.2638016      0.0000000      0.9999999
      4.0000000     -8.9648438      0.2717833      0.0000000      0.9999999
      4.0000000     -8.8671875      0.2797157      0.0000000      0.9999999
      4.0000000     -8.7695312      0.2876220      0.0000000      0.9999999
      4.0000000     -8.6718750      0.2954195      0.0000000      0.9999999
      4.0000000     -8.5742188      0.3031634      0.0000000      0.9999999
      4.0000000     -8.4765625      0.3107739      0.0000000      0.9999999
      4.0000000     -8.3789062      0.3182721      0.0000000      0.9999999
      4.0000000     -8.2812500      0.3256405      0.0000000      0.9999999
      4.0000000     -8.1835938      0.3328268      0.0000000      0.9999999
      4.0000000     -8.0859375      0.3398826      0.0000000      0.9999999
      4.0000000     -7.9882812      0.3467100      0.0000000      0.9999999
      4.0000000     -7.8906250      0.3533710      0.0000000      0.9999999
      4.0000000     -7.7929688      0.3597985      0.0000000      0.9999999
      4.0000000     -7.6953125      0.3659897      0.0000000      0.9999999
      4.0000000     -7.5976562      0.3719614      0.0000000      0.9999999
      4.0000000     -7.5000000      0.3776295      0.0000000      0.9999999
      4.0000000     -7.4023438      0.3830683      0.0000000      0.9999999
      4.0000000     -7.3046875      0.3881772      0.0000000      0.9999999
      4.0000000     -7.2070312      0.3930054      0.0000000      0.9999999
      4.0000000     -7.1093750      0.3975182      0.0000000      0.9999999
      4.0000000     -7.0117188      0.4016817      0.0000000      0.9999999
      4.0000000     -6.9140625      0.4055457      0.0000000      0.9999999
      4.0000000     -6.8164062      0.4090154      0.0000000      0.9999999
      4.0000000     -6.7187500      0.4121678      0.0000000      0.9999999
      4.0000000     -6.6210938      0.4149241      0.0000000      0.9999999
      4.0000000     -6.5234375      0.4173129      0.0000000      0.9999999
      4.0000000     -6.4257812      0.4193292      0.0000000      0.9999999
      4.0000000     -6.3281250      0.4209238      0.0000000      0.9999999
      4.0000000     -6.2304688      0.4221577      0.0000000      0.9999999
      4.0000000     -6.1328125      0.4229419      0.0000000      0.9999999
      4.0000000     -6.0351562      0.4233432      0.0000000      0.9999999
      4.0000000     -5.9375000      0.4233032      0.0000000      0.9999999
      4.0000000     -5.8398438      0.4228338      0.0000000      0.9999999
      4.0000000     -5.7421875      0.4219518      0.0000000      0.9999999
      4.0000000     -5.6445312      0.4206013      0.0000000      0.9999999
      4.0000000     -5.5468750      0.4188584      0.0000000      0.9999999
      4.0000000     -5.4492188      0.4166477      0.0000000      0.9999999
      4.0000000     -5.3515625      0.4140438      0.0000000      0.9999999
      4.0000000     -5.2539062      0.4110215      0.0000000      0.9999999
      4.0000000     -5.1562500      0.4075996      0.0000000      0.9999999
      4.0000000     -5.0585938      0.4038362      0.0000000      0.9999999
      4.0000000     -4.9609375      0.3996918      0.0000000      0.9999999
      4.0000000     -4.8632812      0.3952795      0.0000000      0.9999999
      4.0000000     -4.7656250      0.3905497      0.0000000      0.9999999
      4.0000000     -4.6679688      0.3856031      0.0000000      0.9999999
      4.0000000     -4.5703125      0.3804337      0.0000000      0.9999999
      4.0000000     -4.4726562      0.3750773      0.0000000      0.9999999
      4.0000000     -4.3750000      0.3695853      0.0000000      0.9999999
      4.0000000     -4.2773438      0.3639246      0.0000000      0.9999999
      4.0000000     -4.1796875      0.3581690      0.0000000      0.9999999
      4.0000000     -4.0820312      0.3522536      0.0000000      0.9999999
      4.0000000     -3.9843750      0.3462174      0.0000000      0.9999999
      4.0000000     -3.8867188      0.3400078      0.0000000      0.9999999
      4.0000000     -3.7890625      0.3335955      0.0000000      0.9999999
      4.0000000     -3.6914062      0.3269581      0.0000000      0.9999999
      4.0000000     -3.5937500      0.3200149      0.0000000      0.9999999
      4.0000000     -3.4960938      0.3127606      0.0000000      0.9999999
      4.0000000     -3.3984375      0.3051167      0.0000000      0.9999999
      4.0000000     -3.3007812      0.2970714      0.0000000      0.9999999
      4.0000000     -3.2031250      0.2886048      0.0000000      0.9999999
      4.0000000     -3.1054688      0.2796945      0.0000000      0.9999999
      4.0000000     -3.0078125      0.2704082      0.0000000      0.9999999
      4.0000000     -2.9101562      0.2607429      0.0000000      0.9999999
      4.0000000     -2.8125000      0.2508469      0.0000000      0.9999999
      4.0000000     -2.7148438      0.2407847      0.0000000      0.9999999
      4.0000000     -2.6171875      0.2307574      0.0000000      0.9999999
      4.0000000     -2.5195312      0.2209250      0.0000000      0.9999999
      4.0000000     -2.4218750      0.2115082      0.0000000      0.9999999
      4.0000000     -2.3242188      0.2027373      0.0000000      0.9999999
      4.0000000     -2.2265625      0.1948070      0.0000000      0.9999999
      4.0000000     -2.1289062      0.1879250      0.0000000      0.9999999
      4.0000000     -2.0312500      0.1821879      0.0000000      0.9999999
      4.0000000     -1.9335938      0.1776507      0.0000000      0.9999999
      4.0000000     -1.8359375      0.1742398      0.0000000      0.9999999
      4.0000000     -1.7382812      0.1717810      0.0000000      0.9999999
      4.0000000     -1.6406250      0.1700302      0.0000000      0.9999999
      4.0000000     -1.5429688      0.1686338      0.0000000      0.9999999
      4.0000000     -1.4453125      0.1672642      0.0000000      0.9999999
      4.0000000     -1.3476562      0.1655222      0.0000000      0.9999999
      4.0000000     -1.2500000      0.1630951      0.0000000      0.9999999
      4.0000000     -1.1523438      0.1596579      0.0000000      0.9999999
      4.0000000     -1.0546875      0.1549719      0.0000000      0.9999999
      4.0000000     -0.9570312      0.1488458      0.0000000      0.9999999
      4.0000000     -0.8593750      0.1411431      0.0000000      0.9999999
      4.0000000     -0.7617188      0.1318114      0.0000000      0.9999999
      4.0000000     -0.6640625      0.1208305      0.0000000      0.9999999
      4.0000000     -0.5664062      0.1082619      0.0000000      0.9999999
      4.0000000     -0.4687500      0.0942044      0.0000000      0.9999999
      4.0000000     -0.3710938      0.0788028      0.0000000      0.9999999
      4.0000000     -0.2734375      0.0622578      0.0000000      0.9999999
      4.0000000     -0.1757812      0.0447778      0.0000000      0.9999999
      4.0000000     -0.0781250      0.0266291      0.0000000      0.9999999
      4.0000000      0.0195312      0.0089690      0.5000000      0.9999999
      4.0000000      0.1171875      0.0022773      0.5000000      0.9999999
      4.0000000      0.2148438      0.0005760      0.5000000      0.9999999
      4.0000000      0.3125000      0.0001478      0.5000000      0.9999999
      4.0000000      0.4101562      0.0000356      0.5000000      0.9999999
      4.0000000      0.5078125      0.0000123      0.5000000      0.9999999
      4.0000000      0.6054688      0.0000008      0.5000000      0.9999999
      4.0000000      0.7031250      0.0000035      0.5000000      0.9999999
      4.0000000      0.8007812      0.0000045      0.5000000      0.9999999
      4.0000000      0.8984375      0.0000044      0.5000000      0.9999999
      4.0000000      0.9960938      0.0000049      0.5000000      0.9999999
      4.0000000      1.0937500      0.0000070      0.5000000      0.9999999
      4.0000000      1.1914062      0.0000065      0.5000000      0.9999999
      4.0000000      1.2890625      0.0000069      0.5000000      0.9999999
      4.0000000      1.3867188      0.0000095      0.5000000      0.9999999
      4.0000000      1.4843750      0.0000081      0.5000000      0.9999999
      4.0000000      1.5820312      0.0000085      0.5000000      0.9999999
      4.0000000      1.6796875      0.0000117      0.5000000      0.9999999
      4.0000000      1.7773438      0.0000091      0.5000000      0.9999999
      4.0000000      1.8750000      0.0000101      0.5000000      0.9999999
      4.0000000      1.9726562      0.0000137      0.5000000      0.9999999
      4.0000000      2.0703125      0.0000096      0.5000000      0.9999999
      4.0000000      2.1679688      0.0000118      0.5000000      0.9999999
      4.0000000      2.2656250      0.0000153      0.5000000      0.9999999
      4.0000000      2.3632812      0.0000092      0.5000000      0.9999999
      4.0000000      2.4609375      0.0000130      0.5000000      0.9999999
      4.0000000      2.5585938      0.0000165      0.5000000      0.9999999
      4.0000000      2.6562500      0.0000092      0.5000000      0.9999999
      4.0000000      2.7539062      0.0000154      0.5000000      0.9999999
      4.0000000      2.8515625      0.0000183      0.5000000      0.9999999
      4.0000000      2.9492188      0.0000101      0.5000000      0.9999999
      4.0000000      3.0468750      0.0000180      0.5000000      0.9999999
      4.0000000      3.1445312      0.0000201      0.5000000      0.9999999
      4.0000000      3.2421875      0.0000100      0.5000000      0.9999999
      4.0000000      3.3398438      0.0000188      0.5000000      0.9999999
      4.0000000      3.4375000      0.0000203      0.5000000      0.9999999
      4.0000000      3.5351562      0.0000095      0.5000000      0.9999999
      4.0000000      3.6328125      0.0000210      0.5000000      0.9999999
      4.0000000      3.7304688      0.0000215      0.5000000      0.9999999
      4.0000000      3.8281250      0.0000111      0.5000000      0.9999999
      4.0000000      3.9257812      0.0000248      0.5000000      0.9999999
      4.0000000      4.0234375      0.0000246      0.5000000      0.9999999
      4.0000000      4.1210938      0.0000118      0.5000000      0.9999999
      4.0000000      4.2187500      0.0000245      0.5000000      0.9999999
      4.0000000      4.3164062      0.0000225      0.5000000      0.9999999
      4.0000000      4.4140625      0.0000089      0.5000000      0.9999999
      4.0000000      4.5117188      0.0000241      0.5000000      0.9999999
      4.0000000      4.6093750      0.0000194      0.5000000      0.9999999
      4.0000000      4.7070312      0.0000115      0.5000000      0.9999999
      4.0000000      4.8046875      0.0000282      0.5000000      0.9999999
      4.0000000      4.9023438      0.0000225      0.5000000      0.9999999
      4.0000000      5.0000000      0.0000163      0.5000000      0.9999999
      4.0000000      5.0976562      0.0000311      0.5000000      0.9999999
      4.0000000      5.1953125      0.0000231      0.5000000      0.9999999
      4.0000000      5.2929688      0.0000141      0.5000000      0.9999999
      4.0000000      5.3906250      0.0000270      0.5000000      0.9999999
      4.0000000      5.4882812      0.0000168      0.5000000      0.9999999
      4.0000000      5.5859375      0.0000130      0.5000000      0.9999999
      4.0000000      5.6835938      0.0000245      0.5000000      0.9999999
      4.0000000      5.7812500      0.0000158      0.5000000      0.9999999
      4.0000000      5.8789062      0.0000231      0.5000000      0.9999999
      4.0000000      5.9765625      0.0000329      0.5000000      0.9999999
      4.0000000      6.0742188      0.0000228      0.5000000      0.9999999
      4.0000000      6.1718750      0.0000239      0.5000000      0.9999999
      4.0000000      6.2695312      0.0000316      0.5000000      0.9999999
      4.0000000      6.3671875      0.0000208      0.5000000      0.9999999
      4.0000000      6.4648438      0.0000162      0.5000000      0.9999999
      4.0000000      6.5625000      0.0000202      0.5000000      0.9999999
      4.0000000      6.6601562      0.0000105      0.5000000      0.9999999
      4.0000000      6.7578125      0.0000165      0.5000000      0.9999999
      4.0000000      6.8554688      0.0000224      0.5000000      0.9999999
      4.0000000      6.9531250      0.0000166      0.5000000      0.9999999
      4.0000000      7.0507812      0.0000253      0.5000000      0.9999999
      4.0000000      7.1484375      0.0000294      0.5000000      0.9999999
      4.0000000      7.2460938      0.0000242      0.5000000      0.9999999
      4.0000000      7.3437500      0.0000273      0.5000000      0.9999999
      4.0000000      7.4414062      0.0000243      0.5000000      0.9999999
      4.0000000      7.5390625      0.0000155      0.5000000      0.9999999
      4.0000000      7.6367188      0.0000170      0.5000000      0.9999999
      4.0000000      7.7343750      0.0000145      0.5000000      0.9999999
      4.0000000      7.8320312      0.0000095      0.5000000      0.9999999
      4.0000000      7.9296875      0.0000137      0.5000000      0.9999999
      4.0000000      8.0273438      0.0000149      0.5000000      0.9999999
      4.0000000      8.1250000      0.0000202      0.5000000      0.9999999
      4.0000000      8.2226562      0.0000256      0.5000000      0.9999999
      4.0000000      8.3203125      0.0000230      0.5000000      0.9999999
      4.0000000      8.4179688      0.0000221      0.5000000      0.9999999
      4.0000000      8.5156250      0.0000253      0.5000000      0.9999999
      4.0000000      8.6132812      0.0000241      0.5000000      0.9999999
      4.0000000      8.7109375      0.0000193      0.5000000      0.9999999
      4.0000000      8.8085938      0.0000148      0.5000000      0.9999999
      4.0000000      8.9062500      0.0000133      0.5000000      0.9999999
      4.0000000      9.0039062      0.0000146      0.5000000      0.9999999
      4.0000000      9.1015625      0.0000156      0.5000000      0.9999999
      4.0000000      9.1992188      0.0000133      0.5000000      0.9999999
      4.0000000      9.2968750      0.0000121      0.5000000      0.9999999
      4.0000000      9.3945312      0.0000172      0.5000000      0.9999999
      4.0000000      9.4921875      0.0000203      0.5000000      0.9999999
      4.0000000      9.5898438      0.0000193      0.5000000      0.9999999
      4.0000000      9.6875000      0.0000156      0.5000000      0.9999999
      4.0000000      9.7851562      0.0000163      0.5000000      0.9999999
      4.0000000      9.8828125      0.0000208      0.5000000      0.9999999
      4.0000000      9.9804688      0.0000177      0.5000000      0.9999999
      4.0000000     10.0781250      0.0000127      0.5000000      0.9999999
      4.0000000     10.1757812      0.0000096      0.5000000      0.9999999
      4.0000000     10.2734375      0.0000135      0.5000000      0.9999999
      4.0000000     10.3710938      0.0000171      0.5000000      0.9999999
      4.0000000     10.4687500      0.0000120      0.5000000      0.9999999
      4.0000000     10.5664062      0.0000090      0.5000000      0.9999999
      4.0000000     10.6640625      0.0000081      0.5000000      0.9999999
      4.0000000     10.7617188      0.0000149      0.5000000      0.9999999
      4.0000000     10.8593750      0.0000161      0.5000000      0.9999999
      4.0000000     10.9570312      0.0000062      0.5000000      0.9999999
      4.0000000     11.0546875      0.0000131      0.5000000      0.9999999
      4.0000000     11.1523438      0.0000125      0.5000000      0.9999999
      4.0000000     11.2500000      0.0000191      0.5000000      0.9999999
      4.0000000     11.3476562      0.0000133      0.5000000      0.9999999
      4.0000000     11.4453125      0.0000077      0.5000000      0.9999999
      4.0000000     11.5429688      0.0000183      0.5000000      0.9999999
      4.0000000     11.6406250      0.0000135      0.5000000      0.9999999
      4.0000000     11.7382812      0.0000206      0.5000000      0.9999999
      4.0000000     11.8359375      0.0000116      0.5000000      0.9999999
      4.0000000     11.9335938      0.0000137      0.5000000      0.9999999
      4.0000000     12.0312500      0.0000168      0.5000000      0.9999999
      4.0000000     12.1289062      0.0000097      0.5000000      0.9999999
      4.0000000     12.2265625      0.0000193      0.5000000      0.9999999
      4.0000000     12.3242188      0.0000065      0.5000000      0.9999999
      4.0000000     12.4218750      0.0000188      0.5000000      0.9999999
      4.0000000     12.5195312      0.0000125      0.5000000      0.9999999
      4.0000000     12.6171875      0.0000128      0.5000000      0.9999999
      4.0000000     12.7148438      0.0000159      0.5000000      0.9999999
      4.0000000     12.8125000      0.0000098      0.5000000      0.9999999
      4.0000000     12.9101562      0.0000294      0.5000000      0.9999999
      4.0000000     13.0078125      0.0000219      0.5000000      0.9999999
      4.0000000     13.1054688      0.0000160      0.5000000      0.9999999
      4.0000000     13.2031250      0.0000090      0.5000000      0.9999999
      4.0000000     13.3007812      0.0000217      0.5000000      0.9999999
      4.0000000     13.3984375      0.0000354      0.5000000      0.9999999
      4.0000000     13.4960938      0.0000241      0.5000000      0.9999999
      4.0000000     13.5937500      0.0000126      0.5000000      0.9999999
      4.0000000     13.6914062      0.0000031      0.5000000      0.9999999
      4.0000000     13.7890625      0.0000233      0.5000000      0.9999999
      4.0000000     13.8867188      0.0000240      0.5000000      0.9999999
      4.0000000     13.9843750      0.0000073      0.5000000      0.9999999
      4.0000000     14.0820312      0.0000154      0.5000000      0.9999999
      4.0000000     14.1796875      0.0000098      0.5000000      0.9999999
      4.0000000     14.2773438      0.0000137      0.5000000      0.9999999
      4.0000000     14.3750000      0.0000054      0.5000000      0.9999999
      4.0000000     14.4726562      0.0000185      0.5000000      0.9999999
      4.0000000     14.5703125      0.0000287      0.5000000      0.9999999
      4.0000000     14.6679688      0.0000196      0.5000000      0.9999999
      4.0000000     14.7656250      0.0000121      0.5000000      0.9999999
      4.0000000     14.8632812      0.0000127      0.5000000      0.9999999
      4.0000000     14.9609375      0.0000225      0.5000000      0.9999999
      4.0000000     15.0585938      0.0000232      0.5000000      0.9999999
      4.0000000     15.1562500      0.0000131      0.5000000      0.9999999
      4.0000000     15.2539062      0.0000104      0.5000000      0.9999999
      4.0000000     15.3515625      0.0000101      0.5000000      0.9999999
      4.0000000     15.4492188      0.0000111      0.5000000      0.9999999
      4.0000000     15.5468750      0.0000062      0.5000000      0.9999999
      4.0000000     15.6445312      0.0000073      0.5000000      0.9999999
      4.0000000     15.7421875      0.0000098      0.5000000      0.9999999
      4.0000000     15.8398438      0.0000063      0.5000000      0.9999999
      4.0000000     15.9375000      0.0000043      0.5000000      0.9999999
      4.0000000     16.0351562      0.0000069      0.5000000      0.9999999
      4.0000000     16.1328125      0.0000146      0.5000000      0.9999999
      4.0000000     16.2304688      0.0000109      0.5000000      0.9999999
      4.0000000     16.3281250      0.0000099      0.5000000      0.9999999
      4.0000000     16.4257812      0.0000087      0.5000000      0.9999999
      4.0000000     16.5234375      0.0000113      0.5000000      0.9999999
      4.0000000     16.6210938      0.0000122      0.5000000      0.9999999
      4.0000000     16.7187500      0.0000062      0.5000000      0.9999999
      4.0000000     16.8164062      0.0000106      0.5000000      0.9999999
      4.0000000     16.9140625      0.0000097      0.5000000      0.9999999
      4.0000000     17.0117188      0.0000118      0.5000000      0.9999999
      4.0000000     17.1093750      0.0000058      0.5000000      0.9999999
      4.0000000     17.2070312      0.0000083      0.5000000      0.9999999
      4.0000000     17.3046875      0.0000095      0.5000000      0.9999999
      4.0000000     17.4023438      0.0000094      0.5000000      0.9999999
      4.0000000     17.5000000      0.0000093      0.5000000      0.9999999
      4.0000000     17.5976562      0.0000067      0.5000000      0.9999999
      4.0000000     17.6953125      0.0000115      0.5000000      0.9999999
      4.0000000     17.7929688      0.0000063      0.5000000      0.9999999
      4.0000000     17.8906250      0.0000093      0.5000000      0.9999999
      4.0000000     17.9882812      0.0000050      0.5000000      0.9999999
      4.0000000     18.0859375      0.0000113      0.5000000      0.9999999
      4.0000000     18.1835938      0.0000091      0.5000000      0.9999999
      4.0000000     18.2812500      0.0000063      0.5000000      0.9999999
      4.0000000     18.3789062      0.0000087      0.5000000      0.9999999
      4.0000000     18.4765625      0.0000054      0.5000000      0.9999999
      4.0000000     18.5742188      0.0000120      0.5000000      0.9999999
      4.0000000     18.6718750      0.0000027      0.5000000      0.9999999
      4.0000000     18.7695312      0.0000107      0.5000000      0.9999999
      4.0000000     18.8671875      0.0000055      0.5000000      0.9999999
      4.0000000     18.9648438      0.0000085      0.5000000      0.9999999
      4.0000000     19.0625000      0.0000074      0.5000000      0.9999999
      4.0000000     19.1601562      0.0000065      0.5000000      0.9999999
      4.0000000     19.2578125      0.0000115      0.5000000      0.9999999
      4.0000000     19.3554688      0.0000032      0.5000000      0.9999999
      4.0000000     19.4531250      0.0000099      0.5000000      0.9999999
      4.0000000     19.5507812      0.0000009      0.5000000      0.9999999
      4.0000000     19.6484375      0.0000106      0.5000000      0.9999999
      4.0000000     19.7460938      0.0000061      0.5000000      0.9999999
      4.0000000     19.8437500      0.0000082      0.5000000      0.9999999
      4.0000000     19.9414062      0.0000082      0.5000000      0.9999999


      4.5000000    -20.0000000      0.0000000      0.0000000      0.9999999
      4.5000000    -19.9023438      0.0000253      0.0000000      0.9999999
      4.5000000    -19.8046875      0.0000614      0.0000000      0.9999999
      4.5000000    -19.7070312      0.0000573      0.0000000      0.9999999
      4.5000000    -19.6093750      0.0000721      0.0000000      0.9999999
      4.5000000    -19.5117188      0.0000546      0.0000000      0.9999999
      4.5000000    -19.4140625      0.0000389      0.0000000      0.9999999
      4.5000000    -19.3164062      0.0000374      0.0000000      0.9999999
      4.5000000    -19.2187500      0.0000303      0.0000000      0.9999999
      4.5000000    -19.1210938      0.0000517      0.0000000      0.9999999
      4.5000000    -19.0234375      0.0000661      0.0000000      0.9999999
      4.5000000    -18.9257812      0.0001145      0.0000000      0.9999999
      4.5000000    -18.8281250      0.0001333      0.0000000      0.9999999
      4.5000000    -18.7304688      0.0001770      0.0000000      0.9999999
      4.5000000    -18.6328125      0.0001938      0.0000000      0.9999999
      4.5000000    -18.5351562      0.0002099      0.0000000      0.9999999
      4.5000000    -18.4375000      0.0002105      0.0000000      0.9999999
      4.5000000    -18.3398438      0.0002162      0.0000000      0.9999999
      4.5000000    -18.2421875      0.0001982      0.0000000      0.9999999
      4.5000000    -18.1445312      0.0002237      0.0000000      0.9999999
      4.5000000    -18.0468750      0.0002170      0.0000000      0.9999999
      4.5000000    -17.9492188      0.0002849      0.0000000      0.9999999
      4.5000000    -17.8515625      0.0003078      0.0000000      0.9999999
      4.5000000    -17.7539062      0.0004000      0.0000000      0.9999999
      4.5000000    -17.6562500      0.0004480      0.0000000      0.9999999
      4.5000000    -17.5585938      0.0005204      0.0000000      0.9999999
      4.5000000    -17.4609375      0.0005865      0.0000000      0.9999999
      4.5000000    -17.3632812      0.0006240      0.0000000      0.9999999
      4.5000000    -17.2656250      0.0006902      0.0000000      0.9999999
      4.5000000    -17.1679688      0.0007155      0.0000000      0.9999999
      4.5000000    -17.0703125      0.0007736      0.0000000      0.9999999
      4.5000000    -16.9726562      0.0008208      0.0000000      0.9999999
      4.5000000    -16.8750000      0.0008923      0.0000000      0.9999999
      4.5000000    -16.7773438      0.0009826      0.0000000      0.9999999
      4.5000000    -16.6796875      0.0011016      0.0000000      0.9999999
      4.5000000    -16.5820312      0.0012272      0.0000000      0.9999999
      4.5000000    -16.4843750      0.0014076      0.0000000      0.9999999
      4.5000000    -16.3867188      0.0015472      0.0000000      0.9999999
      4.5000000    -16.2890625      0.0017662      0.0000000      0.9999999
      4.5000000    -16.1914062      0.0019198      0.0000000      0.9999999
      4.5000000    -16.0937500      0.0021328      0.0000000      0.9999999
      4.5000000    -15.9960938      0.0023229      0.0000000      0.9999999
      4.5000000    -15.8984375      0.0025074      0.0000000      0.9999999
      4.5000000    -15.8007812      0.0027510      0.0000000      0.9999999
      4.5000000    -15.7031250      0.0029366      0.0000000      0.9999999
      4.5000000    -15.6054688      0.0032336      0.0000000      0.9999999
      4.5000000    -15.5078125      0.0034829      0.0000000      0.9999999
      4.5000000    -15.4101562      0.0038291      0.0000000      0.9999999
      4.5000000    -15.3125000      0.0041892      0.0000000      0.9999999
      4.5000000    -15.2148438      0.0045907      0.0000000      0.9999999
      4.5000000    -15.1171875      0.0050636      0.0000000      0.9999999
      4.5000000    -15.0195312      0.0055355      0.0000000      0.9999999
      4.5000000    -14.9218750      0.0060898      0.0000000      0.9999999
      4.5000000    -14.8242188      0.0066446      0.0000000      0.9999999
      4.5000000    -14.7265625      0.0072522      0.0000000      0.9999999
      4.5000000    -14.6289062      0.0078911      0.0000000      0.9999999
      4.5000000    -14.5312500      0.0085537      0.0000000      0.9999999
      4.5000000    -14.4335938      0.0092740      0.0000000      0.9999999
      4.5000000    -14.3359375      0.0100225      0.0000000      0.9999999
      4.5000000    -14.2382812      0.0108334      0.0000000      0.9999999
      4.5000000    -14.1406250      0.0117079      0.0000000      0.9999999
      4.5000000    -14.0429688      0.0126395      0.0000000      0.9999999
      4.5000000    -13.9453125      0.0136703      0.0000000      0.9999999
      4.5000000    -13.8476562      0.0147643      0.0000000      0.9999999
      4.5000000    -13.7500000      0.0159656      0.0000000      0.9999999
      4.5000000    -13.6523438      0.0172541      0.0000000      0.9999999
      4.5000000    -13.5546875      0.0186305      0.0000000      0.9999999
      4.5000000    -13.4570312      0.0201215      0.0000000      0.9999999
      4.5000000    -13.3593750      0.0216802      0.0000000      0.9999999
      4.5000000    -13.2617188      0.0233624      0.0000000      0.9999999
      4.5000000    -13.1640625      0.0251175      0.0000000      0.9999999
      4.5000000    -13.0664062      0.0269799      0.0000000      0.9999999
      4.5000000    -12.9687500      0.0289456      0.0000000      0.9999999
      4.5000000    -12.8710938      0.0309972      0.0000000      0.9999999
      4.5000000    -12.7734375      0.0331843      0.0000000      0.9999999
      4.5000000    -12.6757812      0.0354591      0.0000000      0.9999999
      4.5000000    -12.5781250      0.0378820      0.0000000      0.9999999
      4.5000000    -12.4804688      0.0404243      0.0000000      0.9999999
      4.5000000    -12.3828125      0.0431079      0.0000000      0.9999999
      4.5000000    -12.2851562      0.0459514      0.0000000      0.9999999
      4.5000000    -12.1875000      0.0489285      0.0000000      0.9999999
      4.5000000    -12.0898438      0.0520887      0.0000000      0.9999999
      4.5000000    -11.9921875      0.0553902      0.0000000      0.9999999
      4.5000000    -11.8945312      0.0588717      0.0000000      0.9999999
      4.5000000    -11.7968750      0.0625151      0.0000000      0.9999999
      4.5000000    -11.6992188      0.0663191      0.0000000      0.9999999
      4.5000000    -11.6015625      0.0703021      0.0000000      0.9999999
      4.5000000    -11.5039062      0.0744302      0.0000000      0.9999999
      4.5000000    -11.4062500      0.0787390      0.0000000      0.9999999
      4.5000000    -11.3085938      0.0831938      0.0000000      0.9999999
      4.5000000    -11.2109375      0.0878165      0.0000000      0.9999999
      4.5000000    -11.1132812      0.0925992      0.0000000      0.9999999
      4.5000000    -11.0156250      0.0975333      0.0000000      0.9999999
      4.5000000    -10.9179688      0.1026405      0.0000000      0.9999999
      4.5000000    -10.8203125      0.1078925      0.0000000      0.9999999
      4.5000000    -10.7226562      0.1133196      0.0000000      0.9999999
      4.5000000    -10.6250000      0.1188993      0.0000000      0.9999999
      4.5000000    -10.5273438      0.1246448      0.0000000      0.9999999
      4.5000000    -10.4296875      0.1305565      0.0000000      0.9999999
      4.5000000    -10.3320312      0.1366208      0.0000000      0.9999999
      4.5000000    -10.2343750      0.1428563      0.0000000      0.9999999
      4.5000000    -10.1367188      0.1492361      0.0000000      0.9999999
      4.5000000    -10.0390625      0.1557764      0.0000000      0.9999999
      4.5000000     -9.9414062      0.1624573      0.0000000      0.9999999
      4.5000000     -9.8437500      0.1692764      0.0000000      0.9999999
      4.5000000     -9.7460938      0.1762283      0.0000000      0.9999999
      4.5000000     -9.6484375      0.1832929      0.0000000      0.9999999
      4.5000000     -9.5507812      0.1904737      0.0000000      0.9999999
      4.5000000     -9.4531250      0.1977434      0.0000000      0.9999999
      4.5000000     -9.3554688      0.2051048      0.0000000      0.9999999
      4.5000000     -9.2578125      0.2125350      0.0000000      0.9999999
      4.5000000     -9.1601562      0.2200275      0.0000000      0.9999999
      4.5000000     -9.0625000      0.2275722      0.0000000      0.9999999
      4.5000000     -8.9648438      0.2351485      0.0000000      0.9999999
      4.5000000     -8.8671875      0.2427592      0.0000000      0.9999999
      4.5000000     -8.7695312      0.2503765      0.0000000      0.9999999
      4.5000000     -8.6718750      0.2580024      0.0000000      0.9999999
      4.5000000     -8.5742188      0.2656172      0.0000000      0.9999999
      4.5000000     -8.4765625      0.2732085      0.0000000      0.9999999
      4.5000000     -8.3789062      0.2807703      0.0000000      0.9999999
      4.5000000     -8.2812500      0.2882778      0.0000000      0.9999999
      4.5000000     -8.1835938      0.2957284      0.0000000      0.9999999
      4.5000000     -8.0859375      0.3030971      0.0000000      0.9999999
      4.5000000     -7.9882812      0.3103736      0.0000000      0.9999999
      4.5000000     -7.8906250      0.3175401      0.0000000      0.9999999
      4.5000000     -7.7929688      0.3245775      0.0000000      0.9999999
      4.5000000     -7.6953125      0.3314746      0.0000000      0.9999999
      4.5000000     -7.5976562      0.3382082      0.0000000      0.9999999
      4.5000000     -7.5000000      0.3447685      0.0000000      0.9999999
      4.5000000     -7.4023438      0.3511356      0.0000000      0.9999999
      4.5000000     -7.3046875      0.3572955      0.0000000      0.9999999
      4.5000000     -7.2070312      0.3632358      0.0000000      0.9999999
      4.5000000     -7.1093750      0.3689391      0.0000000      0.9999999
      4.5000000     -7.0117188      0.3743965      0.0000000      0.9999999
      4.5000000     -6.9140625      0.3795936      0.0000000      0.9999999
      4.5000000     -6.8164062      0.3845192      0.0000000      0.9999999
      4.5000000     -6.7187500      0.3891626      0.0000000      0.9999999
      4.5000000     -6.6210938      0.3935111      0.0000000      0.9999999
      4.5000000     -6.5234375      0.3975513      0.0000000      0.9999999
      4.5000000     -6.4257812      0.4012727      0.0000000      0.9999999
      4.5000000     -6.3281250      0.4046578      0.0000000      0.9999999
      4.5000000     -6.2304688      0.4076936      0.0000000      0.9999999
      4.5000000     -6.1328125      0.4103660      0.0000000      0.9999999
      4.5000000     -6.0351562      0.4126528      0.0000000      0.9999999
      4.5000000     -5.9375000      0.4145477      0.0000000      0.9999999
      4.5000000     -5.8398438      0.4160250      0.0000000      0.9999999
      4.5000000     -5.7421875      0.4170794      0.0000000      0.9999999
      4.5000000     -5.6445312      0.4176967      0.0000000      0.9999999
      4.5000000     -5.5468750      0.4178687      0.0000000      0.9999999
      4.5000000     -5.4492188      0.4176003      0.0000000      0.9999999
      4.5000000     -5.3515625      0.4168892      0.0000000      0.9999999
      4.5000000     -5.2539062      0.4157550      0.0000000      0.9999999
      4.5000000     -5.1562500      0.4142147      0.0000000      0.9999999
      4.5000000     -5.0585938      0.4122974      0.0000000      0.9999999
      4.5000000     -4.9609375      0.4100401      0.0000000      0.9999999
      4.5000000     -4.8632812      0.4074847      0.0000000      0.9999999
      4.5000000     -4.7656250      0.4046735      0.0000000      0.9999999
      4.5000000     -4.6679688      0.4016612      0.0000000      0.9999999
      4.5000000     -4.5703125      0.3984792      0.0000000      0.9999999
      4.5000000     -4.4726562      0.3951795      0.0000000      0.9999999
      4.5000000     -4.3750000      0.3917747      0.0000000      0.9999999
      4.5000000     -4.2773438      0.3882865      0.0000000      0.9999999
      4.5000000     -4.1796875      0.3847030      0.0000000      0.9999999
      4.5000000     -4.0820312      0.3809995      0.0000000      0.9999999
      4.5000000     -3.9843750      0.3771289      0.0000000      0.9999999
      4.5000000     -3.8867188      0.3730258      0.0000000      0.9999999
      4.5000000     -3.7890625      0.3686041      0.0000000      0.9999999
      4.5000000     -3.6914062      0.3637748      0.0000000      0.9999999
      4.5000000     -3.5937500      0.3584325      0.0000000      0.9999999
      4.5000000     -3.4960938      0.3524830      0.0000000      0.9999999
      4.5000000     -3.3984375      0.3458412      0.0000000      0.9999999
      4.5000000     -3.3007812      0.3384332      0.0000000      0.9999999
      4.5000000     -3.2031250      0.3302325      0.0000000      0.9999999
      4.5000000     -3.1054688      0.3212267      0.0000000      0.9999999
      4.5000000     -3.0078125      0.3114727      0.0000000      0.9999999
      4.5000000     -2.9101562      0.3010626      0.0000000      0.9999999
      4.5000000     -2.8125000      0.2901576      0.0000000      0.9999999
      4.5000000     -2.7148438      0.2789728      0.0000000      0.9999999
      4.5000000     -2.6171875      0.2677895      0.0000000      0.9999999
      4.5000000     -2.5195312      0.2569280      0.0000000      0.9999999
      4.5000000     -2.4218750      0.2467648      0.0000000      0.9999999
      4.5000000     -2.3242188      0.2376570      0.0000000      0.9999999
      4.5000000     -2.2265625      0.2299632      0.0000000      0.9999999
      4.5000000     -2.1289062      0.2239346      0.0000000      0.9999999
      4.5000000     -2.0312500      0.2197174      0.0000000      0.9999999
      4.5000000     -1.9335938      0.2172807      0.0000000      0.9999999
      4.5000000     -1.8359375      0.2164238      0.0000000      0.9999999
      4.5000000     -1.7382812      0.2167845      0.0000000      0.9999999
      4.5000000     -1.6406250      0.2178901      0.0000000      0.9999999
      4.5000000     -1.5429688      0.2191935      0.0000000      0.9999999
      4.5000000     -1.4453125      0.2201534      0.0000000      0.9999999
      4.5000000     -1.3476562      0.2202346      0.0000000      0.9999999
      4.5000000     -1.2500000      0.2189787      0.0000000      0.9999999
      4.5000000     -1.1523438      0.2159827      0.0000000      0.9999999
      4.5000000     -1.0546875      0.2109344      0.0000000      0.9999999
      4.5000000     -0.9570312      0.2036023      0.0000000      0.9999999
      4.5000000     -0.8593750      0.1938418      0.0000000      0.9999999
      4.5000000     -0.7617188      0.1815921      0.0000000      0.9999999
      4.5000000     -0.6640625      0.1668785      0.0000000      0.9999999
      4.5000000     -0.5664062      0.1497977      0.0000000      0.9999999
      4.5000000     -0.4687500      0.1305265      0.0000000      0.9999999
      4.5000000     -0.3710938      0.1092970      0.0000000      0.9999999
      4.5000000     -0.2734375      0.0864023      0.0000000      0.9999999
      4.5000000     -0.1757812      0.0621741      0.0000000      0.9999999
      4.5000000     -0.0781250      0.0369801      0.0000000      0.9999999
      4.5000000      0.0195312      0.0124585      0.5000000      0.9999999
      4.5000000      0.1171875      0.0031629      0.5000000      0.9999999
      4.5000000      0.2148438      0.0008025      0.5000000      0.9999999
      4.5000000      0.3125000      0.0002043      0.5000000      0.9999999
      4.5000000      0.4101562      0.0000507      0.5000000      0.9999999
      4.5000000      0.5078125      0.0000146      0.5000000      0.9999999
      4.5000000      0.6054688      0.0000032      0.5000000      0.9999999
      4.5000000      0.7031250      0.0000039      0.5000000      0.9999999
      4.5000000      0.8007812      0.0000045      0.5000000      0.9999999
      4.5000000      0.8984375      0.0000063      0.5000000      0.9999999
      4.5000000      0.9960938      0.0000064      0.5000000      0.9999999
      4.5000000      1.0937500      0.0000068      0.5000000      0.9999999
      4.5000000      1.1914062      0.0000077      0.5000000      0.9999999
      4.5000000      1.2890625      0.0000076      0.5000000      0.9999999
      4.5000000      1.3867188      0.0000085      0.5000000      0.9999999
      4.5000000      1.4843750      0.0000086      0.5000000      0.9999999
      4.5000000      1.5820312      0.0000075      0.5000000      0.9999999
      4.5000000      1.6796875      0.0000080      0.5000000      0.9999999
      4.5000000      1.7773438      0.0000085      0.5000000      0.9999999
      4.5000000      1.8750000      0.0000087      0.5000000      0.9999999
      4.5000000      1.9726562      0.0000096      0.5000000      0.9999999
      4.5000000      2.0703125      0.0000088      0.5000000      0.9999999
      4.5000000      2.1679688      0.0000086      0.5000000      0.9999999
      4.5000000      2.2656250      0.0000105      0.5000000      0.9999999
      4.5000000      2.3632812      0.0000111      0.5000000      0.9999999
      4.5000000      2.4609375      0.0000114      0.5000000      0.9999999
      4.5000000      2.5585938      0.0000116      0.5000000      0.9999999
      4.5000000      2.6562500      0.0000114      0.5000000      0.9999999
      4.5000000      2.7539062      0.0000136      0.5000000      0.9999999
      4.5000000      2.8515625      0.0000154      0.5000000      0.9999999
      4.5000000      2.9492188      0.0000149      0.5000000      0.9999999
      4.5000000      3.0468750      0.0000143      0.5000000      0.9999999
      4.5000000      3.1445312      0.0000147      0.5000000      0.9999999
      4.5000000      3.2421875      0.0000159      0.5000000      0.9999999
      4.5000000      3.3398438      0.0000174      0.5000000      0.9999999
      4.5000000      3.4375000      0.0000166      0.5000000      0.9999999
      4.5000000      3.5351562      0.0000141      0.5000000      0.9999999
      4.5000000      3.6328125      0.0000146      0.5000000      0.9999999
      4.5000000      3.7304688      0.0000164      0.5000000      0.9999999
      4.5000000      3.8281250      0.0000171      0.5000000      0.9999999
      4.5000000      3.9257812      0.0000162      0.5000000      0.9999999
      4.5000000      4.0234375      0.0000138      0.5000000      0.9999999
      4.5000000      4.1210938      0.0000149      0.5000000      0.9999999
      4.5000000      4.2187500      0.0000183      0.5000000      0.9999999
      4.5000000      4.3164062      0.0000188      0.5000000      0.9999999
      4.5000000      4.4140625      0.0000169      0.5000000      0.9999999
      4.5000000      4.5117188      0.0000157      0.5000000      0.9999999
      4.5000000      4.6093750      0.0000179      0.5000000      0.9999999
      4.5000000      4.7070312      0.0000215      0.5000000      0.9999999
      4.5000000      4.8046875      0.0000217      0.5000000      0.9999999
      4.5000000      4.9023438      0.0000181      0.5000000      0.9999999
      4.5000000      5.0000000      0.0000170      0.5000000      0.9999999
      4.5000000      5.0976562      0.0000205      0.5000000      0.9999999
      4.5000000      5.1953125      0.0000230      0.5000000      0.9999999
      4.5000000      5.2929688      0.0000218      0.5000000      0.9999999
      4.5000000      5.3906250      0.0000171      0.5000000      0.9999999
      4.5000000      5.4882812      0.0000164      0.5000000      0.9999999
      4.5000000      5.5859375      0.0000214      0.5000000      0.9999999
      4.5000000      5.6835938      0.0000228      0.5000000      0.9999999
      4.5000000      5.7812500      0.0000196      0.5000000      0.9999999
      4.5000000      5.8789062      0.0000151      0.5000000      0.9999999
      4.5000000      5.9765625      0.0000174      0.5000000      0.9999999
      4.5000000      6.0742188      0.0000232      0.5000000      0.9999999
      4.5000000      6.1718750      0.0000231      0.5000000      0.9999999
      4.5000000      6.2695312      0.0000179      0.5000000      0.9999999
      4.5000000      6.3671875      0.0000153      0.5000000      0.9999999
      4.5000000      6.4648438      0.0000212      0.5000000      0.9999999
      4.5000000      6.5625000      0.0000261      0.5000000      0.9999999
      4.5000000      6.6601562      0.0000232      0.5000000      0.9999999
      4.5000000      6.7578125      0.0000166      0.5000000      0.9999999
      4.5000000      6.8554688      0.0000165      0.5000000      0.9999999
      4.5000000      6.9531250      0.0000241      0.5000000      0.9999999
      4.5000000      7.0507812      0.0000266      0.5000000      0.9999999
      4.5000000      7.1484375      0.0000204      0.5000000      0.9999999
      4.5000000      7.2460938      0.0000141      0.5000000      0.9999999
      4.5000000      7.3437500      0.0000182      0.5000000      0.9999999
      4.5000000      7.4414062      0.0000255      0.5000000      0.9999999
      4.5000000      7.5390625      0.0000242      0.5000000      0.9999999
      4.5000000      7.6367188      0.0000149      0.5000000      0.9999999
      4.5000000      7.7343750      0.0000142      0.5000000      0.9999999
      4.5000000      7.8320312      0.0000221      0.5000000      0.9999999
      4.5000000      7.9296875      0.0000265      0.5000000      0.9999999
      4.5000000      8.0273438      0.0000207      0.5000000      0.9999999
      4.5000000      8.1250000      0.0000104      0.5000000      0.9999999
      4.5000000      8.2226562      0.0000186      0.5000000      0.9999999
      4.5000000      8.3203125      0.0000262      0.5000000      0.9999999
      4.5000000      8.4179688      0.0000259      0.5000000      0.9999999
      4.5000000      8.5156250      0.0000161      0.5000000      0.9999999
      4.5000000      8.6132812      0.0000110      0.5000000      0.9999999
      4.5000000      8.7109375      0.0000229      0.5000000      0.9999999
      4.5000000      8.8085938      0.0000267      0.5000000      0.9999999
      4.5000000      8.9062500      0.0000209      0.5000000      0.9999999
      4.5000000      9.0039062      0.0000109      0.5000000      0.9999999
      4.5000000      9.1015625      0.0000174      0.5000000      0.9999999
      4.5000000      9.1992188      0.0000267      0.5000000      0.9999999
      4.5000000      9.2968750      0.0000236      0.5000000      0.9999999
      4.5000000      9.3945312      0.0000101      0.5000000      0.9999999
      4.5000000      9.4921875      0.0000078      0.5000000      0.9999999
      4.5000000      9.5898438      0.0000221      0.5000000      0.9999999
      4.5000000      9.6875000      0.0000280      0.5000000      0.9999999
      4.5000000      9.7851562      0.0000219      0.5000000      0.9999999
      4.5000000      9.8828125      0.0000082      0.5000000      0.9999999
      4.5000000      9.9804688      0.0000178      0.5000000      0.9999999
      4.5000000     10.0781250      0.0000237      0.5000000      0.9999999
      4.5000000     10.1757812      0.0000177      0.5000000      0.9999999
      4.5000000     10.2734375      0.0000164      0.5000000      0.9999999
      4.5000000     10.3710938      0.0000143      0.5000000      0.9999999
      4.5000000     10.4687500      0.0000271      0.5000000      0.9999999
      4.5000000     10.5664062      0.0000321      0.5000000      0.9999999
      4.5000000     10.6640625      0.0000085      0.5000000      0.9999999
      4.5000000     10.7617188      0.0000078      0.5000000      0.9999999
      4.5000000     10.8593750      0.0000146      0.5000000      0.9999999
      4.5000000     10.9570312      0.0000178      0.5000000      0.9999999
      4.5000000     11.0546875      0.0000337      0.5000000      0.9999999
      4.5000000     11.1523438      0.0000163      0.5000000      0.9999999
      4.5000000     11.2500000      0.0000180      0.5000000      0.9999999
      4.5000000     11.3476562      0.0000324      0.5000000      0.9999999
      4.5000000     11.4453125      0.0000147      0.5000000      0.9999999
      4.5000000     11.5429688      0.0000204      0.5000000      0.9999999
      4.5000000     11.6406250      0.0000058      0.5000000      0.9999999
      4.5000000     11.7382812      0.0000126      0.5000000      0.9999999
      4.5000000     11.8359375      0.0000396      0.5000000      0.9999999
      4.5000000     11.9335938      0.0000262      0.5000000      0.9999999
      4.5000000     12.0312500      0.0000118      0.5000000      0.9999999
      4.5000000     12.1289062      0.0000242      0.5000000      0.9999999
      4.5000000     12.2265625      0.0000206      0.5000000      0.9999999
      4.5000000     12.3242188      0.0000258      0.5000000      0.9999999
      4.5000000     12.4218750      0.0000125      0.5000000      0.9999999
      4.5000000     12.5195312      0.0000104      0.5000000      0.9999999
      4.5000000     12.6171875      0.0000330      0.5000000      0.9999999
      4.5000000     12.7148438      0.0000305      0.5000000      0.9999999
      4.5000000     12.8125000      0.0000106      0.5000000      0.9999999
      4.5000000     12.9101562      0.0000129      0.5000000      0.9999999
      4.5000000     13.0078125      0.0000230      0.5000000      0.9999999
      4.5000000     13.1054688      0.0000216      0.5000000      0.9999999
      4.5000000     13.2031250      0.0000188      0.5000000      0.9999999
      4.5000000     13.3007812      0.0000111      0.5000000      0.9999999
      4.5000000     13.3984375      0.0000211      0.5000000      0.9999999
      4.5000000     13.4960938      0.0000298      0.5000000      0.9999999
      4.5000000     13.5937500      0.0000084      0.5000000      0.9999999
      4.5000000     13.6914062      0.0000019      0.5000000      0.9999999
      4.5000000     13.7890625      0.0000197      0.5000000      0.9999999
      4.5000000     13.8867188      0.0000140      0.5000000      0.9999999
      4.5000000     13.9843750      0.0000189      0.5000000      0.9999999
      4.5000000     14.0820312      0.0000068      0.5000000      0.9999999
      4.5000000     14.1796875      0.0000103      0.5000000      0.9999999
      4.5000000     14.2773438      0.0000211      0.5000000      0.9999999
      4.5000000     14.3750000      0.0000109      0.5000000      0.9999999
      4.5000000     14.4726562      0.0000036      0.5000000      0.9999999
      4.5000000     14.5703125      0.0000132      0.5000000      0.9999999
      4.5000000     14.6679688      0.0000132      0.5000000      0.9999999
      4.5000000     14.7656250      0.0000167      0.5000000      0.9999999
      4.5000000     14.8632812      0.0000083      0.5000000      0.9999999
      4.5000000     14.9609375      0.0000029      0.5000000      0.9999999
      4.5000000     15.0585938      0.0000200      0.5000000      0.9999999
      4.5000000     15.1562500      0.0000083      0.5000000      0.9999999
      4.5000000     15.2539062      0.0000113      0.5000000      0.9999999
      4.5000000     15.3515625      0.0000094      0.5000000      0.9999999
      4.5000000     15.4492188      0.0000077      0.5000000      0.9999999
      4.5000000     15.5468750      0.0000168      0.5000000      0.9999999
      4.5000000     15.6445312      0.0000063      0.5000000      0.9999999
      4.5000000     15.7421875      0.0000087      0.5000000      0.9999999
      4.5000000     15.8398438      0.0000082      0.5000000      0.9999999
      4.5000000     15.9375000      0.0000162      0.5000000      0.9999999
      4.5000000     16.0351562      0.0000017      0.5000000      0.9999999
      4.5000000     16.1328125      0.0000033      0.5000000      0.9999999
      4.5000000     16.2304688      0.0000159      0.5000000      0.9999999
      4.5000000     16.3281250      0.0000117      0.5000000      0.9999999
      4.5000000     16.4257812      0.0000137      0.5000000      0.9999999
      4.5000000     16.5234375      0.0000027      0.5000000      0.9999999
      4.5000000     16.6210938      0.0000144      0.5000000      0.9999999
      4.5000000     16.7187500      0.0000038      0.5000000      0.9999999
      4.5000000     16.8164062      0.0000112      0.5000000      0.9999999
      4.5000000     16.9140625      0.0000107      0.5000000      0.9999999
      4.5000000     17.0117188      0.0000040      0.5000000      0.9999999
      4.5000000     17.1093750      0.0000197      0.5000000      0.9999999
      4.5000000     17.2070312      0.0000063      0.5000000      0.9999999
      4.5000000     17.3046875      0.0000121      0.5000000      0.9999999
      4.5000000     17.4023438      0.0000070      0.5000000      0.9999999
      4.5000000     17.5000000      0.0000157      0.5000000      0.9999999
      4.5000000     17.5976562      0.0000065      0.5000000      0.9999999
      4.5000000     17.6953125      0.0000026      0.5000000      0.9999999
      4.5000000     17.7929688      0.0000195      0.5000000      0.9999999
      4.5000000     17.8906250      0.0000042      0.5000000      0.9999999
      4.5000000     17.9882812      0.0000168      0.5000000      0.9999999
      4.5000000     18.0859375      0.0000016      0.5000000      0.9999999
      4.5000000     18.1835938      0.0000157      0.5000000      0.9999999
      4.5000000     18.2812500      0.0000091      0.5000000      0.9999999
      4.5000000     18.3789062      0.0000077      0.5000000      0.9999999
      4.5000000     18.4765625      0.0000101      0.5000000      0.9999999
      4.5000000     18.5742188      0.0000075      0.5000000      0.9999999
      4.5000000     18.6718750      0.0000216      0.5000000      0.9999999
      4.5000000     18.7695312      0.0000037      0.5000000      0.9999999
      4.5000000     18.8671875      0.0000114      0.5000000      0.9999999
      4.5000000     18.9648438      0.0000059      0.5000000      0.9999999
      4.5000000     19.0625000      0.0000182      0.5000000      0.9999999
      4.5000000     19.1601562      0.0000074      0.5000000      0.9999999
      4.5000000     19.2578125      0.0000078      0.5000000      0.9999999
      4.5000000     19.3554688      0.0000134      0.5000000      0.9999999
      4.5000000     19.4531250      0.0000109      0.5000000      0.9999999
      4.5000000     19.5507812      0.0000106      0.5000000      0.9999999
      4.5000000     19.6484375      0.0000096      0.5000000      0.9999999
      4.5000000     19.7460938      0.0000193      0.5000000      0.9999999
      4.5000000     19.8437500      0.0000084      0.5000000      0.9999999
      4.5000000     19.9414062      0.0000066      0.5000000      0.9999999


      5.0000000    -20.0000000      0.0000000      0.0000000      0.9999999
      5.0000000    -19.9023438      0.0000492      0.0000000      0.9999999
      5.0000000    -19.8046875      0.0000786      0.0000000      0.9999999
      5.0000000    -19.7070312      0.0001124      0.0000000      0.9999999
      5.0000000    -19.6093750      0.0001048      0.0000000      0.9999999
      5.0000000    -19.5117188      0.0000984      0.0000000      0.9999999
      5.0000000    -19.4140625      0.0000681      0.0000000      0.9999999
      5.0000000    -19.3164062      0.0000295      0.0000000      0.9999999
      5.0000000    -19.2187500      0.0000169      0.0000000      0.9999999
      5.0000000    -19.1210938      0.0000277      0.0000000      0.9999999
      5.0000000    -19.0234375      0.0000339      0.0000000      0.9999999
      5.0000000    -18.9257812      0.0000410      0.0000000      0.9999999
      5.0000000    -18.8281250      0.0000630      0.0000000      0.9999999
      5.0000000    -18.7304688      0.0001073      0.0000000      0.9999999
      5.0000000    -18.6328125      0.0001461      0.0000000      0.9999999
      5.0000000    -18.5351562      0.0001991      0.0000000      0.9999999
      5.0000000    -18.4375000      0.0002293      0.0000000      0.9999999
      5.0000000    -18.3398438      0.0002445      0.0000000      0.9999999
      5.0000000    -18.2421875      0.0002638      0.0000000      0.9999999
      5.0000000    -18.1445312      0.0002320      0.0000000      0.9999999
      5.0000000    -18.0468750      0.0002464      0.0000000      0.9999999
      5.0000000    -17.9492188      0.0002055      0.0000000      0.9999999
      5.0000000    -17.8515625      0.0002215      0.0000000      0.9999999
      5.0000000    -17.7539062      0.0002279      0.0000000      0.9999999
      5.0000000    -17.6562500      0.0002576      0.0000000      0.9999999
      5.0000000    -17.5585938      0.0003259      0.0000000      0.9999999
      5.0000000    -17.4609375      0.0003838      0.0000000      0.9999999
      5.0000000    -17.3632812      0.0004728      0.0000000      0.9999999
      5.0000000    -17.2656250      0.0005564      0.0000000      0.9999999
      5.0000000    -17.1679688      0.0006307      0.0000000      0.9999999
      5.0000000    -17.0703125      0.0007172      0.0000000      0.9999999
      5.0000000    -16.9726562      0.0007775      0.0000000      0.9999999
      5.0000000    -16.8750000      0.0008407      0.0000000      0.9999999
      5.0000000    -16.7773438      0.0009103      0.0000000      0.9999999
      5.0000000    -16.6796875      0.0009470      0.0000000      0.9999999
      5.0000000    -16.5820312      0.0010420      0.0000000      0.9999999
      5.0000000    -16.4843750      0.0010847      0.0000000      0.9999999
      5.0000000    -16.3867188      0.0012015      0.0000000      0.9999999
      5.0000000    -16.2890625      0.0012980      0.0000000      0.9999999
      5.0000000    -16.1914062      0.0014320      0.0000000      0.9999999
      5.0000000    -16.0937500      0.0016002      0.0000000      0.9999999
      5.0000000    -15.9960938      0.0017659      0.0000000      0.9999999
      5.0000000    -15.8984375      0.0019817      0.0000000      0.9999999
      5.0000000    -15.8007812      0.0021976      0.0000000      0.9999999
      5.0000000    -15.7031250      0.0024340      0.0000000      0.9999999
      5.0000000    -15.6054688      0.0026949      0.0000000      0.9999999
      5.0000000    -15.5078125      0.0029530      0.0000000      0.9999999
      5.0000000    -15.4101562      0.0032328      0.0000000      0.9999999
      5.0000000    -15.3125000      0.0035313      0.0000000      0.9999999
      5.0000000    -15.2148438      0.0038165      0.0000000      0.9999999
      5.0000000    -15.1171875      0.0041628      0.0000000      0.9999999
      5.0000000    -15.0195312      0.0044802      0.0000000      0.9999999
      5.0000000    -14.9218750      0.0048650      0.0000000      0.9999999
      5.0000000    -14.8242188      0.0052647      0.0000000      0.9999999
      5.0000000    -14.7265625      0.0056913      0.0000000      0.9999999
      5.0000000    -14.6289062      0.0062003      0.0000000      0.9999999
      5.0000000    -14.5312500      0.0067069      0.0000000      0.9999999
      5.0000000    -14.4335938      0.0073138      0.0000000      0.9999999
      5.0000000    -14.3359375      0.0079466      0.0000000      0.9999999
      5.0000000    -14.2382812      0.0086369      0.0000000      0.9999999
      5.0000000    -14.1406250      0.0094054      0.0000000      0.9999999
      5.0000000    -14.0429688      0.0101934      0.0000000      0.9999999
      5.0000000    -13.9453125      0.0110693      0.0000000      0.9999999
      5.0000000    -13.8476562      0.0119825      0.0000000      0.9999999
      5.0000000    -13.7500000      0.0129451      0.0000000      0.9999999
      5.0000000    -13.6523438      0.0139884      0.0000000      0.9999999
      5.0000000    -13.5546875      0.0150573      0.0000000      0.9999999
      5.0000000    -13.4570312      0.0162153      0.0000000      0.9999999
      5.0000000    -13.3593750      0.0174313      0.0000000      0.9999999
      5.0000000    -13.2617188      0.0187067      0.0000000      0.9999999
      5.0000000    -13.1640625      0.0200924      0.0000000      0.9999999
      5.0000000    -13.0664062      0.0215278      0.0000000      0.9999999
      5.0000000    -12.9687500      0.0230841      0.0000000      0.9999999
      5.0000000    -12.8710938      0.0247330      0.0000000      0.9999999
      5.0000000    -12.7734375      0.0264735      0.0000000      0.9999999
      5.0000000    -12.6757812      0.0283585      0.0000000      0.9999999
      5.0000000    -12.5781250      0.0303248      0.0000000      0.9999999
      5.0000000    -12.4804688      0.0324386      0.0000000      0.9999999
      5.0000000    -12.3828125      0.0346707      0.0000000      0.9999999
      5.0000000    -12.2851562      0.0370133      0.0000000      0.9999999
      5.0000000    -12.1875000      0.0395141      0.0000000      0.9999999
      5.0000000    -12.0898438      0.0421110      0.0000000      0.9999999
      5.0000000    -11.9921875      0.0448586      0.0000000      0.9999999
      5.0000000    -11.8945312      0.0477347      0.0000000      0.9999999
      5.0000000    -11.7968750      0.0507249      0.0000000      0.9999999
      5.0000000    -11.6992188      0.0538773      0.0000000      0.9999999
      5.0000000    -11.6015625      0.0571373      0.0000000      0.9999999
      5.0000000    -11.5039062      0.0605507      0.0000000      0.9999999
      5.0000000    -11.4062500      0.0641083      0.0000000      0.9999999
      5.0000000    -11.3085938      0.0677909      0.0000000      0.9999999
      5.0000000    -11.2109375      0.0716490      0.0000000      0.9999999
      5.0000000    -11.1132812      0.0756369      0.0000000      0.9999999
      5.0000000    -11.0156250      0.0797901      0.0000000      0.9999999
      5.0000000    -10.9179688      0.0841110      0.0000000      0.9999999
      5.0000000    -10.8203125      0.0885742      0.0000000      0.9999999
      5.0000000    -10.7226562      0.0932259      0.0000000      0.9999999
      5.0000000    -10.6250000      0.0980272      0.0000000      0.9999999
      5.0000000    -10.5273438      0.1029973      0.0000000      0.9999999
      5.0000000    -10.4296875      0.1081442      0.0000000      0.9999999
      5.0000000    -10.3320312      0.1134353      0.0000000      0.9999999
      5.0000000    -10.2343750      0.1189056      0.0000000      0.9999999
      5.0000000    -10.1367188      0.1245233      0.0000000      0.9999999
      5.0000000    -10.0390625      0.1302903      0.0000000      0.9999999
      5.0000000     -9.9414062      0.1362173      0.0000000      0.9999999
      5.0000000     -9.8437500      0.1422684      0.0000000      0.9999999
      5.0000000     -9.7460938      0.1484672      0.0000000      0.9999999
      5.0000000     -9.6484375      0.1547915      0.0000000      0.9999999
      5.0000000     -9.5507812      0.1612307      0.0000000      0.9999999
      5.0000000     -9.4531250      0.1677997      0.0000000      0.9999999
      5.0000000     -9.3554688      0.1744637      0.0000000      0.9999999
      5.0000000     -9.2578125      0.1812368      0.0000000      0.9999999
      5.0000000     -9.1601562      0.1881069      0.0000000      0.9999999
      5.0000000     -9.0625000      0.1950528      0.0000000      0.9999999
      5.0000000     -8.9648438      0.2020919      0.0000000      0.9999999
      5.0000000     -8.8671875      0.2091913      0.0000000      0.9999999
      5.0000000     -8.7695312      0.2163548      0.0000000      0.9999999
      5.0000000     -8.6718750      0.2235784      0.0000000      0.9999999
      5.0000000     -8.5742188      0.2308307      0.0000000      0.9999999
      5.0000000     -8.4765625      0.2381264      0.0000000      0.9999999
      5.0000000     -8.3789062      0.2454341      0.0000000      0.9999999
      5.0000000     -8.2812500      0.2527447      0.0000000      0.9999999
      5.0000000     -8.1835938      0.2600575      0.0000000      0.9999999
      5.0000000     -8.0859375      0.2673369      0.0000000      0.9999999
      5.0000000     -7.9882812      0.2745914      0.0000000      0.9999999
      5.0000000     -7.8906250      0.2817954      0.0000000      0.9999999
      5.0000000     -7.7929688      0.2889349      0.0000000      0.9999999
      5.0000000     -7.6953125      0.2960102      0.0000000      0.9999999
      5.0000000     -7.5976562      0.3029920      0.0000000      0.9999999
      5.0000000     -7.5000000      0.3098850      0.0000000      0.9999999
      5.0000000     -7.4023438      0.3166713      0.0000000      0.9999999
      5.0000000     -7.3046875      0.3233409      0.0000000      0.9999999
      5.0000000     -7.2070312      0.3298930      0.0000000      0.9999999
      5.0000000     -7.1093750      0.3363079      0.0000000      0.9999999
      5.0000000     -7.0117188      0.3425861      0.0000000      0.9999999
      5.0000000     -6.9140625      0.3487123      0.0000000      0.9999999
      5.0000000     -6.8164062      0.3546743      0.0000000      0.9999999
      5.0000000     -6.7187500      0.3604614      0.0000000      0.9999999
      5.0000000     -6.6210938      0.3660524      0.0000000      0.9999999
      5.0000000     -6.5234375      0.3714280      0.0000000      0.9999999
      5.0000000     -6.4257812      0.3765658      0.0000000      0.9999999
      5.0000000     -6.3281250      0.3814343      0.0000000      0.9999999
      5.0000000     -6.2304688      0.3860052      0.0000000      0.9999999
      5.0000000     -6.1328125      0.3902470      0.0000000      0.9999999
      5.0000000     -6.0351562      0.3941205      0.0000000      0.9999999
      5.0000000     -5.9375000      0.3976001      0.0000000      0.9999999
      5.0000000     -5.8398438      0.4006506      0.0000000      0.9999999
      5.0000000     -5.7421875      0.4032470      0.0000000      0.9999999
      5.0000000     -5.6445312      0.4053778      0.0000000      0.9999999
      5.0000000     -5.5468750      0.4070242      0.0000000      0.9999999
      5.0000000     -5.4492188      0.4082000      0.0000000      0.9999999
      5.0000000     -5.3515625      0.4089171      0.0000000      0.9999999
      5.0000000     -5.2539062      0.4092015      0.0000000      0.9999999
      5.0000000     -5.1562500      0.4091139      0.0000000      0.9999999
      5.0000000     -5.0585938      0.4086922      0.0000000      0.9999999
      5.0000000     -4.9609375      0.4080233      0.0000000      0.9999999
      5.0000000     -4.8632812      0.4071758      0.0000000      0.9999999
      5.0000000     -4.7656250      0.4062213      0.0000000      0.9999999
      5.0000000     -4.6679688      0.4052434      0.0000000      0.9999999
      5.0000000     -4.5703125      0.4042947      0.0000000      0.9999999
      5.0000000     -4.4726562      0.4034099      0.0000000      0.9999999
      5.0000000     -4.3750000      0.4026185      0.0000000      0.9999999
      5.0000000     -4.2773438      0.4018899      0.0000000      0.9999999
      5.0000000     -4.1796875      0.4011673      0.0000000      0.9999999
      5.0000000     -4.0820312      0.4003863      0.0000000      0.9999999
      5.0000000     -3.9843750      0.3993935      0.0000000      0.9999999
      5.0000000     -3.8867188      0.3980558      0.0000000      0.9999999
      5.0000000     -3.7890625      0.3962177      0.0000000      0.9999999
      5.0000000     -3.6914062      0.3936613      0.0000000      0.9999999
      5.0000000     -3.5937500      0.3902467      0.0000000      0.9999999
      5.0000000     -3.4960938      0.3858031      0.0000000      0.9999999
      5.0000000     -3.3984375      0.3801612      0.0000000      0.9999999
      5.0000000     -3.3007812      0.3732859      0.0000000      0.9999999
      5.0000000     -3.2031250      0.3650921      0.0000000      0.9999999
      5.0000000     -3.1054688      0.3556174      0.0000000      0.9999999
      5.0000000     -3.0078125      0.3450022      0.0000000      0.9999999
      5.0000000     -2.9101562      0.3333945      0.0000000      0.9999999
      5.0000000     -2.8125000      0.3210930      0.0000000      0.9999999
      5.0000000     -2.7148438      0.3085026      0.0000000      0.9999999
      5.0000000     -2.6171875      0.2960255      0.0000000      0.9999999
      5.0000000     -2.5195312      0.2842553      0.0000000      0.9999999
      5.0000000     -2.4218750      0.2737724      0.0000000      0.9999999
      5.0000000     -2.3242188      0.2651145      0.0000000      0.9999999
      5.0000000     -2.2265625      0.2588298      0.0000000      0.9999999
      5.0000000     -2.1289062      0.2552069      0.0000000      0.9999999
      5.0000000     -2.0312500      0.2542793      0.0000000      0.9999999
      5.0000000     -1.9335938      0.2558843      0.0000000      0.9999999
      5.0000000     -1.8359375      0.2594789      0.0000000      0.9999999
      5.0000000     -1.7382812      0.2644000      0.0000000      0.9999999
      5.0000000     -1.6406250      0.2699002      0.0000000      0.9999999
      5.0000000     -1.5429688      0.2751426      0.0000000      0.9999999
      5.0000000     -1.4453125      0.2794005      0.0000000      0.9999999
      5.0000000     -1.3476562      0.2820219      0.0000000      0.9999999
      5.0000000     -1.2500000      0.2823906      0.0000000      0.9999999
      5.0000000     -1.1523438      0.2800841      0.0000000      0.9999999
      5.0000000     -1.0546875      0.2747222      0.0000000      0.9999999
      5.0000000     -0.9570312      0.2660379      0.0000000      0.9999999
      5.0000000     -0.8593750      0.2539236      0.0000000      0.9999999
      5.0000000     -0.7617188      0.2383155      0.0000000      0.9999999
      5.0000000     -0.6640625      0.2192998      0.0000000      0.9999999
      5.0000000     -0.5664062      0.1970639      0.0000000      0.9999999
      5.0000000     -0.4687500      0.1718372      0.0000000      0.9999999
      5.0000000     -0.3710938      0.1439813      0.0000000      0.9999999
      5.0000000     -0.2734375      0.1138788      0.0000000      0.9999999
      5.0000000     -0.1757812      0.0819710      0.0000000      0.9999999
      5.0000000     -0.0781250      0.0487739      0.0000000      0.9999999
      5.0000000      0.0195312      0.0164285      0.5000000      0.9999999
      5.0000000      0.1171875      0.0041670      0.5000000      0.9999999
      5.0000000      0.2148438      0.0010561      0.5000000      0.9999999
      5.0000000      0.3125000      0.0002579      0.5000000      0.9999999
      5.0000000      0.4101562      0.0000624      0.5000000      0.9999999
      5.0000000      0.5078125      0.0000238      0.5000000      0.9999999
      5.0000000      0.6054688      0.0000076      0.5000000      0.9999999
      5.0000000      0.7031250      0.0000049      0.5000000      0.9999999
      5.0000000      0.8007812      0.0000134      0.5000000      0.9999999
      5.0000000      0.8984375      0.0000003      0.5000000      0.9999999
      5.0000000      0.9960938      0.0000063      0.5000000      0.9999999
      5.0000000      1.0937500      0.0000042      0.5000000      0.9999999
      5.0000000      1.1914062      0.0000070      0.5000000      0.9999999
      5.0000000      1.2890625      0.0000144      0.5000000      0.9999999
      5.0000000      1.3867188      0.0000073      0.5000000      0.9999999
      5.0000000      1.4843750      0.0000052      0.5000000      0.9999999
      5.0000000      1.5820312      0.0000053      0.5000000      0.9999999
      5.0000000      1.6796875      0.0000103      0.5000000      0.9999999
      5.0000000      1.7773438      0.0000127      0.5000000      0.9999999
      5.0000000      1.8750000      0.0000092      0.5000000      0.9999999
      5.0000000      1.9726562      0.0000034      0.5000000      0.9999999
      5.0000000      2.0703125      0.0000063      0.5000000      0.9999999
      5.0000000      2.1679688      0.0000149      0.5000000      0.9999999
      5.0000000      2.2656250      0.0000153      0.5000000      0.9999999
      5.0000000      2.3632812      0.0000129      0.5000000      0.9999999
      5.0000000      2.4609375      0.0000057      0.5000000      0.9999999
      5.0000000      2.5585938      0.0000065      0.5000000      0.9999999
      5.0000000      2.6562500      0.0000154      0.5000000      0.9999999
      5.0000000      2.7539062      0.0000153      0.5000000      0.9999999
      5.0000000      2.8515625      0.0000111      0.5000000      0.9999999
      5.0000000      2.9492188      0.0000053      0.5000000      0.9999999
      5.0000000      3.0468750      0.0000122      0.5000000      0.9999999
      5.0000000      3.1445312      0.0000212      0.5000000      0.9999999
      5.0000000      3.2421875      0.0000226      0.5000000      0.9999999
      5.0000000      3.3398438      0.0000157      0.5000000      0.9999999
      5.0000000      3.4375000      0.0000112      0.5000000      0.9999999
      5.0000000      3.5351562      0.0000167      0.5000000      0.9999999
      5.0000000      3.6328125      0.0000219      0.5000000      0.9999999
      5.0000000      3.7304688      0.0000195      0.5000000      0.9999999
      5.0000000      3.8281250      0.0000077      0.5000000      0.9999999
      5.0000000      3.9257812      0.0000088      0.5000000      0.9999999
      5.0000000      4.0234375      0.0000225      0.5000000      0.9999999
      5.0000000      4.1210938      0.0000263      0.5000000      0.9999999
      5.0000000      4.2187500      0.0000226      0.5000000      0.9999999
      5.0000000      4.3164062      0.0000138      0.5000000      0.9999999
      5.0000000      4.4140625      0.0000153      0.5000000      0.9999999
      5.0000000      4.5117188      0.0000238      0.5000000      0.9999999
      5.0000000      4.6093750      0.0000246      0.5000000      0.9999999
      5.0000000      4.7070312      0.0000163      0.5000000      0.9999999
      5.0000000      4.8046875      0.0000016      0.5000000      0.9999999
      5.0000000      4.9023438      0.0000168      0.5000000      0.9999999
      5.0000000      5.0000000      0.0000259      0.5000000      0.9999999
      5.0000000      5.0976562      0.0000269      0.5000000      0.9999999
      5.0000000      5.1953125      0.0000187      0.5000000      0.9999999
      5.0000000      5.2929688      0.0000145      0.5000000      0.9999999
      5.0000000      5.3906250      0.0000264      0.5000000      0.9999999
      5.0000000      5.4882812      0.0000314      0.5000000      0.9999999
      5.0000000      5.5859375      0.0000238      0.5000000      0.9999999
      5.0000000      5.6835938      0.0000081      0.5000000      0.9999999
      5.0000000      5.7812500      0.0000110      0.5000000      0.9999999
      5.0000000      5.8789062      0.0000283      0.5000000      0.9999999
      5.0000000      5.9765625      0.0000330      0.5000000      0.9999999
      5.0000000      6.0742188      0.0000216      0.5000000      0.9999999
      5.0000000      6.1718750      0.0000161      0.5000000      0.9999999
      5.0000000      6.2695312      0.0000266      0.5000000      0.9999999
      5.0000000      6.3671875      0.0000308      0.5000000      0.9999999
      5.0000000      6.4648438      0.0000290      0.5000000      0.9999999
      5.0000000      6.5625000      0.0000145      0.5000000      0.9999999
      5.0000000      6.6601562      0.0000117      0.5000000      0.9999999
      5.0000000      6.7578125      0.0000302      0.5000000      0.9999999
      5.0000000      6.8554688      0.0000290      0.5000000      0.9999999
      5.0000000      6.9531250      0.0000208      0.5000000      0.9999999
      5.0000000      7.0507812      0.0000160      0.5000000      0.9999999
      5.0000000      7.1484375      0.0000172      0.5000000      0.9999999
      5.0000000      7.2460938      0.0000343      0.5000000      0.9999999
      5.0000000      7.3437500      0.0000344      0.5000000      0.9999999
      5.0000000      7.4414062      0.0000119      0.5000000      0.9999999
      5.0000000      7.5390625      0.0000127      0.5000000      0.9999999
      5.0000000      7.6367188      0.0000218      0.5000000      0.9999999
      5.0000000      7.7343750      0.0000281      0.5000000      0.9999999
      5.0000000      7.8320312      0.0000304      0.5000000      0.9999999
      5.0000000      7.9296875      0.0000101      0.5000000      0.9999999
      5.0000000      8.0273438      0.0000235      0.5000000      0.9999999
      5.0000000      8.1250000      0.0000378      0.5000000      0.9999999
      5.0000000      8.2226562      0.0000255      0.5000000      0.9999999
      5.0000000      8.3203125      0.0000125      0.5000000      0.9999999
      5.0000000      8.4179688      0.0000086      0.5000000      0.9999999
      5.0000000      8.5156250      0.0000227      0.5000000      0.9999999
      5.0000000      8.6132812      0.0000395      0.5000000      0.9999999
      5.0000000      8.7109375      0.0000276      0.5000000      0.9999999
      5.0000000      8.8085938      0.0000055      0.5000000      0.9999999
      5.0000000      8.9062500      0.0000275      0.5000000      0.9999999
      5.0000000      9.0039062      0.0000256      0.5000000      0.9999999
      5.0000000      9.1015625      0.0000239      0.5000000      0.9999999
      5.0000000      9.1992188      0.0000191      0.5000000      0.9999999
      5.0000000      9.2968750      0.0000063      0.5000000      0.9999999
      5.0000000      9.3945312      0.0000330      0.5000000      0.9999999
      5.0000000      9.4921875      0.0000344      0.5000000      0.9999999
      5.0000000      9.5898438      0.0000123      0.5000000      0.9999999
      5.0000000      9.6875000      0.0000128      0.5000000      0.9999999
      5.0000000      9.7851562      0.0000161      0.5000000      0.9999999
      5.0000000      9.8828125      0.0000242      0.5000000      0.9999999
      5.0000000      9.9804688      0.0000304      0.5000000      0.9999999
      5.0000000     10.0781250      0.0000116      0.5000000      0.9999999
      5.0000000     10.1757812      0.0000182      0.5000000      0.9999999
      5.0000000     10.2734375      0.0000321      0.5000000      0.9999999
      5.0000000     10.3710938      0.0000221      0.5000000      0.9999999
      5.0000000     10.4687500      0.0000137      0.5000000      0.9999999
      5.0000000     10.5664062      0.0000093      0.5000000      0.9999999
      5.0000000     10.6640625      0.0000168      0.5000000      0.9999999
      5.0000000     10.7617188      0.0000310      0.5000000      0.9999999
      5.0000000     10.8593750      0.0000232      0.5000000      0.9999999
      5.0000000     10.9570312      0.0000028      0.5000000      0.9999999
      5.0000000     11.0546875      0.0000205      0.5000000      0.9999999
      5.0000000     11.1523438      0.0000225      0.5000000      0.9999999
      5.0000000     11.2500000      0.0000189      0.5000000      0.9999999
      5.0000000     11.3476562      0.0000125      0.5000000      0.9999999
      5.0000000     11.4453125      0.0000074      0.5000000      0.9999999
      5.0000000     11.5429688      0.0000254      0.5000000      0.9999999
      5.0000000     11.6406250      0.0000261      0.5000000      0.9999999
      5.0000000     11.7382812      0.0000102      0.5000000      0.9999999
      5.0000000     11.8359375      0.0000096      0.5000000      0.9999999
      5.0000000     11.9335938      0.0000169      0.5000000      0.9999999
      5.0000000     12.0312500      0.0000201      0.5000000      0.9999999
      5.0000000     12.1289062      0.0000174      0.5000000      0.9999999
      5.0000000     12.2265625      0.0000036      0.5000000      0.9999999
      5.0000000     12.3242188      0.0000148      0.5000000      0.9999999
      5.0000000     12.4218750      0.0000223      0.5000000      0.9999999
      5.0000000     12.5195312      0.0000150      0.5000000      0.9999999
      5.0000000     12.6171875      0.0000041      0.5000000      0.9999999
      5.0000000     12.7148438      0.0000106      0.5000000      0.9999999
      5.0000000     12.8125000      0.0000169      0.5000000      0.9999999
      5.0000000     12.9101562      0.0000186      0.5000000      0.9999999
      5.0000000     13.0078125      0.0000094      0.5000000      0.9999999
      5.0000000     13.1054688      0.0000065      0.5000000      0.9999999
      5.0000000     13.2031250      0.0000181      0.5000000      0.9999999
      5.0000000     13.3007812      0.0000178      0.5000000      0.9999999
      5.0000000     13.3984375      0.0000095      0.5000000      0.9999999
      5.0000000     13.4960938      0.0000046      0.5000000      0.9999999
      5.0000000     13.5937500      0.0000121      0.5000000      0.9999999
      5.0000000     13.6914062      0.0000158      0.5000000      0.9999999
      5.0000000     13.7890625      0.0000113      0.5000000      0.9999999
      5.0000000     13.8867188      0.0000013      0.5000000      0.9999999
      5.0000000     13.9843750      0.0000109      0.5000000      0.9999999
      5.0000000     14.0820312      0.0000151      0.5000000      0.9999999
      5.0000000     14.1796875      0.0000107      0.5000000      0.9999999
      5.0000000     14.2773438      0.0000038      0.5000000      0.9999999
      5.0000000     14.3750000      0.0000089      0.5000000      0.9999999
      5.0000000     14.4726562      0.0000140      0.5000000      0.9999999
      5.0000000     14.5703125      0.0000131      0.5000000      0.9999999
      5.0000000     14.6679688      0.0000053      0.5000000      0.9999999
      5.0000000     14.7656250      0.0000063      0.5000000      0.9999999
      5.0000000     14.8632812      0.0000118      0.5000000      0.9999999
      5.0000000     14.9609375      0.0000107      0.5000000      0.9999999
      5.0000000     15.0585938      0.0000049      0.5000000      0.9999999
      5.0000000     15.1562500      0.0000039      0.5000000      0.9999999
      5.0000000     15.2539062      0.0000094      0.5000000      0.9999999
      5.0000000     15.3515625      0.0000097      0.5000000      0.9999999
      5.0000000     15.4492188      0.0000047      0.5000000      0.9999999
      5.0000000     15.5468750      0.0000039      0.5000000      0.9999999
      5.0000000     15.6445312      0.0000095      0.5000000      0.9999999
      5.0000000     15.7421875      0.0000104      0.5000000      0.9999999
      5.0000000     15.8398438      0.0000063      0.5000000      0.9999999
      5.0000000     15.9375000      0.0000036      0.5000000      0.9999999
      5.0000000     16.0351562      0.0000082      0.5000000      0.9999999
      5.0000000     16.1328125      0.0000097      0.5000000      0.9999999
      5.0000000     16.2304688      0.0000066      0.5000000      0.9999999
      5.0000000     16.3281250      0.0000015      0.5000000      0.9999999
      5.0000000     16.4257812      0.0000047      0.5000000      0.9999999
      5.0000000     16.5234375      0.0000071      0.5000000      0.9999999
      5.0000000     16.6210938      0.0000047      0.5000000      0.9999999
      5.0000000     16.7187500      0.0000011      0.5000000      0.9999999
      5.0000000     16.8164062      0.0000057      0.5000000      0.9999999
      5.0000000     16.9140625      0.0000062      0.5000000      0.9999999
      5.0000000     17.0117188      0.0000049      0.5000000      0.9999999
      5.0000000     17.1093750      0.0000024      0.5000000      0.9999999
      5.0000000     17.2070312      0.0000049      0.5000000      0.9999999
      5.0000000     17.3046875      0.0000075      0.5000000      0.9999999
      5.0000000     17.4023438      0.0000053      0.5000000      0.9999999
      5.0000000     17.5000000      0.0000030      0.5000000      0.9999999
      5.0000000     17.5976562      0.0000050      0.5000000      0.9999999
      5.0000000     17.6953125      0.0000057      0.5000000      0.9999999
      5.0000000     17.7929688      0.0000048      0.5000000      0.9999999
      5.0000000     17.8906250      0.0000014      0.5000000      0.9999999
      5.0000000     17.9882812      0.0000012      0.5000000      0.9999999
      5.0000000     18.0859375      0.0000044      0.5000000      0.9999999
      5.0000000     18.1835938      0.0000032      0.5000000      0.9999999
      5.0000000     18.2812500      0.0000005      0.5000000      0.9999999
      5.0000000     18.3789062      0.0000026      0.5000000      0.9999999
      5.0000000     18.4765625      0.0000035      0.5000000      0.9999999
      5.0000000     18.5742188      0.0000032      0.5000000      0.9999999
      5.0000000     18.6718750      0.0000020      0.5000000      0.9999999
      5.0000000     18.7695312      0.0000033      0.5000000      0.9999999
      5.0000000     18.8671875      0.0000039      0.5000000      0.9999999
      5.0000000     18.9648438      0.0000036      0.5000000      0.9999999
      5.0000000     19.0625000      0.0000027      0.5000000      0.9999999
      5.0000000     19.1601562      0.0000036      0.5000000      0.9999999
      5.0000000     19.2578125      0.0000046      0.5000000      0.9999999
      5.0000000     19.3554688      0.0000031      0.5000000      0.9999999
      5.0000000     19.4531250      0.0000021      0.5000000      0.9999999
      5.0000000     19.5507812      0.0000022      0.5000000      0.9999999
      5.0000000     19.6484375      0.0000031      0.5000000      0.9999999
      5.0000000     19.7460938      0.0000027      0.5000000      0.9999999
      5.0000000     19.8437500      0.0000010      0.5000000      0.9999999
      5.0000000     19.9414062      0.0000002      0.5000000      0.9999999


