   1.0000000000000007        19.980468750000000        7.8730867959293381E-023
   1.0000000000000007        19.882812500000000        4.8114831711083126E-022
   1.0000000000000007        19.785156250000000        9.2247403812374433E-022
   1.0000000000000007        19.687500000000000        1.4417854250917022E-021
   1.0000000000000007        19.589843750000000        2.0896062398665839E-021
   1.0000000000000007        19.492187500000000        2.9331569560001195E-021
   1.0000000000000007        19.394531250000000        4.0621834806921281E-021
   1.0000000000000007        19.296875000000000        5.5964311120497409E-021
   1.0000000000000007        19.199218750000000        7.6960147284635108E-021
   1.0000000000000007        19.101562500000000        1.0575928920981591E-020
   1.0000000000000007        19.003906250000000        1.4526214671925254E-020
   1.0000000000000007        18.906250000000000        1.9939619702385600E-020
   1.0000000000000007        18.808593750000000        2.7348709694499785E-020
   1.0000000000000007        18.710937500000000        3.7475815883077465E-020
   1.0000000000000007        18.613281250000000        5.1300534873462622E-020
   1.0000000000000007        18.515625000000000        7.0149926739635869E-020
   1.0000000000000007        18.417968750000000        9.5820011421303314E-020
   1.0000000000000007        18.320312500000000        1.3073884891173972E-019
   1.0000000000000007        18.222656250000000        1.7818487792539450E-019
   1.0000000000000007        18.125000000000000        2.4257982235005464E-019
   1.0000000000000007        18.027343750000000        3.2987942473945908E-019
   1.0000000000000007        17.929687500000000        4.4809541344623447E-019
   1.0000000000000007        17.832031250000000        6.0799060085391690E-019
   1.0000000000000007        17.734375000000000        8.2400730081252841E-019
   1.0000000000000007        17.636718750000000        1.1155101235500737E-018
   1.0000000000000007        17.539062500000000        1.5084570088602044E-018
   1.0000000000000007        17.441406250000000        2.0376428870727068E-018
   1.0000000000000007        17.343750000000000        2.7496804053191974E-018
   1.0000000000000007        17.246093750000000        3.7068604705106783E-018
   1.0000000000000007        17.148437500000000        4.9919814952057701E-018
   1.0000000000000007        17.050781250000000        6.7142415766110378E-018
   1.0000000000000007        16.953125000000000        9.0166593086377438E-018
   1.0000000000000007        16.855468750000000        1.2086718256079458E-017
   1.0000000000000007        16.757812500000000        1.6174370668645598E-017
   1.0000000000000007        16.660156250000000        2.1624239488822649E-017
   1.0000000000000007        16.562500000000000        2.8927554421642830E-017
   1.0000000000000007        16.464843750000000        3.8785242479144598E-017
   1.0000000000000007        16.367187500000000        5.2139417697681130E-017
   1.0000000000000007        16.269531250000000        7.0090158390893597E-017
   1.0000000000000007        16.171875000000000        9.3620882578966820E-017
   1.0000000000000007        16.074218750000000        1.2319076914856302E-016
   1.0000000000000007        15.976562500000000        1.5863863556943069E-016
   1.0000000000000007        15.878906250000000        2.0073103117264693E-016
   1.0000000000000007        15.781250000000000        2.5702118703269780E-016
   1.0000000000000007        15.683593750000000        3.5243085280273970E-016
   1.0000000000000007        15.585937500000000        5.3038269008878961E-016
   1.0000000000000007        15.488281250000000        8.2901665670520412E-016
   1.0000000000000007        15.390625000000000        1.2501755209444051E-015
   1.0000000000000007        15.292968750000000        1.7259163908538397E-015
   1.0000000000000007        15.195312500000000        2.0729361789967346E-015
   1.0000000000000007        15.097656250000000        2.0014795736647914E-015
   1.0000000000000007        15.000000000000000        2.0235879391571666E-015
   1.0000000000000007        14.902343750000000        5.6601759731375786E-015
   1.0000000000000007        14.804687500000000        1.4524931837842386E-014
   1.0000000000000007        14.707031250000000        3.0630911188929862E-014
   1.0000000000000007        14.609375000000000        5.7427213017676421E-014
   1.0000000000000007        14.511718750000000        1.0043721805441621E-013
   1.0000000000000007        14.414062500000000        1.7017944334856716E-013
   1.0000000000000007        14.316406250000000        2.8890407738400363E-013
   1.0000000000000007        14.218750000000000        5.0186009197084749E-013
   1.0000000000000007        14.121093750000000        8.9178794647249424E-013
   1.0000000000000007        14.023437500000000        1.5976924983905625E-012
   1.0000000000000007        13.925781250000000        2.8457055030691541E-012
   1.0000000000000007        13.828125000000000        5.0052323202165815E-012
   1.0000000000000007        13.730468750000000        8.6905599869526117E-012
   1.0000000000000007        13.632812500000000        1.4940225937964236E-011
   1.0000000000000007        13.535156250000000        2.5521314402576595E-011
   1.0000000000000007        13.437500000000000        4.3423124838900622E-011
   1.0000000000000007        13.339843750000000        7.3632909344385443E-011
   1.0000000000000007        13.242187500000000        1.2434295642871048E-010
   1.0000000000000007        13.144531250000000        2.0884128942038419E-010
   1.0000000000000007        13.046875000000000        3.4850081522126104E-010
   1.0000000000000007        12.949218750000000        5.7751525352135628E-010
   1.0000000000000007        12.851562500000000        9.5034754544597055E-010
   1.0000000000000007        12.753906250000000        1.5532757841774878E-009
   1.0000000000000007        12.656250000000000        2.5219810654968383E-009
   1.0000000000000007        12.558593750000000        4.0679014522175980E-009
   1.0000000000000007        12.460937500000000        6.5172053145092027E-009
   1.0000000000000007        12.363281250000000        1.0367862329169392E-008
   1.0000000000000007        12.265625000000000        1.6372516114298621E-008
   1.0000000000000007        12.167968750000000        2.5657690978863184E-008
   1.0000000000000007        12.070312500000000        3.9893162335126002E-008
   1.0000000000000007        11.972656250000000        6.1528826621069265E-008
   1.0000000000000007        11.875000000000000        9.4119793144302030E-008
   1.0000000000000007        11.777343750000000        1.4276333658048758E-007
   1.0000000000000007        11.679687500000000        2.1467335125721022E-007
   1.0000000000000007        11.582031250000000        3.1991820488038044E-007
   1.0000000000000007        11.484375000000000        4.7234468815684982E-007
   1.0000000000000007        11.386718750000000        6.9070104294443335E-007
   1.0000000000000007        11.289062500000000        9.9995135256942519E-007
   1.0000000000000007        11.191406250000000        1.4327366369567639E-006
   1.0000000000000007        11.093750000000000        2.0308801742648106E-006
   1.0000000000000007        10.996093750000000        2.8467536699567482E-006
   1.0000000000000007        10.898437500000000        3.9442186891195255E-006
   1.0000000000000007        10.800781250000000        5.3987406644448437E-006
   1.0000000000000007        10.703125000000000        7.2961517601981024E-006
   1.0000000000000007        10.605468750000000        9.7294299002323979E-006
   1.0000000000000007        10.507812500000000        1.2792788072444984E-005
   1.0000000000000007        10.410156250000000        1.6572367659295203E-005
   1.0000000000000007        10.312500000000000        2.1132958721496055E-005
   1.0000000000000007        10.214843750000000        2.6500506570858893E-005
   1.0000000000000007        10.117187500000000        3.2640795250349316E-005
   1.0000000000000007        10.019531250000000        3.9435694240064461E-005
   1.0000000000000007        9.9218750000000000        4.6659724763771657E-005
   1.0000000000000007        9.8242187500000000        5.3961356588085700E-005
   1.0000000000000007        9.7265625000000000        6.0855180290806623E-005
   1.0000000000000007        9.6289062500000000        6.6732631498600127E-005
   1.0000000000000007        9.5312500000000000        7.0900041007192801E-005
   1.0000000000000007        9.4335937500000000        7.2653576371483849E-005
   1.0000000000000007        9.3359375000000000        7.1402410136719107E-005
   1.0000000000000007        9.2382812500000000        6.6858879946614274E-005
   1.0000000000000007        9.1406250000000000        5.9341352951064303E-005
   1.0000000000000007        9.0429687500000000        5.0305605800422576E-005
   1.0000000000000007        8.9453125000000000        4.3174149456724358E-005
   1.0000000000000007        8.8476562500000000        4.2854965274963205E-005
   1.0000000000000007        8.7500000000000000        5.0404987764241860E-005
   1.0000000000000007        8.6523437500000000        6.1086317155383232E-005
   1.0000000000000007        8.5546875000000000        6.9798764924995779E-005
   1.0000000000000007        8.4570312500000000        7.3331898879887535E-005
   1.0000000000000007        8.3593750000000000        7.0541611788901007E-005
   1.0000000000000007        8.2617187500000000        6.2910998083249612E-005
   1.0000000000000007        8.1640625000000000        5.5547309735980606E-005
   1.0000000000000007        8.0664062500000000        5.5803772446914803E-005
   1.0000000000000007        7.9687500000000000        6.4735068764637968E-005
   1.0000000000000007        7.8710937500000000        7.4993062419651823E-005
   1.0000000000000007        7.7734375000000000        7.9672525143082440E-005
   1.0000000000000007        7.6757812500000000        7.6428646377253677E-005
   1.0000000000000007        7.5781250000000000        6.8709758560026163E-005
   1.0000000000000007        7.4804687500000000        6.5526332768186957E-005
   1.0000000000000007        7.3828125000000000        7.2656424803055109E-005
   1.0000000000000007        7.2851562500000000        8.3233366896695785E-005
   1.0000000000000007        7.1875000000000000        8.7610790947246375E-005
   1.0000000000000007        7.0898437500000000        8.3093645892833736E-005
   1.0000000000000007        6.9921875000000000        7.6401859668294656E-005
   1.0000000000000007        6.8945312500000000        7.8687013477638697E-005
   1.0000000000000007        6.7968750000000000        8.9122214292803247E-005
   1.0000000000000007        6.6992187500000000        9.5674834378345515E-005
   1.0000000000000007        6.6015625000000000        9.2373884518297532E-005
   1.0000000000000007        6.5039062500000000        8.6128053310248698E-005
   1.0000000000000007        6.4062500000000000        8.9583307895043106E-005
   1.0000000000000007        6.3085937500000000        1.0033604631575371E-004
   1.0000000000000007        6.2109375000000000        1.0473391869144764E-004
   1.0000000000000007        6.1132812500000000        9.9716860176387657E-005
   1.0000000000000007        6.0156250000000000        9.7727873618408742E-005
   1.0000000000000007        5.9179687500000000        1.0736300281305402E-004
   1.0000000000000007        5.8203125000000000        1.1630630662242825E-004
   1.0000000000000007        5.7226562500000000        1.1451385489660623E-004
   1.0000000000000007        5.6250000000000000        1.1185144170288305E-004
   1.0000000000000007        5.5273437500000000        1.2122567205792365E-004
   1.0000000000000007        5.4296875000000000        1.3162762502579755E-004
   1.0000000000000007        5.3320312500000000        1.3077573793213941E-004
   1.0000000000000007        5.2343750000000000        1.2999449236503590E-004
   1.0000000000000007        5.1367187500000000        1.4141173191031581E-004
   1.0000000000000007        5.0390625000000000        1.5002991290194095E-004
   1.0000000000000007        4.9414062500000000        1.4761750099719453E-004
   1.0000000000000007        4.8437500000000000        1.5165060475761559E-004
   1.0000000000000007        4.7460937500000000        1.6428998501049453E-004
   1.0000000000000007        4.6484375000000000        1.6635307788907458E-004
   1.0000000000000007        4.5507812500000000        1.6492799374456479E-004
   1.0000000000000007        4.4531250000000000        1.7578275994456814E-004
   1.0000000000000007        4.3554687500000000        1.8163762098398454E-004
   1.0000000000000007        4.2578125000000000        1.7815603848812231E-004
   1.0000000000000007        4.1601562500000000        1.8586595769155321E-004
   1.0000000000000007        4.0625000000000000        1.9278836031320576E-004
   1.0000000000000007        3.9648437500000000        1.8835902605555550E-004
   1.0000000000000007        3.8671875000000000        1.9410430616517859E-004
   1.0000000000000007        3.7695312500000000        1.9977746503641147E-004
   1.0000000000000007        3.6718750000000000        1.9427058594831824E-004
   1.0000000000000007        3.5742187500000000        1.9975685221725877E-004
   1.0000000000000007        3.4765625000000000        2.0206046145744729E-004
   1.0000000000000007        3.3789062500000000        1.9607250000552712E-004
   1.0000000000000007        3.2812500000000000        2.0211930536866425E-004
   1.0000000000000007        3.1835937500000000        1.9884762360468445E-004
   1.0000000000000007        3.0859375000000000        1.9528005997266094E-004
   1.0000000000000007        2.9882812500000000        1.9942139832201632E-004
   1.0000000000000007        2.8906250000000000        1.9101474433604350E-004
   1.0000000000000007        2.7929687500000000        1.9289198443639481E-004
   1.0000000000000007        2.6953125000000000        1.8897176581452507E-004
   1.0000000000000007        2.5976562500000000        1.8337004302769144E-004
   1.0000000000000007        2.5000000000000000        1.8434482246602765E-004
   1.0000000000000007        2.4023437500000000        1.7446660127865354E-004
   1.0000000000000007        2.3046875000000000        1.7591652380772867E-004
   1.0000000000000007        2.2070312500000000        1.6600465682580217E-004
   1.0000000000000007        2.1093750000000000        1.6509775326444337E-004
   1.0000000000000007        2.0117187500000000        1.5659220829702407E-004
   1.0000000000000007        1.9140625000000000        1.5324844904308443E-004
   1.0000000000000007        1.8164062500000000        1.4550458234211558E-004
   1.0000000000000007        1.7187500000000000        1.4096609056340001E-004
   1.0000000000000007        1.6210937500000000        1.3266574412132230E-004
   1.0000000000000007        1.5234375000000000        1.2839327931210968E-004
   1.0000000000000007        1.4257812500000000        1.1834136123466436E-004
   1.0000000000000007        1.3281250000000000        1.1520731491755888E-004
   1.0000000000000007        1.2304687500000000        1.0355239198324625E-004
   1.0000000000000007        1.1328125000000000        9.9992116436144256E-005
   1.0000000000000007        1.0351562500000000        9.0345758044090216E-005
   1.0000000000000007       0.93750000000000000        8.1645322471577214E-005
   1.0000000000000007       0.83984375000000000        7.6803375138344911E-005
   1.0000000000000007       0.74218750000000000        6.6103490732152424E-005
   1.0000000000000007       0.64453125000000000        5.6367927672925528E-005
   1.0000000000000007       0.54687500000000000        4.9846995022625434E-005
   1.0000000000000007       0.44921875000000000        4.6085930023794430E-005
   1.0000000000000007       0.35156250000000000        7.6084299920495000E-005
   1.0000000000000007       0.25390625000000000        2.0274928343283873E-004
   1.0000000000000007       0.15625000000000000        5.5159563098783348E-004
   1.0000000000000007        5.8593750000000000E-002   1.4746573311298372E-003
   1.0000000000000007       -3.9062500000000000E-002   3.7821766296209725E-003
   1.0000000000000007      -0.13671875000000000        6.5995054811168481E-003
   1.0000000000000007      -0.23437500000000000        9.3606026838264546E-003
   1.0000000000000007      -0.33203125000000000        1.2035780286360568E-002
   1.0000000000000007      -0.42968750000000000        1.4604464172616637E-002
   1.0000000000000007      -0.52734375000000000        1.7061161184459762E-002
   1.0000000000000007      -0.62500000000000000        1.9409887966020899E-002
   1.0000000000000007      -0.72265625000000000        2.1653748811524029E-002
   1.0000000000000007      -0.82031250000000000        2.3793159179431866E-002
   1.0000000000000007      -0.91796875000000000        2.5838930944381350E-002
   1.0000000000000007       -1.0156250000000000        2.7814944744801565E-002
   1.0000000000000007       -1.1132812500000000        2.9750287416936839E-002
   1.0000000000000007       -1.2109375000000000        3.1694552590689387E-002
   1.0000000000000007       -1.3085937500000000        3.3699873720971475E-002
   1.0000000000000007       -1.4062500000000000        3.5789109817537350E-002
   1.0000000000000007       -1.5039062500000000        3.8001526279292111E-002
   1.0000000000000007       -1.6015625000000000        4.0372634885791063E-002
   1.0000000000000007       -1.6992187500000000        4.2935985318852114E-002
   1.0000000000000007       -1.7968750000000000        4.5744478951708217E-002
   1.0000000000000007       -1.8945312500000000        4.8802347357398572E-002
   1.0000000000000007       -1.9921875000000000        5.2127179919753623E-002
   1.0000000000000007       -2.0898437500000000        5.5701466143664183E-002
   1.0000000000000007       -2.1875000000000000        5.9534040015642088E-002
   1.0000000000000007       -2.2851562500000000        6.3628824853130275E-002
   1.0000000000000007       -2.3828125000000000        6.7991475145140562E-002
   1.0000000000000007       -2.4804687500000000        7.2616079452589952E-002
   1.0000000000000007       -2.5781250000000000        7.7479591058301461E-002
   1.0000000000000007       -2.6757812500000000        8.2568277317190172E-002
   1.0000000000000007       -2.7734375000000000        8.7869402287033174E-002
   1.0000000000000007       -2.8710937500000000        9.3389058584594523E-002
   1.0000000000000007       -2.9687500000000000        9.9128303172039814E-002
   1.0000000000000007       -3.0664062500000000       0.10508510097678000     
   1.0000000000000007       -3.1640625000000000       0.11125623650183897     
   1.0000000000000007       -3.2617187500000000       0.11762474843640187     
   1.0000000000000007       -3.3593750000000000       0.12419155723550029     
   1.0000000000000007       -3.4570312500000000       0.13092602547846527     
   1.0000000000000007       -3.5546875000000000       0.13783979275804667     
   1.0000000000000007       -3.6523437500000000       0.14491649174533083     
   1.0000000000000007       -3.7500000000000000       0.15220423170896324     
   1.0000000000000007       -3.8476562500000000       0.15970387006876999     
   1.0000000000000007       -3.9453125000000000       0.16741704103207883     
   1.0000000000000007       -4.0429687500000000       0.17528287773153692     
   1.0000000000000007       -4.1406250000000000       0.18323573158359605     
   1.0000000000000007       -4.2382812500000000       0.19128143835631903     
   1.0000000000000007       -4.3359375000000000       0.19945919535852286     
   1.0000000000000007       -4.4335937500000000       0.20787430040353841     
   1.0000000000000007       -4.5312500000000000       0.21652032334968138     
   1.0000000000000007       -4.6289062500000000       0.22532054161854398     
   1.0000000000000007       -4.7265625000000000       0.23415478966199366     
   1.0000000000000007       -4.8242187500000000       0.24294712039466115     
   1.0000000000000007       -4.9218750000000000       0.25176779829363505     
   1.0000000000000007       -5.0195312500000000       0.26067370420376867     
   1.0000000000000007       -5.1171875000000000       0.26968855299778177     
   1.0000000000000007       -5.2148437500000000       0.27873841322871806     
   1.0000000000000007       -5.3125000000000000       0.28771309032078474     
   1.0000000000000007       -5.4101562500000000       0.29661157106570540     
   1.0000000000000007       -5.5078125000000000       0.30543253564080058     
   1.0000000000000007       -5.6054687500000000       0.31416128080566180     
   1.0000000000000007       -5.7031250000000000       0.32273614780274790     
   1.0000000000000007       -5.8007812500000000       0.33106928606967312     
   1.0000000000000007       -5.8984375000000000       0.33920513108430073     
   1.0000000000000007       -5.9960937500000000       0.34720913170232481     
   1.0000000000000007       -6.0937500000000000       0.35507540468187099     
   1.0000000000000007       -6.1914062500000000       0.36275554852807673     
   1.0000000000000007       -6.2890625000000000       0.37016179064932164     
   1.0000000000000007       -6.3867187500000000       0.37730206461317606     
   1.0000000000000007       -6.4843750000000000       0.38422831312075301     
   1.0000000000000007       -6.5820312500000000       0.39086269305721932     
   1.0000000000000007       -6.6796875000000000       0.39710071106584754     
   1.0000000000000007       -6.7773437500000000       0.40290927540079652     
   1.0000000000000007       -6.8750000000000000       0.40833093609016757     
   1.0000000000000007       -6.9726562500000000       0.41344423521713197     
   1.0000000000000007       -7.0703125000000000       0.41818928835254204     
   1.0000000000000007       -7.1679687500000000       0.42242540001055195     
   1.0000000000000007       -7.2656250000000000       0.42616672823211815     
   1.0000000000000007       -7.3632812500000000       0.42950571102924945     
   1.0000000000000007       -7.4609375000000000       0.43244743045960404     
   1.0000000000000007       -7.5585937500000000       0.43492132262705407     
   1.0000000000000007       -7.6562500000000000       0.43684973414694150     
   1.0000000000000007       -7.7539062500000000       0.43826205870367124     
   1.0000000000000007       -7.8515625000000000       0.43925889761241188     
   1.0000000000000007       -7.9492187500000000       0.43980714897969742     
   1.0000000000000007       -8.0468750000000000       0.43981273213369904     
   1.0000000000000007       -8.1445312500000000       0.43932525262235739     
   1.0000000000000007       -8.2421875000000000       0.43841428050007270     
   1.0000000000000007       -8.3398437500000000       0.43701654583579902     
   1.0000000000000007       -8.4375000000000000       0.43505956208535151     
   1.0000000000000007       -8.5351562500000000       0.43258029490002736     
   1.0000000000000007       -8.6328125000000000       0.42967510792113467     
   1.0000000000000007       -8.7304687500000000       0.42637211156864280     
   1.0000000000000007       -8.8281250000000000       0.42258025010384592     
   1.0000000000000007       -8.9257812500000000       0.41826258020594104     
   1.0000000000000007       -9.0234375000000000       0.41355848997005762     
   1.0000000000000007       -9.1210937500000000       0.40855440757989403     
   1.0000000000000007       -9.2187500000000000       0.40314534541839459     
   1.0000000000000007       -9.3164062500000000       0.39729387398877442     
   1.0000000000000007       -9.4140625000000000       0.39112001838673188     
   1.0000000000000007       -9.5117187500000000       0.38463717774761957     
   1.0000000000000007       -9.6093750000000000       0.37774996505738628     
   1.0000000000000007       -9.7070312500000000       0.37052509254972377     
   1.0000000000000007       -9.8046875000000000       0.36312667339981419     
   1.0000000000000007       -9.9023437500000000       0.35554329441621974     
   1.0000000000000007       -10.000000000000000       0.34767166227542418     
   1.0000000000000007       -10.097656250000000       0.33956620304118146     
   1.0000000000000007       -10.195312500000000       0.33135480713145843     
   1.0000000000000007       -10.292968750000000       0.32302227652628479     
   1.0000000000000007       -10.390625000000000       0.31449274554376555     
   1.0000000000000007       -10.488281250000000       0.30580568422375060     
   1.0000000000000007       -10.585937500000000       0.29701876170864322     
   1.0000000000000007       -10.683593750000000       0.28808615372020008     
   1.0000000000000007       -10.781250000000000       0.27902179433907032     
   1.0000000000000007       -10.878906250000000       0.26999187218056531     
   1.0000000000000007       -10.976562500000000       0.26107573202415391     
   1.0000000000000007       -11.074218750000000       0.25217883573808608     
   1.0000000000000007       -11.171875000000000       0.24328924928958268     
   1.0000000000000007       -11.269531250000000       0.23450777576329426     
   1.0000000000000007       -11.367187500000000       0.22581277142807218     
   1.0000000000000007       -11.464843750000000       0.21714304941835591     
   1.0000000000000007       -11.562500000000000       0.20858478846524620     
   1.0000000000000007       -11.660156250000000       0.20016647466993115     
   1.0000000000000007       -11.757812500000000       0.19177548443954620     
   1.0000000000000007       -11.855468750000000       0.18347300510309816     
   1.0000000000000007       -11.953125000000000       0.17544150201188999     
   1.0000000000000007       -12.050781250000000       0.16763677807569244     
   1.0000000000000007       -12.148437500000000       0.15996990099288175     
   1.0000000000000007       -12.246093750000000       0.15252356734033251     
   1.0000000000000007       -12.343750000000000       0.14523651563969117     
   1.0000000000000007       -12.441406250000000       0.13795616527224530     
   1.0000000000000007       -12.539062500000000       0.13085699248424837     
   1.0000000000000007       -12.636718750000000       0.12412164690729321     
   1.0000000000000007       -12.734375000000000       0.11759147575260377     
   1.0000000000000007       -12.832031250000000       0.11123925763281278     
   1.0000000000000007       -12.929687500000000       0.10522119596576654     
   1.0000000000000007       -13.027343750000000        9.9412853303180879E-002
   1.0000000000000007       -13.125000000000000        9.3724871587930053E-002
   1.0000000000000007       -13.222656250000000        8.8338406302124736E-002
   1.0000000000000007       -13.320312500000000        8.3195933556716450E-002
   1.0000000000000007       -13.417968750000000        7.8153966766469851E-002
   1.0000000000000007       -13.515625000000000        7.3351867634001020E-002
   1.0000000000000007       -13.613281250000000        6.8796303764802502E-002
   1.0000000000000007       -13.710937500000000        6.4448254553721787E-002
   1.0000000000000007       -13.808593750000000        6.0491167353296155E-002
   1.0000000000000007       -13.906250000000000        5.6768366386473944E-002
   1.0000000000000007       -14.003906250000000        5.2997433752380418E-002
   1.0000000000000007       -14.101562500000000        4.9360021465895867E-002
   1.0000000000000007       -14.199218750000000        4.5920562581324188E-002
   1.0000000000000007       -14.296875000000000        4.2635806437009302E-002
   1.0000000000000007       -14.394531250000000        3.9738342834822672E-002
   1.0000000000000007       -14.492187500000000        3.7103214659599489E-002
   1.0000000000000007       -14.589843750000000        3.4492963023223536E-002
   1.0000000000000007       -14.687500000000000        3.1995062288462252E-002
   1.0000000000000007       -14.785156250000000        2.9457035204672563E-002
   1.0000000000000007       -14.882812500000000        2.6985468761357607E-002
   1.0000000000000007       -14.980468750000000        2.4958118565071592E-002
   1.0000000000000007       -15.078125000000000        2.3162377316061994E-002
   1.0000000000000007       -15.175781250000000        2.1463543517855083E-002
   1.0000000000000007       -15.273437500000000        1.9793825115365614E-002
   1.0000000000000007       -15.371093750000000        1.7947580596562943E-002
   1.0000000000000007       -15.468750000000000        1.6325581999280081E-002
   1.0000000000000007       -15.566406250000000        1.5004258370414251E-002
   1.0000000000000007       -15.664062500000000        1.3788482965137096E-002
   1.0000000000000007       -15.761718750000000        1.2749248485416170E-002
   1.0000000000000007       -15.859375000000000        1.1565465641184037E-002
   1.0000000000000007       -15.957031250000000        1.0423100882774454E-002
   1.0000000000000007       -16.054687500000000        9.4840862089180401E-003
   1.0000000000000007       -16.152343750000000        8.5750940087347613E-003
   1.0000000000000007       -16.250000000000000        7.9072180947986088E-003
   1.0000000000000007       -16.347656250000000        7.1586856892464487E-003
   1.0000000000000007       -16.445312500000000        6.4558658226684358E-003
   1.0000000000000007       -16.542968750000000        5.8474649184299312E-003
   1.0000000000000007       -16.640625000000000        5.2076281383301223E-003
   1.0000000000000007       -16.738281250000000        4.7935295368067687E-003
   1.0000000000000007       -16.835937500000000        4.2683706065301807E-003
   1.0000000000000007       -16.933593750000000        3.9055553545933224E-003
   1.0000000000000007       -17.031250000000000        3.4756203894150974E-003
   1.0000000000000007       -17.128906250000000        3.1268292409744433E-003
   1.0000000000000007       -17.226562500000000        2.8270157043349016E-003
   1.0000000000000007       -17.324218750000000        2.5070165215247560E-003
   1.0000000000000007       -17.421875000000000        2.3064549203085723E-003
   1.0000000000000007       -17.519531250000000        2.0051003774335121E-003
   1.0000000000000007       -17.617187500000000        1.8672652203485609E-003
   1.0000000000000007       -17.714843750000000        1.5953889715568299E-003
   1.0000000000000007       -17.812500000000000        1.5077530271933636E-003
   1.0000000000000007       -17.910156250000000        1.2703947944981676E-003
   1.0000000000000007       -18.007812500000000        1.2148189710499396E-003
   1.0000000000000007       -18.105468750000000        1.0121383252491576E-003
   1.0000000000000007       -18.203125000000000        9.6761371970131805E-004
   1.0000000000000007       -18.300781250000000        8.1642425384881236E-004
   1.0000000000000007       -18.398437500000000        7.4909845268540665E-004
   1.0000000000000007       -18.496093750000000        6.8129172824696771E-004
   1.0000000000000007       -18.593750000000000        5.4991633155834622E-004
   1.0000000000000007       -18.691406250000000        5.7410978347841436E-004
   1.0000000000000007       -18.789062500000000        4.1545426238299418E-004
   1.0000000000000007       -18.886718750000000        4.2077186364767471E-004
   1.0000000000000007       -18.984375000000000        3.9541643621489157E-004
   1.0000000000000007       -19.082031250000000        2.5254479582074134E-004
   1.0000000000000007       -19.179687500000000        2.8308968577205312E-004
   1.0000000000000007       -19.277343750000000        2.8934734815357305E-004
   1.0000000000000007       -19.375000000000000        1.8665860006535762E-004
   1.0000000000000007       -19.472656250000000        9.1084534303938561E-005
   1.0000000000000007       -19.570312500000000        9.9453935213996466E-005
   1.0000000000000007       -19.667968750000000        1.1256620091541726E-004
   1.0000000000000007       -19.765625000000000        9.1205640808354017E-005
   1.0000000000000007       -19.863281250000000        5.1675917441277986E-005
   1.0000000000000007       -19.960937500000000        9.0933025078934756E-005


   2.0000000000000013        19.980468750000000        1.1529543988273426E-005
   2.0000000000000013        19.882812500000000        5.5440665332721118E-005
   2.0000000000000013        19.785156250000000        5.4627147827285451E-005
   2.0000000000000013        19.687500000000000        2.6954360209528170E-005
   2.0000000000000013        19.589843750000000        5.1405672533921043E-005
   2.0000000000000013        19.492187500000000        6.3015603631657658E-005
   2.0000000000000013        19.394531250000000        4.7863451501713315E-005
   2.0000000000000013        19.296875000000000        5.0735963356610915E-005
   2.0000000000000013        19.199218750000000        6.0738251271157778E-005
   2.0000000000000013        19.101562500000000        5.2862242867811714E-005
   2.0000000000000013        19.003906250000000        4.5008643782738829E-005
   2.0000000000000013        18.906250000000000        4.5230897557781834E-005
   2.0000000000000013        18.808593750000000        3.9234767003882164E-005
   2.0000000000000013        18.710937500000000        2.9415153957815191E-005
   2.0000000000000013        18.613281250000000        2.4659589511776558E-005
   2.0000000000000013        18.515625000000000        2.5806250991741795E-005
   2.0000000000000013        18.417968750000000        3.0479593257336574E-005
   2.0000000000000013        18.320312500000000        3.6406814688915515E-005
   2.0000000000000013        18.222656250000000        4.3054516291222798E-005
   2.0000000000000013        18.125000000000000        4.8571697479079775E-005
   2.0000000000000013        18.027343750000000        5.0556060364063488E-005
   2.0000000000000013        17.929687500000000        4.9019035868966135E-005
   2.0000000000000013        17.832031250000000        4.4777258638048744E-005
   2.0000000000000013        17.734375000000000        3.8513935853514043E-005
   2.0000000000000013        17.636718750000000        3.2517237585175614E-005
   2.0000000000000013        17.539062500000000        3.0776231237650160E-005
   2.0000000000000013        17.441406250000000        3.5022907885788173E-005
   2.0000000000000013        17.343750000000000        4.2183738332334981E-005
   2.0000000000000013        17.246093750000000        4.8370326945328984E-005
   2.0000000000000013        17.148437500000000        5.1228014356409092E-005
   2.0000000000000013        17.050781250000000        4.9846118256260256E-005
   2.0000000000000013        16.953125000000000        4.4746067824007527E-005
   2.0000000000000013        16.855468750000000        3.8361703441599133E-005
   2.0000000000000013        16.757812500000000        3.5198035185771313E-005
   2.0000000000000013        16.660156250000000        3.8487912320918375E-005
   2.0000000000000013        16.562500000000000        4.5536333825666375E-005
   2.0000000000000013        16.464843750000000        5.1426321904618628E-005
   2.0000000000000013        16.367187500000000        5.3080030147047463E-005
   2.0000000000000013        16.269531250000000        4.9826139630058750E-005
   2.0000000000000013        16.171875000000000        4.3638933892172339E-005
   2.0000000000000013        16.074218750000000        3.9366333092247011E-005
   2.0000000000000013        15.976562500000000        4.1661376472051904E-005
   2.0000000000000013        15.878906250000000        4.8561314649063516E-005
   2.0000000000000013        15.781250000000000        5.4264697072879346E-005
   2.0000000000000013        15.683593750000000        5.5043283484534303E-005
   2.0000000000000013        15.585937500000000        5.0653831814761701E-005
   2.0000000000000013        15.488281250000000        4.4700389045156363E-005
   2.0000000000000013        15.390625000000000        4.3484551546595897E-005
   2.0000000000000013        15.292968750000000        4.9009649057947021E-005
   2.0000000000000013        15.195312500000000        5.5676004862227490E-005
   2.0000000000000013        15.097656250000000        5.7871739832801462E-005
   2.0000000000000013        15.000000000000000        5.4226823524887571E-005
   2.0000000000000013        14.902343750000000        4.8349543233379450E-005
   2.0000000000000013        14.804687500000000        4.7246729995894267E-005
   2.0000000000000013        14.707031250000000        5.3016405074247591E-005
   2.0000000000000013        14.609375000000000        5.9282458813869661E-005
   2.0000000000000013        14.511718750000000        6.0173585936615384E-005
   2.0000000000000013        14.414062500000000        5.5367116526630637E-005
   2.0000000000000013        14.316406250000000        5.0594262756622277E-005
   2.0000000000000013        14.218750000000000        5.2797400718920410E-005
   2.0000000000000013        14.121093750000000        5.9731902128518685E-005
   2.0000000000000013        14.023437500000000        6.3458882746209207E-005
   2.0000000000000013        13.925781250000000        6.0541771850676935E-005
   2.0000000000000013        13.828125000000000        5.5007706477782170E-005
   2.0000000000000013        13.730468750000000        5.5148626889625884E-005
   2.0000000000000013        13.632812500000000        6.1696365245127532E-005
   2.0000000000000013        13.535156250000000        6.6330608252088952E-005
   2.0000000000000013        13.437500000000000        6.4076026518076947E-005
   2.0000000000000013        13.339843750000000        5.8633317188066013E-005
   2.0000000000000013        13.242187500000000        5.8902327608056331E-005
   2.0000000000000013        13.144531250000000        6.5538662102538779E-005
   2.0000000000000013        13.046875000000000        6.9547093944196515E-005
   2.0000000000000013        12.949218750000000        6.6399148772902376E-005
   2.0000000000000013        12.851562500000000        6.1595229178047005E-005
   2.0000000000000013        12.753906250000000        6.4022212729691045E-005
   2.0000000000000013        12.656250000000000        7.0821147843946726E-005
   2.0000000000000013        12.558593750000000        7.2416560450028189E-005
   2.0000000000000013        12.460937500000000        6.7594516742813893E-005
   2.0000000000000013        12.363281250000000        6.5373442262621151E-005
   2.0000000000000013        12.265625000000000        7.1067736147974775E-005
   2.0000000000000013        12.167968750000000        7.6059116038104443E-005
   2.0000000000000013        12.070312500000000        7.3507143552278720E-005
   2.0000000000000013        11.972656250000000        6.9068548793045929E-005
   2.0000000000000013        11.875000000000000        7.2362670481618315E-005
   2.0000000000000013        11.777343750000000        7.8784055785644208E-005
   2.0000000000000013        11.679687500000000        7.8391887924862639E-005
   2.0000000000000013        11.582031250000000        7.3483428694444297E-005
   2.0000000000000013        11.484375000000000        7.5058175905307070E-005
   2.0000000000000013        11.386718750000000        8.1794365654099294E-005
   2.0000000000000013        11.289062500000000        8.2543181356587217E-005
   2.0000000000000013        11.191406250000000        7.7734823495420236E-005
   2.0000000000000013        11.093750000000000        7.8852004868093880E-005
   2.0000000000000013        10.996093750000000        8.5599112926412489E-005
   2.0000000000000013        10.898437500000000        8.6307440434195014E-005
   2.0000000000000013        10.800781250000000        8.1662609436411443E-005
   2.0000000000000013        10.703125000000000        8.3606374396800589E-005
   2.0000000000000013        10.605468750000000        9.0197292355443108E-005
   2.0000000000000013        10.507812500000000        8.9708484161540167E-005
   2.0000000000000013        10.410156250000000        8.5580419953035065E-005
   2.0000000000000013        10.312500000000000        8.9478973492874473E-005
   2.0000000000000013        10.214843750000000        9.5138222681761414E-005
   2.0000000000000013        10.117187500000000        9.2595109727650757E-005
   2.0000000000000013        10.019531250000000        9.0323164163333124E-005
   2.0000000000000013        9.9218750000000000        9.6477318096602381E-005
   2.0000000000000013        9.8242187500000000        9.9453932901044783E-005
   2.0000000000000013        9.7265625000000000        9.5320607800976719E-005
   2.0000000000000013        9.6289062500000000        9.7075410887368849E-005
   2.0000000000000013        9.5312500000000000        1.0358627439538244E-004
   2.0000000000000013        9.4335937500000000        1.0221558935244427E-004
   2.0000000000000013        9.3359375000000000        9.9745415567222562E-005
   2.0000000000000013        9.2382812500000000        1.0589702490610317E-004
   2.0000000000000013        9.1406250000000000        1.0852708123633835E-004
   2.0000000000000013        9.0429687500000000        1.0462207723353127E-004
   2.0000000000000013        8.9453125000000000        1.0805753678931212E-004
   2.0000000000000013        8.8476562500000000        1.1344589781881705E-004
   2.0000000000000013        8.7500000000000000        1.1026275566596641E-004
   2.0000000000000013        8.6523437500000000        1.1075108799148022E-004
   2.0000000000000013        8.5546875000000000        1.1717928165049738E-004
   2.0000000000000013        8.4570312500000000        1.1559765648792961E-004
   2.0000000000000013        8.3593750000000000        1.1439122305346170E-004
   2.0000000000000013        8.2617187500000000        1.2134265185142680E-004
   2.0000000000000013        8.1640625000000000        1.2183848965684217E-004
   2.0000000000000013        8.0664062500000000        1.2052719172112897E-004
   2.0000000000000013        7.9687500000000000        1.2774760477376933E-004
   2.0000000000000013        7.8710937500000000        1.2883524039908494E-004
   2.0000000000000013        7.7734375000000000        1.2564548940121459E-004
   2.0000000000000013        7.6757812500000000        1.2951253576377772E-004
   2.0000000000000013        7.5781250000000000        1.2637133287844975E-004
   2.0000000000000013        7.4804687500000000        1.1875993992477261E-004
   2.0000000000000013        7.3828125000000000        1.2047828983049928E-004
   2.0000000000000013        7.2851562500000000        1.1896803558008211E-004
   2.0000000000000013        7.1875000000000000        1.2291913207227513E-004
   2.0000000000000013        7.0898437500000000        1.4074106673539770E-004
   2.0000000000000013        6.9921875000000000        1.5390828312647207E-004
   2.0000000000000013        6.8945312500000000        1.6923239091122232E-004
   2.0000000000000013        6.7968750000000000        1.8323134216116201E-004
   2.0000000000000013        6.6992187500000000        1.7862064002983051E-004
   2.0000000000000013        6.6015625000000000        1.6459842849641474E-004
   2.0000000000000013        6.5039062500000000        1.3936249833754972E-004
   2.0000000000000013        6.4062500000000000        9.4030231504528702E-005
   2.0000000000000013        6.3085937500000000        5.8711685308772825E-005
   2.0000000000000013        6.2109375000000000        6.8390233125866377E-005
   2.0000000000000013        6.1132812500000000        1.2187706581248208E-004
   2.0000000000000013        6.0156250000000000        1.7697014602742231E-004
   2.0000000000000013        5.9179687500000000        2.1190701374457894E-004
   2.0000000000000013        5.8203125000000000        2.3344265853436486E-004
   2.0000000000000013        5.7226562500000000        2.2795126353663904E-004
   2.0000000000000013        5.6250000000000000        1.9738479285191221E-004
   2.0000000000000013        5.5273437500000000        1.6231874707175279E-004
   2.0000000000000013        5.4296875000000000        1.2622210432630101E-004
   2.0000000000000013        5.3320312500000000        1.2540419990663958E-004
   2.0000000000000013        5.2343750000000000        1.4542918398679610E-004
   2.0000000000000013        5.1367187500000000        1.6043211656092122E-004
   2.0000000000000013        5.0390625000000000        1.6039255332848289E-004
   2.0000000000000013        4.9414062500000000        1.2825838802581451E-004
   2.0000000000000013        4.8437500000000000        8.7533073984516257E-005
   2.0000000000000013        4.7460937500000000        5.8266501568150471E-005
   2.0000000000000013        4.6484375000000000        9.1311202256129509E-005
   2.0000000000000013        4.5507812500000000        1.2797209588910090E-004
   2.0000000000000013        4.4531250000000000        1.4686949560628880E-004
   2.0000000000000013        4.3554687500000000        1.3872205770574047E-004
   2.0000000000000013        4.2578125000000000        1.0822422797986235E-004
   2.0000000000000013        4.1601562500000000        9.5930461778147836E-005
   2.0000000000000013        4.0625000000000000        1.1879180814710592E-004
   2.0000000000000013        3.9648437500000000        1.5984347471855636E-004
   2.0000000000000013        3.8671875000000000        1.7583590946938842E-004
   2.0000000000000013        3.7695312500000000        1.6992909227476680E-004
   2.0000000000000013        3.6718750000000000        1.3418890842873576E-004
   2.0000000000000013        3.5742187500000000        1.1174667163040702E-004
   2.0000000000000013        3.4765625000000000        1.2129765676463392E-004
   2.0000000000000013        3.3789062500000000        1.5605641139589176E-004
   2.0000000000000013        3.2812500000000000        1.6563425290658229E-004
   2.0000000000000013        3.1835937500000000        1.5179656354882446E-004
   2.0000000000000013        3.0859375000000000        1.0948946821269776E-004
   2.0000000000000013        2.9882812500000000        8.7578562322852786E-005
   2.0000000000000013        2.8906250000000000        1.0459795219777091E-004
   2.0000000000000013        2.7929687500000000        1.3226260467189834E-004
   2.0000000000000013        2.6953125000000000        1.3000130137265879E-004
   2.0000000000000013        2.5976562500000000        1.0046882864881084E-004
   2.0000000000000013        2.5000000000000000        6.0697818953811753E-005
   2.0000000000000013        2.4023437500000000        6.3286671946051742E-005
   2.0000000000000013        2.3046875000000000        9.6523048901460257E-005
   2.0000000000000013        2.2070312500000000        1.0157188153387460E-004
   2.0000000000000013        2.1093750000000000        8.0012139649509031E-005
   2.0000000000000013        2.0117187500000000        3.8658570467849901E-005
   2.0000000000000013        1.9140625000000000        4.0025516509720672E-005
   2.0000000000000013        1.8164062500000000        7.3609510634860614E-005
   2.0000000000000013        1.7187500000000000        8.0587290743011798E-005
   2.0000000000000013        1.6210937500000000        5.6147232605489682E-005
   2.0000000000000013        1.5234375000000000        1.8417197085379605E-005
   2.0000000000000013        1.4257812500000000        3.6913657293108834E-005
   2.0000000000000013        1.3281250000000000        6.1907366754580199E-005
   2.0000000000000013        1.2304687500000000        6.1480485760469867E-005
   2.0000000000000013        1.1328125000000000        3.6272976423194023E-005
   2.0000000000000013        1.0351562500000000        5.8054868056095512E-006
   2.0000000000000013       0.93750000000000000        4.1138174009132710E-005
   2.0000000000000013       0.83984375000000000        5.3047069789599198E-005
   2.0000000000000013       0.74218750000000000        3.5459965389130968E-005
   2.0000000000000013       0.64453125000000000        1.4656646885582481E-005
   2.0000000000000013       0.54687500000000000        9.7922752897628860E-005
   2.0000000000000013       0.44921875000000000        2.2642779387275152E-004
   2.0000000000000013       0.35156250000000000        5.1763981463433619E-004
   2.0000000000000013       0.25390625000000000        1.3670272933401036E-003
   2.0000000000000013       0.15625000000000000        3.6689870106097183E-003
   2.0000000000000013        5.8593750000000000E-002   9.6668311804070893E-003
   2.0000000000000013       -3.9062500000000000E-002   2.4557924930765449E-002
   2.0000000000000013      -0.13671875000000000        4.2579314277570571E-002
   2.0000000000000013      -0.23437500000000000        6.0027360862977996E-002
   2.0000000000000013      -0.33203125000000000        7.6571841680754288E-002
   2.0000000000000013      -0.42968750000000000        9.1945245880648077E-002
   2.0000000000000013      -0.52734375000000000       0.10602886492549367     
   2.0000000000000013      -0.62500000000000000       0.11866477275779042     
   2.0000000000000013      -0.72265625000000000       0.12964811223892309     
   2.0000000000000013      -0.82031250000000000       0.13894409748190750     
   2.0000000000000013      -0.91796875000000000       0.14664454029108337     
   2.0000000000000013       -1.0156250000000000       0.15277667887122462     
   2.0000000000000013       -1.1132812500000000       0.15740864221786396     
   2.0000000000000013       -1.2109375000000000       0.16080044405091160     
   2.0000000000000013       -1.3085937500000000       0.16324650516635283     
   2.0000000000000013       -1.4062500000000000       0.16496523040407590     
   2.0000000000000013       -1.5039062500000000       0.16627086285700521     
   2.0000000000000013       -1.6015625000000000       0.16760575245209183     
   2.0000000000000013       -1.6992187500000000       0.16932405900711933     
   2.0000000000000013       -1.7968750000000000       0.17167311033822255     
   2.0000000000000013       -1.8945312500000000       0.17495738672758843     
   2.0000000000000013       -1.9921875000000000       0.17945025078642549     
   2.0000000000000013       -2.0898437500000000       0.18519090142985392     
   2.0000000000000013       -2.1875000000000000       0.19207814219391264     
   2.0000000000000013       -2.2851562500000000       0.20003794134445721     
   2.0000000000000013       -2.3828125000000000       0.20891541449414461     
   2.0000000000000013       -2.4804687500000000       0.21838856264773238     
   2.0000000000000013       -2.5781250000000000       0.22818759974805256     
   2.0000000000000013       -2.6757812500000000       0.23820407631778315     
   2.0000000000000013       -2.7734375000000000       0.24825502308927747     
   2.0000000000000013       -2.8710937500000000       0.25809035504700273     
   2.0000000000000013       -2.9687500000000000       0.26765678805601262     
   2.0000000000000013       -3.0664062500000000       0.27694923383290831     
   2.0000000000000013       -3.1640625000000000       0.28582948285633680     
   2.0000000000000013       -3.2617187500000000       0.29422320922171896     
   2.0000000000000013       -3.3593750000000000       0.30220633202305519     
   2.0000000000000013       -3.4570312500000000       0.30980456792368505     
   2.0000000000000013       -3.5546875000000000       0.31695122841215295     
   2.0000000000000013       -3.6523437500000000       0.32376194958491189     
   2.0000000000000013       -3.7500000000000000       0.33038865037223863     
   2.0000000000000013       -3.8476562500000000       0.33681158845399184     
   2.0000000000000013       -3.9453125000000000       0.34304789114972101     
   2.0000000000000013       -4.0429687500000000       0.34920137070054807     
   2.0000000000000013       -4.1406250000000000       0.35526544806976978     
   2.0000000000000013       -4.2382812500000000       0.36113211547240831     
   2.0000000000000013       -4.3359375000000000       0.36687073410356930     
   2.0000000000000013       -4.4335937500000000       0.37250659339596864     
   2.0000000000000013       -4.5312500000000000       0.37795119701287694     
   2.0000000000000013       -4.6289062500000000       0.38319636204710456     
   2.0000000000000013       -4.7265625000000000       0.38831541855294605     
   2.0000000000000013       -4.8242187500000000       0.39319433494392969     
   2.0000000000000013       -4.9218750000000000       0.39774789529135324     
   2.0000000000000013       -5.0195312500000000       0.40201802608430448     
   2.0000000000000013       -5.1171875000000000       0.40593717206816238     
   2.0000000000000013       -5.2148437500000000       0.40937904179084894     
   2.0000000000000013       -5.3125000000000000       0.41243791919811984     
   2.0000000000000013       -5.4101562500000000       0.41515897204506136     
   2.0000000000000013       -5.5078125000000000       0.41743622710432926     
   2.0000000000000013       -5.6054687500000000       0.41929931089279432     
   2.0000000000000013       -5.7031250000000000       0.42083860664572720     
   2.0000000000000013       -5.8007812500000000       0.42191018099073196     
   2.0000000000000013       -5.8984375000000000       0.42248068381264103     
   2.0000000000000013       -5.9960937500000000       0.42266226041609750     
   2.0000000000000013       -6.0937500000000000       0.42243051539218918     
   2.0000000000000013       -6.1914062500000000       0.42172823448809516     
   2.0000000000000013       -6.2890625000000000       0.42070719700968612     
   2.0000000000000013       -6.3867187500000000       0.41933859593457967     
   2.0000000000000013       -6.4843750000000000       0.41754174286009055     
   2.0000000000000013       -6.5820312500000000       0.41538384283709029     
   2.0000000000000013       -6.6796875000000000       0.41285379209413170     
   2.0000000000000013       -6.7773437500000000       0.40984375169671339     
   2.0000000000000013       -6.8750000000000000       0.40648862169533700     
   2.0000000000000013       -6.9726562500000000       0.40285559568640977     
   2.0000000000000013       -7.0703125000000000       0.39882738773299070     
   2.0000000000000013       -7.1679687500000000       0.39450479110000075     
   2.0000000000000013       -7.2656250000000000       0.38992152233304200     
   2.0000000000000013       -7.3632812500000000       0.38494525390240686     
   2.0000000000000013       -7.4609375000000000       0.37962762188006149     
   2.0000000000000013       -7.5585937500000000       0.37409032683077942     
   2.0000000000000013       -7.6562500000000000       0.36824498624540203     
   2.0000000000000013       -7.7539062500000000       0.36216651410253925     
   2.0000000000000013       -7.8515625000000000       0.35591636245337227     
   2.0000000000000013       -7.9492187500000000       0.34934181379018442     
   2.0000000000000013       -8.0468750000000000       0.34256092462349202     
   2.0000000000000013       -8.1445312500000000       0.33567841166864509     
   2.0000000000000013       -8.2421875000000000       0.32859171646891561     
   2.0000000000000013       -8.3398437500000000       0.32136234766339428     
   2.0000000000000013       -8.4375000000000000       0.31402552951961094     
   2.0000000000000013       -8.5351562500000000       0.30643574655782180     
   2.0000000000000013       -8.6328125000000000       0.29869698427511998     
   2.0000000000000013       -8.7304687500000000       0.29094580674585291     
   2.0000000000000013       -8.8281250000000000       0.28311993225948751     
   2.0000000000000013       -8.9257812500000000       0.27536145607258528     
   2.0000000000000013       -9.0234375000000000       0.26760315847134669     
   2.0000000000000013       -9.1210937500000000       0.25962120778080228     
   2.0000000000000013       -9.2187500000000000       0.25158437925533655     
   2.0000000000000013       -9.3164062500000000       0.24354689323114920     
   2.0000000000000013       -9.4140625000000000       0.23554825440184282     
   2.0000000000000013       -9.5117187500000000       0.22778073429581225     
   2.0000000000000013       -9.6093750000000000       0.22008373243680812     
   2.0000000000000013       -9.7070312500000000       0.21238573924030132     
   2.0000000000000013       -9.8046875000000000       0.20479778106922811     
   2.0000000000000013       -9.9023437500000000       0.19720513207074428     
   2.0000000000000013       -10.000000000000000       0.18969711581350457     
   2.0000000000000013       -10.097656250000000       0.18237484253753636     
   2.0000000000000013       -10.195312500000000       0.17512052791254185     
   2.0000000000000013       -10.292968750000000       0.16807064523646864     
   2.0000000000000013       -10.390625000000000       0.16122122849511530     
   2.0000000000000013       -10.488281250000000       0.15445464343183668     
   2.0000000000000013       -10.585937500000000       0.14789152832761146     
   2.0000000000000013       -10.683593750000000       0.14139346345095846     
   2.0000000000000013       -10.781250000000000       0.13493981568395116     
   2.0000000000000013       -10.878906250000000       0.12867696771893353     
   2.0000000000000013       -10.976562500000000       0.12251263111883760     
   2.0000000000000013       -11.074218750000000       0.11661796181947461     
   2.0000000000000013       -11.171875000000000       0.11099678563903405     
   2.0000000000000013       -11.269531250000000       0.10549798986143444     
   2.0000000000000013       -11.367187500000000       0.10021957018505913     
   2.0000000000000013       -11.464843750000000        9.4993815633370712E-002
   2.0000000000000013       -11.562500000000000        8.9899869839722243E-002
   2.0000000000000013       -11.660156250000000        8.5058876897753793E-002
   2.0000000000000013       -11.757812500000000        8.0371384431151230E-002
   2.0000000000000013       -11.855468750000000        7.6006173648016928E-002
   2.0000000000000013       -11.953125000000000        7.1789287534521351E-002
   2.0000000000000013       -12.050781250000000        6.7703616041554712E-002
   2.0000000000000013       -12.148437500000000        6.3830667235283467E-002
   2.0000000000000013       -12.246093750000000        6.0038736575446783E-002
   2.0000000000000013       -12.343750000000000        5.6548372168964363E-002
   2.0000000000000013       -12.441406250000000        5.3170944013832849E-002
   2.0000000000000013       -12.539062500000000        4.9886848683026230E-002
   2.0000000000000013       -12.636718750000000        4.6743059264914788E-002
   2.0000000000000013       -12.734375000000000        4.3602748316737994E-002
   2.0000000000000013       -12.832031250000000        4.0761223863553672E-002
   2.0000000000000013       -12.929687500000000        3.8053396235940798E-002
   2.0000000000000013       -13.027343750000000        3.5558583440727487E-002
   2.0000000000000013       -13.125000000000000        3.3236280223186448E-002
   2.0000000000000013       -13.222656250000000        3.0958633657736597E-002
   2.0000000000000013       -13.320312500000000        2.8878887547507871E-002
   2.0000000000000013       -13.417968750000000        2.6788979308696288E-002
   2.0000000000000013       -13.515625000000000        2.4891839755218706E-002
   2.0000000000000013       -13.613281250000000        2.3054928506549902E-002
   2.0000000000000013       -13.710937500000000        2.1420804153524656E-002
   2.0000000000000013       -13.808593750000000        1.9936464485763174E-002
   2.0000000000000013       -13.906250000000000        1.8484285823448906E-002
   2.0000000000000013       -14.003906250000000        1.7187597367506781E-002
   2.0000000000000013       -14.101562500000000        1.5842714461669748E-002
   2.0000000000000013       -14.199218750000000        1.4702676598786194E-002
   2.0000000000000013       -14.296875000000000        1.3530622890699253E-002
   2.0000000000000013       -14.394531250000000        1.2498575811232680E-002
   2.0000000000000013       -14.492187500000000        1.1427074746372716E-002
   2.0000000000000013       -14.589843750000000        1.0479278580590931E-002
   2.0000000000000013       -14.687500000000000        9.5587962948568660E-003
   2.0000000000000013       -14.785156250000000        8.7193322190720259E-003
   2.0000000000000013       -14.882812500000000        8.0087714722284313E-003
   2.0000000000000013       -14.980468750000000        7.3661851940947775E-003
   2.0000000000000013       -15.078125000000000        6.8724412372371613E-003
   2.0000000000000013       -15.175781250000000        6.3485367469627799E-003
   2.0000000000000013       -15.273437500000000        5.8983191877273076E-003
   2.0000000000000013       -15.371093750000000        5.3580965252525972E-003
   2.0000000000000013       -15.468750000000000        4.9532022173706478E-003
   2.0000000000000013       -15.566406250000000        4.4560539973814706E-003
   2.0000000000000013       -15.664062500000000        4.0752635053735815E-003
   2.0000000000000013       -15.761718750000000        3.6315477197377617E-003
   2.0000000000000013       -15.859375000000000        3.3304326576431777E-003
   2.0000000000000013       -15.957031250000000        2.9622860535144751E-003
   2.0000000000000013       -16.054687500000000        2.7178672286614653E-003
   2.0000000000000013       -16.152343750000000        2.4362899845870893E-003
   2.0000000000000013       -16.250000000000000        2.2572412836483540E-003
   2.0000000000000013       -16.347656250000000        2.0806735022628610E-003
   2.0000000000000013       -16.445312500000000        1.9228539263991091E-003
   2.0000000000000013       -16.542968750000000        1.7673715163113554E-003
   2.0000000000000013       -16.640625000000000        1.5859930447334862E-003
   2.0000000000000013       -16.738281250000000        1.4918863767482047E-003
   2.0000000000000013       -16.835937500000000        1.2668845081262440E-003
   2.0000000000000013       -16.933593750000000        1.1902107268972331E-003
   2.0000000000000013       -17.031250000000000        1.0329905872380448E-003
   2.0000000000000013       -17.128906250000000        9.8574295766129354E-004
   2.0000000000000013       -17.226562500000000        8.9714306248235337E-004
   2.0000000000000013       -17.324218750000000        7.6836400314563100E-004
   2.0000000000000013       -17.421875000000000        7.5020347592016457E-004
   2.0000000000000013       -17.519531250000000        5.9335176432353794E-004
   2.0000000000000013       -17.617187500000000        5.6984420054430188E-004
   2.0000000000000013       -17.714843750000000        5.1170868575994637E-004
   2.0000000000000013       -17.812500000000000        4.3329182819512406E-004
   2.0000000000000013       -17.910156250000000        4.8949004822571257E-004
   2.0000000000000013       -18.007812500000000        4.0143596082421848E-004
   2.0000000000000013       -18.105468750000000        3.0770353471973224E-004
   2.0000000000000013       -18.203125000000000        3.3790400331942962E-004
   2.0000000000000013       -18.300781250000000        3.4224354070533445E-004
   2.0000000000000013       -18.398437500000000        2.7694223477746225E-004
   2.0000000000000013       -18.496093750000000        2.8530122296105805E-004
   2.0000000000000013       -18.593750000000000        3.0994416930303089E-004
   2.0000000000000013       -18.691406250000000        2.1880603783177181E-004
   2.0000000000000013       -18.789062500000000        9.5863864162438561E-005
   2.0000000000000013       -18.886718750000000        1.3754470540981620E-004
   2.0000000000000013       -18.984375000000000        1.8560315217266380E-004
   2.0000000000000013       -19.082031250000000        1.8072465295828881E-004
   2.0000000000000013       -19.179687500000000        1.3563209438758263E-004
   2.0000000000000013       -19.277343750000000        8.3127217823587962E-005
   2.0000000000000013       -19.375000000000000        7.4508349189852894E-005
   2.0000000000000013       -19.472656250000000        1.2508504685886966E-004
   2.0000000000000013       -19.570312500000000        1.8103734024669385E-004
   2.0000000000000013       -19.667968750000000        2.0973881478806824E-004
   2.0000000000000013       -19.765625000000000        1.2331838381371416E-004
   2.0000000000000013       -19.863281250000000        1.2722393295791371E-004
   2.0000000000000013       -19.960937500000000        2.7392316632258157E-005


   2.9999999999999800        19.980468750000000        9.0791733770662123E-006
   2.9999999999999800        19.882812500000000        5.1084005050822825E-005
   2.9999999999999800        19.785156250000000        8.4829769541227708E-005
   2.9999999999999800        19.687500000000000        1.0141081782690030E-004
   2.9999999999999800        19.589843750000000        9.7192268948740341E-005
   2.9999999999999800        19.492187500000000        7.5008518933717948E-005
   2.9999999999999800        19.394531250000000        4.0602154851715735E-005
   2.9999999999999800        19.296875000000000        8.0947674587221349E-006
   2.9999999999999800        19.199218750000000        4.7490948880101358E-005
   2.9999999999999800        19.101562500000000        8.3409169870476003E-005
   2.9999999999999800        19.003906250000000        1.0265865384579128E-004
   2.9999999999999800        18.906250000000000        9.6700188008092634E-005
   2.9999999999999800        18.808593750000000        7.6231534460500917E-005
   2.9999999999999800        18.710937500000000        4.6211136177417428E-005
   2.9999999999999800        18.613281250000000        6.2156161632324433E-006
   2.9999999999999800        18.515625000000000        5.3574775912746948E-005
   2.9999999999999800        18.417968750000000        8.2328090171524248E-005
   2.9999999999999800        18.320312500000000        9.2502499883986868E-005
   2.9999999999999800        18.222656250000000        1.0151930012761795E-004
   2.9999999999999800        18.125000000000000        9.0187277204047269E-005
   2.9999999999999800        18.027343750000000        4.4939361435883797E-005
   2.9999999999999800        17.929687500000000        1.8388514177954111E-005
   2.9999999999999800        17.832031250000000        4.5565818917153051E-005
   2.9999999999999800        17.734375000000000        7.8287295757880756E-005
   2.9999999999999800        17.636718750000000        1.0645543986094743E-004
   2.9999999999999800        17.539062500000000        1.0233114073464158E-004
   2.9999999999999800        17.441406250000000        7.4013752626795221E-005
   2.9999999999999800        17.343750000000000        4.2508963002635446E-005
   2.9999999999999800        17.246093750000000        2.1506241653205581E-005
   2.9999999999999800        17.148437500000000        3.3626108285442217E-005
   2.9999999999999800        17.050781250000000        6.6583485169545431E-005
   2.9999999999999800        16.953125000000000        1.0780714765837540E-004
   2.9999999999999800        16.855468750000000        1.2385831025974782E-004
   2.9999999999999800        16.757812500000000        1.0199734136167163E-004
   2.9999999999999800        16.660156250000000        7.4559480289536565E-005
   2.9999999999999800        16.562500000000000        5.9989095926699036E-005
   2.9999999999999800        16.464843750000000        8.4226918735018540E-005
   2.9999999999999800        16.367187500000000        1.1899656981149989E-004
   2.9999999999999800        16.269531250000000        1.0595592111594519E-004
   2.9999999999999800        16.171875000000000        6.0092048528558362E-005
   2.9999999999999800        16.074218750000000        2.7729747775634526E-005
   2.9999999999999800        15.976562500000000        4.7116507731344551E-005
   2.9999999999999800        15.878906250000000        6.2850020320330023E-005
   2.9999999999999800        15.781250000000000        5.4791112471859230E-005
   2.9999999999999800        15.683593750000000        1.1109838011596302E-004
   2.9999999999999800        15.585937500000000        1.7438776488071218E-004
   2.9999999999999800        15.488281250000000        1.8626942197739248E-004
   2.9999999999999800        15.390625000000000        1.5737674585301651E-004
   2.9999999999999800        15.292968750000000        1.1728598257015157E-004
   2.9999999999999800        15.195312500000000        8.9004867826425336E-005
   2.9999999999999800        15.097656250000000        9.4766952180839255E-005
   2.9999999999999800        15.000000000000000        9.4775960044753276E-005
   2.9999999999999800        14.902343750000000        7.9753835478237924E-005
   2.9999999999999800        14.804687500000000        8.2908975431911431E-005
   2.9999999999999800        14.707031250000000        7.9080066471754460E-005
   2.9999999999999800        14.609375000000000        5.9938843348435175E-005
   2.9999999999999800        14.511718750000000        4.7965917326041956E-005
   2.9999999999999800        14.414062500000000        5.7817752604583220E-005
   2.9999999999999800        14.316406250000000        6.4948026369734632E-005
   2.9999999999999800        14.218750000000000        6.8888450672553701E-005
   2.9999999999999800        14.121093750000000        1.0814163327822774E-004
   2.9999999999999800        14.023437500000000        1.2090167641682706E-004
   2.9999999999999800        13.925781250000000        1.0182824541661893E-004
   2.9999999999999800        13.828125000000000        1.0453053788915100E-004
   2.9999999999999800        13.730468750000000        1.1766380488154000E-004
   2.9999999999999800        13.632812500000000        1.2592921276301672E-004
   2.9999999999999800        13.535156250000000        1.2004571591652313E-004
   2.9999999999999800        13.437500000000000        1.2029521230835846E-004
   2.9999999999999800        13.339843750000000        1.1314144120160679E-004
   2.9999999999999800        13.242187500000000        9.4286328492442257E-005
   2.9999999999999800        13.144531250000000        1.2921267568817004E-004
   2.9999999999999800        13.046875000000000        1.5694956387819943E-004
   2.9999999999999800        12.949218750000000        1.3443339004819911E-004
   2.9999999999999800        12.851562500000000        8.8910122701309333E-005
   2.9999999999999800        12.753906250000000        7.4009288525503391E-005
   2.9999999999999800        12.656250000000000        7.4560095784184123E-005
   2.9999999999999800        12.558593750000000        6.5491685282186384E-005
   2.9999999999999800        12.460937500000000        1.0033443036159016E-004
   2.9999999999999800        12.363281250000000        1.2935079449461167E-004
   2.9999999999999800        12.265625000000000        9.5819592801948099E-005
   2.9999999999999800        12.167968750000000        6.7441687731971490E-005
   2.9999999999999800        12.070312500000000        6.6239439636404674E-005
   2.9999999999999800        11.972656250000000        6.1285221218847799E-005
   2.9999999999999800        11.875000000000000        9.2770612030640951E-005
   2.9999999999999800        11.777343750000000        1.0792175905329224E-004
   2.9999999999999800        11.679687500000000        8.8960694873403123E-005
   2.9999999999999800        11.582031250000000        8.6586792646760092E-005
   2.9999999999999800        11.484375000000000        1.1648004153971242E-004
   2.9999999999999800        11.386718750000000        1.1792694368110125E-004
   2.9999999999999800        11.289062500000000        9.9156443935402433E-005
   2.9999999999999800        11.191406250000000        1.2241104538400117E-004
   2.9999999999999800        11.093750000000000        1.3864160773117843E-004
   2.9999999999999800        10.996093750000000        1.4137884763967988E-004
   2.9999999999999800        10.898437500000000        1.4414245259521195E-004
   2.9999999999999800        10.800781250000000        1.1138993422436515E-004
   2.9999999999999800        10.703125000000000        1.2240877041217195E-004
   2.9999999999999800        10.605468750000000        1.6552793366880430E-004
   2.9999999999999800        10.507812500000000        1.5220270175368624E-004
   2.9999999999999800        10.410156250000000        1.3223038755931241E-004
   2.9999999999999800        10.312500000000000        1.1640637361592255E-004
   2.9999999999999800        10.214843750000000        1.1573476039486777E-004
   2.9999999999999800        10.117187500000000        1.5125756073779004E-004
   2.9999999999999800        10.019531250000000        1.4863996290351067E-004
   2.9999999999999800        9.9218750000000000        1.1216966970131894E-004
   2.9999999999999800        9.8242187500000000        1.0480201248506324E-004
   2.9999999999999800        9.7265625000000000        1.0981498056322386E-004
   2.9999999999999800        9.6289062500000000        1.2785140438175050E-004
   2.9999999999999800        9.5312500000000000        1.2919503623768885E-004
   2.9999999999999800        9.4335937500000000        9.5267056129301396E-005
   2.9999999999999800        9.3359375000000000        8.7542604996940183E-005
   2.9999999999999800        9.2382812500000000        1.0383570486821925E-004
   2.9999999999999800        9.1406250000000000        1.1535951511054003E-004
   2.9999999999999800        9.0429687500000000        1.1185987776598036E-004
   2.9999999999999800        8.9453125000000000        8.1807450845827615E-005
   2.9999999999999800        8.8476562500000000        7.7945709227884443E-005
   2.9999999999999800        8.7500000000000000        1.0405037476098079E-004
   2.9999999999999800        8.6523437500000000        1.1657404616487880E-004
   2.9999999999999800        8.5546875000000000        1.0814915398491852E-004
   2.9999999999999800        8.4570312500000000        7.8501483637962726E-005
   2.9999999999999800        8.3593750000000000        8.3154370166142866E-005
   2.9999999999999800        8.2617187500000000        1.1381351805076143E-004
   2.9999999999999800        8.1640625000000000        1.2608324089259773E-004
   2.9999999999999800        8.0664062500000000        1.1319113624398671E-004
   2.9999999999999800        7.9687500000000000        8.4387433027845166E-005
   2.9999999999999800        7.8710937500000000        9.8603300406603352E-005
   2.9999999999999800        7.7734375000000000        1.2825002304628065E-004
   2.9999999999999800        7.6757812500000000        1.3633932205891615E-004
   2.9999999999999800        7.5781250000000000        1.1673660162024549E-004
   2.9999999999999800        7.4804687500000000        9.2517146814047433E-005
   2.9999999999999800        7.3828125000000000        1.1627746656492665E-004
   2.9999999999999800        7.2851562500000000        1.4068223868730803E-004
   2.9999999999999800        7.1875000000000000        1.4081227412631600E-004
   2.9999999999999800        7.0898437500000000        1.1234568861127317E-004
   2.9999999999999800        6.9921875000000000        1.0162210046413602E-004
   2.9999999999999800        6.8945312500000000        1.3093849137180074E-004
   2.9999999999999800        6.7968750000000000        1.4677575775578371E-004
   2.9999999999999800        6.6992187500000000        1.3388882016932962E-004
   2.9999999999999800        6.6015625000000000        1.0160777946835197E-004
   2.9999999999999800        6.5039062500000000        1.1354928354528147E-004
   2.9999999999999800        6.4062500000000000        1.3937810710016831E-004
   2.9999999999999800        6.3085937500000000        1.4289313106012128E-004
   2.9999999999999800        6.2109375000000000        1.1247916879837670E-004
   2.9999999999999800        6.1132812500000000        9.8304294538172673E-005
   2.9999999999999800        6.0156250000000000        1.2413543785926701E-004
   2.9999999999999800        5.9179687500000000        1.3992871183778863E-004
   2.9999999999999800        5.8203125000000000        1.2055863390730275E-004
   2.9999999999999800        5.7226562500000000        8.9563207552900142E-005
   2.9999999999999800        5.6250000000000000        1.0557479266997643E-004
   2.9999999999999800        5.5273437500000000        1.2919316371437463E-004
   2.9999999999999800        5.4296875000000000        1.2170531186954394E-004
   2.9999999999999800        5.3320312500000000        8.7012904247309856E-005
   2.9999999999999800        5.2343750000000000        9.2148835612667059E-005
   2.9999999999999800        5.1367187500000000        1.2083047062529613E-004
   2.9999999999999800        5.0390625000000000        1.2310981325088362E-004
   2.9999999999999800        4.9414062500000000        8.9258504047065227E-005
   2.9999999999999800        4.8437500000000000        7.7309547345594211E-005
   2.9999999999999800        4.7460937500000000        1.0089356688593544E-004
   2.9999999999999800        4.6484375000000000        1.0321339114396711E-004
   2.9999999999999800        4.5507812500000000        6.6652549426926289E-005
   2.9999999999999800        4.4531250000000000        4.8121236150204855E-005
   2.9999999999999800        4.3554687500000000        8.7542835065734629E-005
   2.9999999999999800        4.2578125000000000        9.8220337953470213E-005
   2.9999999999999800        4.1601562500000000        8.4158211058690371E-005
   2.9999999999999800        4.0625000000000000        9.0727017425664590E-005
   2.9999999999999800        3.9648437500000000        1.3171902308553972E-004
   2.9999999999999800        3.8671875000000000        1.4232354406180185E-004
   2.9999999999999800        3.7695312500000000        1.1699518035762073E-004
   2.9999999999999800        3.6718750000000000        7.5206604547273486E-005
   2.9999999999999800        3.5742187500000000        6.4904248635223196E-005
   2.9999999999999800        3.4765625000000000        5.9941708903923533E-005
   2.9999999999999800        3.3789062500000000        3.8419388148271207E-005
   2.9999999999999800        3.2812500000000000        5.2001937972426799E-005
   2.9999999999999800        3.1835937500000000        8.1905197505738092E-005
   2.9999999999999800        3.0859375000000000        7.8150981482094344E-005
   2.9999999999999800        2.9882812500000000        7.4145905621182459E-005
   2.9999999999999800        2.8906250000000000        1.0100819635731090E-004
   2.9999999999999800        2.7929687500000000        1.1801731482661860E-004
   2.9999999999999800        2.6953125000000000        9.7971716654738578E-005
   2.9999999999999800        2.5976562500000000        6.5289136031320829E-005
   2.9999999999999800        2.5000000000000000        9.4809222879687396E-005
   2.9999999999999800        2.4023437500000000        1.2556829209834199E-004
   2.9999999999999800        2.3046875000000000        1.1187703056848638E-004
   2.9999999999999800        2.2070312500000000        8.8025632135327656E-005
   2.9999999999999800        2.1093750000000000        1.0169018478249010E-004
   2.9999999999999800        2.0117187500000000        1.1192160706166086E-004
   2.9999999999999800        1.9140625000000000        8.5396500034032322E-005
   2.9999999999999800        1.8164062500000000        3.9485813886256905E-005
   2.9999999999999800        1.7187500000000000        5.0970789808555784E-005
   2.9999999999999800        1.6210937500000000        7.2476232349115739E-005
   2.9999999999999800        1.5234375000000000        6.0780886426503391E-005
   2.9999999999999800        1.4257812500000000        3.6911303628413041E-005
   2.9999999999999800        1.3281250000000000        5.3886380250132839E-005
   2.9999999999999800        1.2304687500000000        7.3431629692664299E-005
   2.9999999999999800        1.1328125000000000        6.1292826671593709E-005
   2.9999999999999800        1.0351562500000000        2.1257155540886889E-005
   2.9999999999999800       0.93750000000000000        3.4955008576426942E-005
   2.9999999999999800       0.83984375000000000        6.3091863434352021E-005
   2.9999999999999800       0.74218750000000000        4.8937780512524996E-005
   2.9999999999999800       0.64453125000000000        8.5316112519205143E-005
   2.9999999999999800       0.54687500000000000        2.2016175234644932E-004
   2.9999999999999800       0.44921875000000000        5.2063153320339726E-004
   2.9999999999999800       0.35156250000000000        1.4374516442685668E-003
   2.9999999999999800       0.25390625000000000        3.8747915488777920E-003
   2.9999999999999800       0.15625000000000000        1.0155394247832411E-002
   2.9999999999999800        5.8593750000000000E-002   2.6698087431859106E-002
   2.9999999999999800       -3.9062500000000000E-002   6.8092833738554986E-002
   2.9999999999999800      -0.13671875000000000       0.11810947637869354     
   2.9999999999999800      -0.23437500000000000       0.16626784241689291     
   2.9999999999999800      -0.33203125000000000       0.21185233845060689     
   2.9999999999999800      -0.42968750000000000       0.25403960297558054     
   2.9999999999999800      -0.52734375000000000       0.29221916633821959     
   2.9999999999999800      -0.62500000000000000       0.32592294147290657     
   2.9999999999999800      -0.72265625000000000       0.35459521813350564     
   2.9999999999999800      -0.82031250000000000       0.37794531249398994     
   2.9999999999999800      -0.91796875000000000       0.39587633918243215     
   2.9999999999999800       -1.0156250000000000       0.40824497589347170     
   2.9999999999999800       -1.1132812500000000       0.41514938440431176     
   2.9999999999999800       -1.2109375000000000       0.41681375073071386     
   2.9999999999999800       -1.3085937500000000       0.41342576315029489     
   2.9999999999999800       -1.4062500000000000       0.40547516479000206     
   2.9999999999999800       -1.5039062500000000       0.39362070132081006     
   2.9999999999999800       -1.6015625000000000       0.37856274811795043     
   2.9999999999999800       -1.6992187500000000       0.36138392075686709     
   2.9999999999999800       -1.7968750000000000       0.34334380864531538     
   2.9999999999999800       -1.8945312500000000       0.32566335078456399     
   2.9999999999999800       -1.9921875000000000       0.30978400438602044     
   2.9999999999999800       -2.0898437500000000       0.29716173669952556     
   2.9999999999999800       -2.1875000000000000       0.28898486523928052     
   2.9999999999999800       -2.2851562500000000       0.28620458941876120     
   2.9999999999999800       -2.3828125000000000       0.28914173150946687     
   2.9999999999999800       -2.4804687500000000       0.29721491184690324     
   2.9999999999999800       -2.5781250000000000       0.30940263744346458     
   2.9999999999999800       -2.6757812500000000       0.32448670620392928     
   2.9999999999999800       -2.7734375000000000       0.34107640432919939     
   2.9999999999999800       -2.8710937500000000       0.35802772222750734     
   2.9999999999999800       -2.9687500000000000       0.37443077042725192     
   2.9999999999999800       -3.0664062500000000       0.38941565451605775     
   2.9999999999999800       -3.1640625000000000       0.40248595206904514     
   2.9999999999999800       -3.2617187500000000       0.41335769159045316     
   2.9999999999999800       -3.3593750000000000       0.42172073654048525     
   2.9999999999999800       -3.4570312500000000       0.42755230242529396     
   2.9999999999999800       -3.5546875000000000       0.43089641035858500     
   2.9999999999999800       -3.6523437500000000       0.43176763791271999     
   2.9999999999999800       -3.7500000000000000       0.43048682662333010     
   2.9999999999999800       -3.8476562500000000       0.42739022731991638     
   2.9999999999999800       -3.9453125000000000       0.42281280205141386     
   2.9999999999999800       -4.0429687500000000       0.41726336393568486     
   2.9999999999999800       -4.1406250000000000       0.41102146334880341     
   2.9999999999999800       -4.2382812500000000       0.40433905223215399     
   2.9999999999999800       -4.3359375000000000       0.39768520194658236     
   2.9999999999999800       -4.4335937500000000       0.39136878844946354     
   2.9999999999999800       -4.5312500000000000       0.38572604348454020     
   2.9999999999999800       -4.6289062500000000       0.38105058085674248     
   2.9999999999999800       -4.7265625000000000       0.37720888304741862     
   2.9999999999999800       -4.8242187500000000       0.37412198871860058     
   2.9999999999999800       -4.9218750000000000       0.37172649071234132     
   2.9999999999999800       -5.0195312500000000       0.36979271282016574     
   2.9999999999999800       -5.1171875000000000       0.36836556072256349     
   2.9999999999999800       -5.2148437500000000       0.36729806362263262     
   2.9999999999999800       -5.3125000000000000       0.36620270032022684     
   2.9999999999999800       -5.4101562500000000       0.36489527656379550     
   2.9999999999999800       -5.5078125000000000       0.36308402014147606     
   2.9999999999999800       -5.6054687500000000       0.36068300719475366     
   2.9999999999999800       -5.7031250000000000       0.35785171683193728     
   2.9999999999999800       -5.8007812500000000       0.35449076148610020     
   2.9999999999999800       -5.8984375000000000       0.35057459280697234     
   2.9999999999999800       -5.9960937500000000       0.34607908519240316     
   2.9999999999999800       -6.0937500000000000       0.34083558490106619     
   2.9999999999999800       -6.1914062500000000       0.33503397162566440     
   2.9999999999999800       -6.2890625000000000       0.32878796475797911     
   2.9999999999999800       -6.3867187500000000       0.32222272712466110     
   2.9999999999999800       -6.4843750000000000       0.31554661599471318     
   2.9999999999999800       -6.5820312500000000       0.30858102506558160     
   2.9999999999999800       -6.6796875000000000       0.30138305518226433     
   2.9999999999999800       -6.7773437500000000       0.29409544922175734     
   2.9999999999999800       -6.8750000000000000       0.28677209020080890     
   2.9999999999999800       -6.9726562500000000       0.27967300058373945     
   2.9999999999999800       -7.0703125000000000       0.27273279871962114     
   2.9999999999999800       -7.1679687500000000       0.26585618953710172     
   2.9999999999999800       -7.2656250000000000       0.25911982057304433     
   2.9999999999999800       -7.3632812500000000       0.25237403862850344     
   2.9999999999999800       -7.4609375000000000       0.24578455230755716     
   2.9999999999999800       -7.5585937500000000       0.23932655890838481     
   2.9999999999999800       -7.6562500000000000       0.23290728210838266     
   2.9999999999999800       -7.7539062500000000       0.22656738986075683     
   2.9999999999999800       -7.8515625000000000       0.22011907202540265     
   2.9999999999999800       -7.9492187500000000       0.21368841778367595     
   2.9999999999999800       -8.0468750000000000       0.20733658882982817     
   2.9999999999999800       -8.1445312500000000       0.20095809538891074     
   2.9999999999999800       -8.2421875000000000       0.19469703118656689     
   2.9999999999999800       -8.3398437500000000       0.18839621701083270     
   2.9999999999999800       -8.4375000000000000       0.18216935574351048     
   2.9999999999999800       -8.5351562500000000       0.17600707521783068     
   2.9999999999999800       -8.6328125000000000       0.16984611657559451     
   2.9999999999999800       -8.7304687500000000       0.16383568175481719     
   2.9999999999999800       -8.8281250000000000       0.15779987356814454     
   2.9999999999999800       -8.9257812500000000       0.15185216498765777     
   2.9999999999999800       -9.0234375000000000       0.14596762951121220     
   2.9999999999999800       -9.1210937500000000       0.14014325073306003     
   2.9999999999999800       -9.2187500000000000       0.13452365664458657     
   2.9999999999999800       -9.3164062500000000       0.12896129141632320     
   2.9999999999999800       -9.4140625000000000       0.12361248978779134     
   2.9999999999999800       -9.5117187500000000       0.11838675953198227     
   2.9999999999999800       -9.6093750000000000       0.11331868570104582     
   2.9999999999999800       -9.7070312500000000       0.10845640103954497     
   2.9999999999999800       -9.8046875000000000       0.10366329628340877     
   2.9999999999999800       -9.9023437500000000        9.9114322642010713E-002
   2.9999999999999800       -10.000000000000000        9.4607510889771554E-002
   2.9999999999999800       -10.097656250000000        9.0267117915369705E-002
   2.9999999999999800       -10.195312500000000        8.6007596596283251E-002
   2.9999999999999800       -10.292968750000000        8.1864332228201581E-002
   2.9999999999999800       -10.390625000000000        7.7903168242816345E-002
   2.9999999999999800       -10.488281250000000        7.3991203864230665E-002
   2.9999999999999800       -10.585937500000000        7.0330919953208809E-002
   2.9999999999999800       -10.683593750000000        6.6729278565116248E-002
   2.9999999999999800       -10.781250000000000        6.3342700525883269E-002
   2.9999999999999800       -10.878906250000000        6.0015264969280821E-002
   2.9999999999999800       -10.976562500000000        5.6850344892972665E-002
   2.9999999999999800       -11.074218750000000        5.3815550392369418E-002
   2.9999999999999800       -11.171875000000000        5.0851147550912197E-002
   2.9999999999999800       -11.269531250000000        4.8083408461329954E-002
   2.9999999999999800       -11.367187500000000        4.5374606480197151E-002
   2.9999999999999800       -11.464843750000000        4.2888373998615732E-002
   2.9999999999999800       -11.562500000000000        4.0407546197489048E-002
   2.9999999999999800       -11.660156250000000        3.8139865662479788E-002
   2.9999999999999800       -11.757812500000000        3.5907108953225915E-002
   2.9999999999999800       -11.855468750000000        3.3839861628434900E-002
   2.9999999999999800       -11.953125000000000        3.1834294234141310E-002
   2.9999999999999800       -12.050781250000000        2.9969588495015700E-002
   2.9999999999999800       -12.148437500000000        2.8165572361679856E-002
   2.9999999999999800       -12.246093750000000        2.6390128725546906E-002
   2.9999999999999800       -12.343750000000000        2.4690583318375366E-002
   2.9999999999999800       -12.441406250000000        2.3055657179808894E-002
   2.9999999999999800       -12.539062500000000        2.1583636338913338E-002
   2.9999999999999800       -12.636718750000000        2.0186920330271422E-002
   2.9999999999999800       -12.734375000000000        1.8983147217696627E-002
   2.9999999999999800       -12.832031250000000        1.7759918861120647E-002
   2.9999999999999800       -12.929687500000000        1.6636458911157209E-002
   2.9999999999999800       -13.027343750000000        1.5441605859955224E-002
   2.9999999999999800       -13.125000000000000        1.4418152344567446E-002
   2.9999999999999800       -13.222656250000000        1.3369442863260760E-002
   2.9999999999999800       -13.320312500000000        1.2483270168685279E-002
   2.9999999999999800       -13.417968750000000        1.1549639719788519E-002
   2.9999999999999800       -13.515625000000000        1.0731484046091600E-002
   2.9999999999999800       -13.613281250000000        9.8411019102573639E-003
   2.9999999999999800       -13.710937500000000        9.1048846697935129E-003
   2.9999999999999800       -13.808593750000000        8.3721685956099096E-003
   2.9999999999999800       -13.906250000000000        7.8262141848307806E-003
   2.9999999999999800       -14.003906250000000        7.2554629887127062E-003
   2.9999999999999800       -14.101562500000000        6.8178727496965097E-003
   2.9999999999999800       -14.199218750000000        6.3252852126107302E-003
   2.9999999999999800       -14.296875000000000        5.8819174831488711E-003
   2.9999999999999800       -14.394531250000000        5.4093919472406786E-003
   2.9999999999999800       -14.492187500000000        4.9692825409325108E-003
   2.9999999999999800       -14.589843750000000        4.5961205921074468E-003
   2.9999999999999800       -14.687500000000000        4.2680636144334936E-003
   2.9999999999999800       -14.785156250000000        4.0576167765647205E-003
   2.9999999999999800       -14.882812500000000        3.7734461231284529E-003
   2.9999999999999800       -14.980468750000000        3.5472936951995398E-003
   2.9999999999999800       -15.078125000000000        3.1753709167036026E-003
   2.9999999999999800       -15.175781250000000        2.8885176615549720E-003
   2.9999999999999800       -15.273437500000000        2.5186971857114600E-003
   2.9999999999999800       -15.371093750000000        2.2695638482580875E-003
   2.9999999999999800       -15.468750000000000        2.0524628957318282E-003
   2.9999999999999800       -15.566406250000000        1.8129124101989831E-003
   2.9999999999999800       -15.664062500000000        1.6961197924381811E-003
   2.9999999999999800       -15.761718750000000        1.5004471330796884E-003
   2.9999999999999800       -15.859375000000000        1.4252441005117057E-003
   2.9999999999999800       -15.957031250000000        1.2715186431722929E-003
   2.9999999999999800       -16.054687500000000        1.1519020039171312E-003
   2.9999999999999800       -16.152343750000000        1.1206779869061424E-003
   2.9999999999999800       -16.250000000000000        9.9919707703712544E-004
   2.9999999999999800       -16.347656250000000        9.8816401912795479E-004
   2.9999999999999800       -16.445312500000000        9.2420347544268128E-004
   2.9999999999999800       -16.542968750000000        8.3497526591107165E-004
   2.9999999999999800       -16.640625000000000        8.3655540788496875E-004
   2.9999999999999800       -16.738281250000000        7.3035012206376984E-004
   2.9999999999999800       -16.835937500000000        6.7368805682743369E-004
   2.9999999999999800       -16.933593750000000        6.3952064323890797E-004
   2.9999999999999800       -17.031250000000000        5.2668888911990897E-004
   2.9999999999999800       -17.128906250000000        4.7563871688083780E-004
   2.9999999999999800       -17.226562500000000        4.6989055443486796E-004
   2.9999999999999800       -17.324218750000000        3.5672688703444045E-004
   2.9999999999999800       -17.421875000000000        2.3928987404124068E-004
   2.9999999999999800       -17.519531250000000        2.0451882602198516E-004
   2.9999999999999800       -17.617187500000000        1.5396740019234901E-004
   2.9999999999999800       -17.714843750000000        1.0796141989107444E-004
   2.9999999999999800       -17.812500000000000        1.6464829629649365E-004
   2.9999999999999800       -17.910156250000000        2.4237596903726275E-004
   2.9999999999999800       -18.007812500000000        2.3239624032624851E-004
   2.9999999999999800       -18.105468750000000        1.6511656418806412E-004
   2.9999999999999800       -18.203125000000000        1.7212842008943973E-004
   2.9999999999999800       -18.300781250000000        2.0751856843874317E-004
   2.9999999999999800       -18.398437500000000        1.9040772627257612E-004
   2.9999999999999800       -18.496093750000000        1.7901824935784844E-004
   2.9999999999999800       -18.593750000000000        1.9093859955013521E-004
   2.9999999999999800       -18.691406250000000        1.9138583008714507E-004
   2.9999999999999800       -18.789062500000000        1.8300295235818253E-004
   2.9999999999999800       -18.886718750000000        1.8283909616262248E-004
   2.9999999999999800       -18.984375000000000        1.5726480370668050E-004
   2.9999999999999800       -19.082031250000000        1.0028702631285513E-004
   2.9999999999999800       -19.179687500000000        3.1621441448409289E-005
   2.9999999999999800       -19.277343750000000        5.0250840377686983E-005
   2.9999999999999800       -19.375000000000000        1.0386871236789493E-004
   2.9999999999999800       -19.472656250000000        1.4162618780141857E-004
   2.9999999999999800       -19.570312500000000        1.9053469247492507E-004
   2.9999999999999800       -19.667968750000000        1.7353805621708488E-004
   2.9999999999999800       -19.765625000000000        1.2117232874424768E-004
   2.9999999999999800       -19.863281250000000        1.3795433295185250E-004
   2.9999999999999800       -19.960937500000000        4.8384360929337432E-005


   3.9999999999999587        19.980468750000000        1.7191982125966862E-005
   3.9999999999999587        19.882812500000000        8.8500755432373133E-005
   3.9999999999999587        19.785156250000000        1.1951090357247799E-004
   3.9999999999999587        19.687500000000000        1.3381271660180453E-004
   3.9999999999999587        19.589843750000000        1.4399440593452017E-004
   3.9999999999999587        19.492187500000000        1.5425176249595738E-004
   3.9999999999999587        19.394531250000000        1.3114901983934913E-004
   3.9999999999999587        19.296875000000000        8.4854196228218120E-005
   3.9999999999999587        19.199218750000000        9.1150846069415299E-005
   3.9999999999999587        19.101562500000000        6.9127918401757778E-005
   3.9999999999999587        19.003906250000000        2.9406772696139280E-005
   3.9999999999999587        18.906250000000000        4.7042018801619917E-005
   3.9999999999999587        18.808593750000000        9.7165868041881886E-005
   3.9999999999999587        18.710937500000000        1.3582954317877230E-004
   3.9999999999999587        18.613281250000000        1.1377191059817276E-004
   3.9999999999999587        18.515625000000000        1.1141348612555347E-004
   3.9999999999999587        18.417968750000000        1.1417583691374491E-004
   3.9999999999999587        18.320312500000000        1.0575516606491275E-004
   3.9999999999999587        18.222656250000000        9.9400656229871160E-005
   3.9999999999999587        18.125000000000000        3.8308366822842196E-005
   3.9999999999999587        18.027343750000000        4.8064362508513766E-005
   3.9999999999999587        17.929687500000000        7.0820309340520894E-005
   3.9999999999999587        17.832031250000000        5.4671559350775745E-005
   3.9999999999999587        17.734375000000000        7.6025466677827965E-005
   3.9999999999999587        17.636718750000000        1.4254195843488348E-004
   3.9999999999999587        17.539062500000000        1.8519508212945998E-004
   3.9999999999999587        17.441406250000000        1.4346167514813594E-004
   3.9999999999999587        17.343750000000000        8.0997539156891425E-005
   3.9999999999999587        17.246093750000000        6.3323844718752144E-005
   3.9999999999999587        17.148437500000000        2.1945201277294325E-005
   3.9999999999999587        17.050781250000000        4.4468537051101956E-005
   3.9999999999999587        16.953125000000000        6.0480258978266353E-005
   3.9999999999999587        16.855468750000000        1.0213021593975875E-004
   3.9999999999999587        16.757812500000000        1.2193773378390879E-004
   3.9999999999999587        16.660156250000000        1.4872179107131050E-004
   3.9999999999999587        16.562500000000000        1.5355998210950589E-004
   3.9999999999999587        16.464843750000000        9.4694458307413991E-005
   3.9999999999999587        16.367187500000000        5.7110347429067144E-005
   3.9999999999999587        16.269531250000000        7.3403901129560580E-005
   3.9999999999999587        16.171875000000000        9.6596605865267239E-005
   3.9999999999999587        16.074218750000000        8.1585343750263875E-005
   3.9999999999999587        15.976562500000000        6.0730718212576335E-005
   3.9999999999999587        15.878906250000000        1.1715183463409745E-004
   3.9999999999999587        15.781250000000000        1.2177763583615185E-004
   3.9999999999999587        15.683593750000000        1.2679963837374926E-004
   3.9999999999999587        15.585937500000000        1.4806347621206418E-004
   3.9999999999999587        15.488281250000000        1.5525329918450752E-004
   3.9999999999999587        15.390625000000000        1.4753068473931922E-004
   3.9999999999999587        15.292968750000000        1.0593275888583404E-004
   3.9999999999999587        15.195312500000000        6.8608177510224284E-005
   3.9999999999999587        15.097656250000000        1.3453094343773895E-005
   3.9999999999999587        15.000000000000000        1.4137082324590727E-004
   3.9999999999999587        14.902343750000000        2.0697908811795308E-004
   3.9999999999999587        14.804687500000000        1.9303944953844395E-004
   3.9999999999999587        14.707031250000000        1.6383468564273897E-004
   3.9999999999999587        14.609375000000000        1.1863385321482495E-004
   3.9999999999999587        14.511718750000000        7.5704682967386386E-005
   3.9999999999999587        14.414062500000000        1.1482298533548555E-004
   3.9999999999999587        14.316406250000000        1.0214292172606235E-004
   3.9999999999999587        14.218750000000000        8.9065439859194575E-005
   3.9999999999999587        14.121093750000000        6.3218356948164891E-005
   3.9999999999999587        14.023437500000000        6.6746023828948310E-005
   3.9999999999999587        13.925781250000000        1.2573380762789907E-004
   3.9999999999999587        13.828125000000000        1.3646980780844233E-004
   3.9999999999999587        13.730468750000000        1.5628680808094713E-004
   3.9999999999999587        13.632812500000000        1.6905888602262293E-004
   3.9999999999999587        13.535156250000000        1.1745140026887334E-004
   3.9999999999999587        13.437500000000000        5.9064494543048720E-005
   3.9999999999999587        13.339843750000000        3.6446432209574489E-005
   3.9999999999999587        13.242187500000000        7.2759518455898370E-005
   3.9999999999999587        13.144531250000000        1.2129443569151116E-004
   3.9999999999999587        13.046875000000000        1.2216272768486567E-004
   3.9999999999999587        12.949218750000000        9.1409812848951361E-005
   3.9999999999999587        12.851562500000000        7.7071916084497778E-005
   3.9999999999999587        12.753906250000000        9.7291324052854863E-005
   3.9999999999999587        12.656250000000000        9.8005468560982800E-005
   3.9999999999999587        12.558593750000000        8.7321955372391901E-005
   3.9999999999999587        12.460937500000000        1.0663947022692888E-004
   3.9999999999999587        12.363281250000000        1.1000221526374965E-004
   3.9999999999999587        12.265625000000000        1.0329113852299914E-004
   3.9999999999999587        12.167968750000000        1.2283179255319585E-004
   3.9999999999999587        12.070312500000000        1.2218956660795658E-004
   3.9999999999999587        11.972656250000000        1.2594107062749300E-004
   3.9999999999999587        11.875000000000000        1.4885001350633346E-004
   3.9999999999999587        11.777343750000000        1.2693078916345288E-004
   3.9999999999999587        11.679687500000000        7.1211604519809041E-005
   3.9999999999999587        11.582031250000000        7.3339417765223738E-005
   3.9999999999999587        11.484375000000000        8.0264083303209954E-005
   3.9999999999999587        11.386718750000000        5.4395132521022913E-005
   3.9999999999999587        11.289062500000000        4.0154269152568243E-005
   3.9999999999999587        11.191406250000000        3.7769941090491787E-005
   3.9999999999999587        11.093750000000000        9.1525158909845029E-005
   3.9999999999999587        10.996093750000000        1.2912963343254680E-004
   3.9999999999999587        10.898437500000000        1.4091682425260174E-004
   3.9999999999999587        10.800781250000000        1.5388467524094643E-004
   3.9999999999999587        10.703125000000000        1.7195954759366403E-004
   3.9999999999999587        10.605468750000000        1.5242504824058522E-004
   3.9999999999999587        10.507812500000000        1.0702025430927146E-004
   3.9999999999999587        10.410156250000000        7.4985542285011791E-005
   3.9999999999999587        10.312500000000000        8.8420688774891530E-005
   3.9999999999999587        10.214843750000000        1.4087428327851328E-004
   3.9999999999999587        10.117187500000000        1.6714366189928616E-004
   3.9999999999999587        10.019531250000000        1.3924320366963860E-004
   3.9999999999999587        9.9218750000000000        1.3450641318862617E-004
   3.9999999999999587        9.8242187500000000        1.3288248685830694E-004
   3.9999999999999587        9.7265625000000000        8.9061941638255549E-005
   3.9999999999999587        9.6289062500000000        3.0388072637187526E-005
   3.9999999999999587        9.5312500000000000        3.9333826337468128E-005
   3.9999999999999587        9.4335937500000000        7.2985888035728631E-005
   3.9999999999999587        9.3359375000000000        8.7475511458416714E-005
   3.9999999999999587        9.2382812500000000        7.8085173886200139E-005
   3.9999999999999587        9.1406250000000000        1.0268230732525797E-004
   3.9999999999999587        9.0429687500000000        1.4886755850446849E-004
   3.9999999999999587        8.9453125000000000        1.3404917721553393E-004
   3.9999999999999587        8.8476562500000000        1.1703831867312848E-004
   3.9999999999999587        8.7500000000000000        1.2960099642490516E-004
   3.9999999999999587        8.6523437500000000        1.2931197864709021E-004
   3.9999999999999587        8.5546875000000000        9.8457563784301141E-005
   3.9999999999999587        8.4570312500000000        8.2964382234741350E-005
   3.9999999999999587        8.3593750000000000        1.3399526042764452E-004
   3.9999999999999587        8.2617187500000000        1.8126683110687952E-004
   3.9999999999999587        8.1640625000000000        1.7055089239737754E-004
   3.9999999999999587        8.0664062500000000        1.4180576251213040E-004
   3.9999999999999587        7.9687500000000000        1.5091395601884492E-004
   3.9999999999999587        7.8710937500000000        1.2568543737282687E-004
   3.9999999999999587        7.7734375000000000        7.1238940728672503E-005
   3.9999999999999587        7.6757812500000000        5.6195762560218360E-005
   3.9999999999999587        7.5781250000000000        1.0735628694980053E-004
   3.9999999999999587        7.4804687500000000        1.3783195299578126E-004
   3.9999999999999587        7.3828125000000000        1.0966948117052166E-004
   3.9999999999999587        7.2851562500000000        8.9723845855201116E-005
   3.9999999999999587        7.1875000000000000        1.1097616719629841E-004
   3.9999999999999587        7.0898437500000000        7.9922468186132195E-005
   3.9999999999999587        6.9921875000000000        3.7113861352206210E-005
   3.9999999999999587        6.8945312500000000        3.4554483542215547E-005
   3.9999999999999587        6.7968750000000000        4.5764441100677398E-005
   3.9999999999999587        6.6992187500000000        3.9916383691661954E-005
   3.9999999999999587        6.6015625000000000        2.2047116105925883E-005
   3.9999999999999587        6.5039062500000000        7.6825254007483203E-005
   3.9999999999999587        6.4062500000000000        1.0441287405924501E-004
   3.9999999999999587        6.3085937500000000        7.9828770218061336E-005
   3.9999999999999587        6.2109375000000000        1.0065915664214789E-004
   3.9999999999999587        6.1132812500000000        8.8752017293664920E-005
   3.9999999999999587        6.0156250000000000        5.2924506235480622E-005
   3.9999999999999587        5.9179687500000000        5.6436459426863008E-005
   3.9999999999999587        5.8203125000000000        8.2602503024478441E-005
   3.9999999999999587        5.7226562500000000        9.1317682075433277E-005
   3.9999999999999587        5.6250000000000000        8.5297433133143277E-005
   3.9999999999999587        5.5273437500000000        1.2368115899828806E-004
   3.9999999999999587        5.4296875000000000        1.5263853221001510E-004
   3.9999999999999587        5.3320312500000000        1.1007742637878196E-004
   3.9999999999999587        5.2343750000000000        7.7601094480536721E-005
   3.9999999999999587        5.1367187500000000        9.2992256596221627E-005
   3.9999999999999587        5.0390625000000000        8.3714881798903175E-005
   3.9999999999999587        4.9414062500000000        6.4711084246348244E-005
   3.9999999999999587        4.8437500000000000        9.7075788854044263E-005
   3.9999999999999587        4.7460937500000000        1.4760356377681872E-004
   3.9999999999999587        4.6484375000000000        1.2443921639511014E-004
   3.9999999999999587        4.5507812500000000        9.1750119580164531E-005
   3.9999999999999587        4.4531250000000000        9.9809568127833020E-005
   3.9999999999999587        4.3554687500000000        7.5416699575111095E-005
   3.9999999999999587        4.2578125000000000        4.9801096555981309E-005
   3.9999999999999587        4.1601562500000000        6.4205625405806406E-005
   3.9999999999999587        4.0625000000000000        9.0051083877008443E-005
   3.9999999999999587        3.9648437500000000        8.4052044618758125E-005
   3.9999999999999587        3.8671875000000000        8.8319154751279180E-005
   3.9999999999999587        3.7695312500000000        1.1285717814244418E-004
   3.9999999999999587        3.6718750000000000        5.9217905271478438E-005
   3.9999999999999587        3.5742187500000000        1.3031406012635838E-005
   3.9999999999999587        3.4765625000000000        2.6642458810640383E-005
   3.9999999999999587        3.3789062500000000        6.5529736871677326E-005
   3.9999999999999587        3.2812500000000000        4.8176143750358053E-005
   3.9999999999999587        3.1835937500000000        5.0914619178507492E-005
   3.9999999999999587        3.0859375000000000        6.9976295895205062E-005
   3.9999999999999587        2.9882812500000000        3.3431029159102669E-005
   3.9999999999999587        2.8906250000000000        4.7981311073776899E-005
   3.9999999999999587        2.7929687500000000        3.6844598652611040E-005
   3.9999999999999587        2.6953125000000000        3.0372605092574164E-005
   3.9999999999999587        2.5976562500000000        3.3454608096516062E-005
   3.9999999999999587        2.5000000000000000        4.5605990071224544E-005
   3.9999999999999587        2.4023437500000000        6.5351073130786967E-005
   3.9999999999999587        2.3046875000000000        3.1357229648735647E-005
   3.9999999999999587        2.2070312500000000        3.8772378499907680E-005
   3.9999999999999587        2.1093750000000000        1.9024116105677349E-005
   3.9999999999999587        2.0117187500000000        4.2322205478076840E-005
   3.9999999999999587        1.9140625000000000        1.6182900382599687E-005
   3.9999999999999587        1.8164062500000000        4.6457198566589345E-005
   3.9999999999999587        1.7187500000000000        6.3753537481315136E-005
   3.9999999999999587        1.6210937500000000        2.2913342972053704E-005
   3.9999999999999587        1.5234375000000000        2.1546477412775308E-005
   3.9999999999999587        1.4257812500000000        4.8968390532322799E-005
   3.9999999999999587        1.3281250000000000        8.5817135558840285E-005
   3.9999999999999587        1.2304687500000000        3.4992704407346668E-005
   3.9999999999999587        1.1328125000000000        3.7137359084169802E-005
   3.9999999999999587        1.0351562500000000        2.1439016085859918E-005
   3.9999999999999587       0.93750000000000000        7.8747738494744737E-005
   3.9999999999999587       0.83984375000000000        2.3477323684813208E-005
   3.9999999999999587       0.74218750000000000        6.7843301008388551E-005
   3.9999999999999587       0.64453125000000000        1.2072505430749147E-004
   3.9999999999999587       0.54687500000000000        3.3349954375983752E-004
   3.9999999999999587       0.44921875000000000        7.8918051042785114E-004
   3.9999999999999587       0.35156250000000000        2.0210418498958892E-003
   3.9999999999999587       0.25390625000000000        5.4296518297673874E-003
   3.9999999999999587       0.15625000000000000        1.4357959566813192E-002
   3.9999999999999587        5.8593750000000000E-002   3.7862997252125823E-002
   3.9999999999999587       -3.9062500000000000E-002   9.6662618680838919E-002
   3.9999999999999587      -0.13671875000000000       0.16781740847243340     
   3.9999999999999587      -0.23437500000000000       0.23665683268044527     
   3.9999999999999587      -0.33203125000000000       0.30227632365308482     
   3.9999999999999587      -0.42968750000000000       0.36366692281431406     
   3.9999999999999587      -0.52734375000000000       0.42009209234616846     
   3.9999999999999587      -0.62500000000000000       0.47076466743626771     
   3.9999999999999587      -0.72265625000000000       0.51510494795575135     
   3.9999999999999587      -0.82031250000000000       0.55268613071563022     
   3.9999999999999587      -0.91796875000000000       0.58293116238328790     
   3.9999999999999587       -1.0156250000000000       0.60558941662169996     
   3.9999999999999587       -1.1132812500000000       0.62044231321673127     
   3.9999999999999587       -1.2109375000000000       0.62736095307650241     
   3.9999999999999587       -1.3085937500000000       0.62654323201550255     
   3.9999999999999587       -1.4062500000000000       0.61807629699215572     
   3.9999999999999587       -1.5039062500000000       0.60230419539212632     
   3.9999999999999587       -1.6015625000000000       0.57969501032748938     
   3.9999999999999587       -1.6992187500000000       0.55072988101894294     
   3.9999999999999587       -1.7968750000000000       0.51626587624075693     
   3.9999999999999587       -1.8945312500000000       0.47708228522151247     
   3.9999999999999587       -1.9921875000000000       0.43419046555784874     
   3.9999999999999587       -2.0898437500000000       0.38889634594267924     
   3.9999999999999587       -2.1875000000000000       0.34253664046107707     
   3.9999999999999587       -2.2851562500000000       0.29709770978854499     
   3.9999999999999587       -2.3828125000000000       0.25518593669236894     
   3.9999999999999587       -2.4804687500000000       0.22042396722875768     
   3.9999999999999587       -2.5781250000000000       0.19762303355157576     
   3.9999999999999587       -2.6757812500000000       0.19080334987412681     
   3.9999999999999587       -2.7734375000000000       0.20043645753220260     
   3.9999999999999587       -2.8710937500000000       0.22277451953420377     
   3.9999999999999587       -2.9687500000000000       0.25240434921077343     
   3.9999999999999587       -3.0664062500000000       0.28499704237074064     
   3.9999999999999587       -3.1640625000000000       0.31763633232400196     
   3.9999999999999587       -3.2617187500000000       0.34827119535917916     
   3.9999999999999587       -3.3593750000000000       0.37574683185722191     
   3.9999999999999587       -3.4570312500000000       0.39918272069879090     
   3.9999999999999587       -3.5546875000000000       0.41811063852375785     
   3.9999999999999587       -3.6523437500000000       0.43236861744695643     
   3.9999999999999587       -3.7500000000000000       0.44170346397039378     
   3.9999999999999587       -3.8476562500000000       0.44624751103684968     
   3.9999999999999587       -3.9453125000000000       0.44602863897264200     
   3.9999999999999587       -4.0429687500000000       0.44123490031423468     
   3.9999999999999587       -4.1406250000000000       0.43227059264595497     
   3.9999999999999587       -4.2382812500000000       0.41943946267808557     
   3.9999999999999587       -4.3359375000000000       0.40336749642513270     
   3.9999999999999587       -4.4335937500000000       0.38448326513592473     
   3.9999999999999587       -4.5312500000000000       0.36341297628337632     
   3.9999999999999587       -4.6289062500000000       0.34089520161350290     
   3.9999999999999587       -4.7265625000000000       0.31753377614133177     
   3.9999999999999587       -4.8242187500000000       0.29425201456297467     
   3.9999999999999587       -4.9218750000000000       0.27177235240622644     
   3.9999999999999587       -5.0195312500000000       0.25100542079263449     
   3.9999999999999587       -5.1171875000000000       0.23282274167541467     
   3.9999999999999587       -5.2148437500000000       0.21788562659255387     
   3.9999999999999587       -5.3125000000000000       0.20690304844617100     
   3.9999999999999587       -5.4101562500000000       0.19998692213902672     
   3.9999999999999587       -5.5078125000000000       0.19702828462124808     
   3.9999999999999587       -5.6054687500000000       0.19749581431879237     
   3.9999999999999587       -5.7031250000000000       0.20045394912950298     
   3.9999999999999587       -5.8007812500000000       0.20508664906663648     
   3.9999999999999587       -5.8984375000000000       0.21036151950176243     
   3.9999999999999587       -5.9960937500000000       0.21563304919207366     
   3.9999999999999587       -6.0937500000000000       0.22029306373769283     
   3.9999999999999587       -6.1914062500000000       0.22384034127570776     
   3.9999999999999587       -6.2890625000000000       0.22610947554140576     
   3.9999999999999587       -6.3867187500000000       0.22677992200175848     
   3.9999999999999587       -6.4843750000000000       0.22593650299761509     
   3.9999999999999587       -6.5820312500000000       0.22349699511117999     
   3.9999999999999587       -6.6796875000000000       0.21958789558357017     
   3.9999999999999587       -6.7773437500000000       0.21430235733418773     
   3.9999999999999587       -6.8750000000000000       0.20770478510212920     
   3.9999999999999587       -6.9726562500000000       0.20008811217366887     
   3.9999999999999587       -7.0703125000000000       0.19150219291060958     
   3.9999999999999587       -7.1679687500000000       0.18232512535633769     
   3.9999999999999587       -7.2656250000000000       0.17267231596040966     
   3.9999999999999587       -7.3632812500000000       0.16290681372335344     
   3.9999999999999587       -7.4609375000000000       0.15320876337941111     
   3.9999999999999587       -7.5585937500000000       0.14377734514056278     
   3.9999999999999587       -7.6562500000000000       0.13489826549879280     
   3.9999999999999587       -7.7539062500000000       0.12662100295021336     
   3.9999999999999587       -7.8515625000000000       0.11923691946512807     
   3.9999999999999587       -7.9492187500000000       0.11268193440303048     
   3.9999999999999587       -8.0468750000000000       0.10712353020666486     
   3.9999999999999587       -8.1445312500000000       0.10239129248349313     
   3.9999999999999587       -8.2421875000000000        9.8519397325971231E-002
   3.9999999999999587       -8.3398437500000000        9.5405286471457199E-002
   3.9999999999999587       -8.4375000000000000        9.2868203907918390E-002
   3.9999999999999587       -8.5351562500000000        9.0844963771519946E-002
   3.9999999999999587       -8.6328125000000000        8.9038473808748617E-002
   3.9999999999999587       -8.7304687500000000        8.7436075652430736E-002
   3.9999999999999587       -8.8281250000000000        8.5719489025560175E-002
   3.9999999999999587       -8.9257812500000000        8.3967175084592546E-002
   3.9999999999999587       -9.0234375000000000        8.1950945782939946E-002
   3.9999999999999587       -9.1210937500000000        7.9795071068976542E-002
   3.9999999999999587       -9.2187500000000000        7.7386378981670292E-002
   3.9999999999999587       -9.3164062500000000        7.4818125040565286E-002
   3.9999999999999587       -9.4140625000000000        7.2057652087237703E-002
   3.9999999999999587       -9.5117187500000000        6.9168540752650137E-002
   3.9999999999999587       -9.6093750000000000        6.6197202661448781E-002
   3.9999999999999587       -9.7070312500000000        6.3105187208331526E-002
   3.9999999999999587       -9.8046875000000000        5.9963401395613465E-002
   3.9999999999999587       -9.9023437500000000        5.6708426763577922E-002
   3.9999999999999587       -10.000000000000000        5.3491073425260473E-002
   3.9999999999999587       -10.097656250000000        5.0233844404560003E-002
   3.9999999999999587       -10.195312500000000        4.7147696710023043E-002
   3.9999999999999587       -10.292968750000000        4.4141752632181369E-002
   3.9999999999999587       -10.390625000000000        4.1404365193744838E-002
   3.9999999999999587       -10.488281250000000        3.8782403151611938E-002
   3.9999999999999587       -10.585937500000000        3.6439714023997850E-002
   3.9999999999999587       -10.683593750000000        3.4193613941218441E-002
   3.9999999999999587       -10.781250000000000        3.2220605000402705E-002
   3.9999999999999587       -10.878906250000000        3.0349825213312503E-002
   3.9999999999999587       -10.976562500000000        2.8723831390539380E-002
   3.9999999999999587       -11.074218750000000        2.7153529179670913E-002
   3.9999999999999587       -11.171875000000000        2.5814553673773034E-002
   3.9999999999999587       -11.269531250000000        2.4520077064964285E-002
   3.9999999999999587       -11.367187500000000        2.3423847764340516E-002
   3.9999999999999587       -11.464843750000000        2.2331266675381083E-002
   3.9999999999999587       -11.562500000000000        2.1379437931486868E-002
   3.9999999999999587       -11.660156250000000        2.0340253440060720E-002
   3.9999999999999587       -11.757812500000000        1.9392210875287138E-002
   3.9999999999999587       -11.855468750000000        1.8344634640884476E-002
   3.9999999999999587       -11.953125000000000        1.7408767381652607E-002
   3.9999999999999587       -12.050781250000000        1.6425019060619519E-002
   3.9999999999999587       -12.148437500000000        1.5578215203301554E-002
   3.9999999999999587       -12.246093750000000        1.4656758073299306E-002
   3.9999999999999587       -12.343750000000000        1.3822253498473339E-002
   3.9999999999999587       -12.441406250000000        1.2932051635988224E-002
   3.9999999999999587       -12.539062500000000        1.2108448439052118E-002
   3.9999999999999587       -12.636718750000000        1.1290459372991358E-002
   3.9999999999999587       -12.734375000000000        1.0533692728344915E-002
   3.9999999999999587       -12.832031250000000        9.8346169024724050E-003
   3.9999999999999587       -12.929687500000000        9.1309418905074265E-003
   3.9999999999999587       -13.027343750000000        8.5179978980716303E-003
   3.9999999999999587       -13.125000000000000        7.8499445404650835E-003
   3.9999999999999587       -13.222656250000000        7.3218517176810421E-003
   3.9999999999999587       -13.320312500000000        6.7299073511358542E-003
   3.9999999999999587       -13.417968750000000        6.2591290955469198E-003
   3.9999999999999587       -13.515625000000000        5.7440201916003240E-003
   3.9999999999999587       -13.613281250000000        5.3307489480133065E-003
   3.9999999999999587       -13.710937500000000        4.9743792460150470E-003
   3.9999999999999587       -13.808593750000000        4.6749913801053151E-003
   3.9999999999999587       -13.906250000000000        4.5116954975102912E-003
   3.9999999999999587       -14.003906250000000        4.2832902765169026E-003
   3.9999999999999587       -14.101562500000000        4.1405805007013177E-003
   3.9999999999999587       -14.199218750000000        3.8486750813313750E-003
   3.9999999999999587       -14.296875000000000        3.5548282702098474E-003
   3.9999999999999587       -14.394531250000000        3.2619023013893008E-003
   3.9999999999999587       -14.492187500000000        2.9437114059879723E-003
   3.9999999999999587       -14.589843750000000        2.7466714292205324E-003
   3.9999999999999587       -14.687500000000000        2.4953410713545372E-003
   3.9999999999999587       -14.785156250000000        2.3406904851694652E-003
   3.9999999999999587       -14.882812500000000        2.1631211723597095E-003
   3.9999999999999587       -14.980468750000000        1.9338107046852032E-003
   3.9999999999999587       -15.078125000000000        1.7965654141443442E-003
   3.9999999999999587       -15.175781250000000        1.5850978822649841E-003
   3.9999999999999587       -15.273437500000000        1.4438326387176458E-003
   3.9999999999999587       -15.371093750000000        1.3518422043253017E-003
   3.9999999999999587       -15.468750000000000        1.1833895913424366E-003
   3.9999999999999587       -15.566406250000000        1.1102542017421902E-003
   3.9999999999999587       -15.664062500000000        1.0243760639538687E-003
   3.9999999999999587       -15.761718750000000        8.8013634892092948E-004
   3.9999999999999587       -15.859375000000000        8.3965996304289920E-004
   3.9999999999999587       -15.957031250000000        7.9275476577915418E-004
   3.9999999999999587       -16.054687500000000        6.7849505320168252E-004
   3.9999999999999587       -16.152343750000000        6.4681206994211522E-004
   3.9999999999999587       -16.250000000000000        5.9762991318250197E-004
   3.9999999999999587       -16.347656250000000        5.6544117383496538E-004
   3.9999999999999587       -16.445312500000000        6.3786107118709407E-004
   3.9999999999999587       -16.542968750000000        6.4312103887854825E-004
   3.9999999999999587       -16.640625000000000        5.9721150091421055E-004
   3.9999999999999587       -16.738281250000000        5.7674682242151169E-004
   3.9999999999999587       -16.835937500000000        5.1549458039239736E-004
   3.9999999999999587       -16.933593750000000        3.8059902050690544E-004
   3.9999999999999587       -17.031250000000000        3.0448873733389099E-004
   3.9999999999999587       -17.128906250000000        3.2671837441176709E-004
   3.9999999999999587       -17.226562500000000        4.1581058321554445E-004
   3.9999999999999587       -17.324218750000000        4.1933500472982049E-004
   3.9999999999999587       -17.421875000000000        3.0392167601849852E-004
   3.9999999999999587       -17.519531250000000        1.7641224095664128E-004
   3.9999999999999587       -17.617187500000000        7.3338833931490182E-005
   3.9999999999999587       -17.714843750000000        4.6987621518862427E-005
   3.9999999999999587       -17.812500000000000        1.0098302486273721E-004
   3.9999999999999587       -17.910156250000000        1.1098308213870895E-004
   3.9999999999999587       -18.007812500000000        1.4639516204776199E-004
   3.9999999999999587       -18.105468750000000        1.4756618910687327E-004
   3.9999999999999587       -18.203125000000000        9.2548635924863219E-005
   3.9999999999999587       -18.300781250000000        1.8012737949028713E-004
   3.9999999999999587       -18.398437500000000        3.0427257574671866E-004
   3.9999999999999587       -18.496093750000000        3.3980743484872259E-004
   3.9999999999999587       -18.593750000000000        2.3722574359330860E-004
   3.9999999999999587       -18.691406250000000        1.0741008611832587E-004
   3.9999999999999587       -18.789062500000000        1.8296474594004105E-004
   3.9999999999999587       -18.886718750000000        2.2395661278809857E-004
   3.9999999999999587       -18.984375000000000        1.6371496421399326E-004
   3.9999999999999587       -19.082031250000000        9.1455173049095152E-005
   3.9999999999999587       -19.179687500000000        3.8851476252720899E-005
   3.9999999999999587       -19.277343750000000        1.1843070780334613E-004
   3.9999999999999587       -19.375000000000000        3.2416413688925974E-004
   3.9999999999999587       -19.472656250000000        3.6594317170370846E-004
   3.9999999999999587       -19.570312500000000        2.0987259509490413E-004
   3.9999999999999587       -19.667968750000000        9.6565584422441140E-005
   3.9999999999999587       -19.765625000000000        2.2821116826530574E-004
   3.9999999999999587       -19.863281250000000        2.3903621422819289E-004
   3.9999999999999587       -19.960937500000000        1.0003159153642505E-004


   4.9999999999999378        19.980468750000000        1.9014625803333587E-005
   4.9999999999999378        19.882812500000000        9.3221864834163777E-005
   4.9999999999999378        19.785156250000000        1.5278823035744157E-004
   4.9999999999999378        19.687500000000000        1.7832687446661427E-004
   4.9999999999999378        19.589843750000000        1.5894813716275501E-004
   4.9999999999999378        19.492187500000000        1.5581176643420530E-004
   4.9999999999999378        19.394531250000000        1.6544721632225144E-004
   4.9999999999999378        19.296875000000000        1.5780359057564859E-004
   4.9999999999999378        19.199218750000000        1.2390724420848962E-004
   4.9999999999999378        19.101562500000000        8.9478552264701024E-005
   4.9999999999999378        19.003906250000000        5.2739695606054160E-005
   4.9999999999999378        18.906250000000000        4.6209987482753842E-005
   4.9999999999999378        18.808593750000000        1.4601064916414064E-005
   4.9999999999999378        18.710937500000000        1.6810306215032938E-005
   4.9999999999999378        18.613281250000000        4.5078416938726340E-005
   4.9999999999999378        18.515625000000000        8.8711186665312722E-005
   4.9999999999999378        18.417968750000000        1.5838564730502068E-004
   4.9999999999999378        18.320312500000000        1.9225691172831901E-004
   4.9999999999999378        18.222656250000000        1.4583580253047307E-004
   4.9999999999999378        18.125000000000000        1.3584072333243632E-004
   4.9999999999999378        18.027343750000000        1.5985660861465026E-004
   4.9999999999999378        17.929687500000000        1.1656400040591254E-004
   4.9999999999999378        17.832031250000000        7.8178724028194843E-005
   4.9999999999999378        17.734375000000000        8.5955236356593910E-005
   4.9999999999999378        17.636718750000000        8.5643681300244688E-005
   4.9999999999999378        17.539062500000000        5.3276374823005407E-005
   4.9999999999999378        17.441406250000000        6.4980485528621178E-005
   4.9999999999999378        17.343750000000000        9.8664540377385284E-005
   4.9999999999999378        17.246093750000000        8.9133819511180923E-005
   4.9999999999999378        17.148437500000000        1.2813496558104209E-004
   4.9999999999999378        17.050781250000000        1.6691297559166726E-004
   4.9999999999999378        16.953125000000000        1.2768261113158764E-004
   4.9999999999999378        16.855468750000000        7.0548886216658641E-005
   4.9999999999999378        16.757812500000000        7.3547436194208810E-005
   4.9999999999999378        16.660156250000000        1.0189098826696936E-004
   4.9999999999999378        16.562500000000000        7.7090131217180658E-005
   4.9999999999999378        16.464843750000000        5.6651741040418702E-005
   4.9999999999999378        16.367187500000000        3.9282112308812519E-005
   4.9999999999999378        16.269531250000000        3.5920490381239083E-005
   4.9999999999999378        16.171875000000000        1.4084380109941721E-005
   4.9999999999999378        16.074218750000000        2.2554510658349297E-005
   4.9999999999999378        15.976562500000000        5.7852739878905099E-005
   4.9999999999999378        15.878906250000000        1.3000416125247686E-004
   4.9999999999999378        15.781250000000000        1.2577861698842042E-004
   4.9999999999999378        15.683593750000000        1.0359501607800740E-004
   4.9999999999999378        15.585937500000000        1.5292862053316894E-004
   4.9999999999999378        15.488281250000000        2.0331388362223308E-004
   4.9999999999999378        15.390625000000000        1.6020969207053404E-004
   4.9999999999999378        15.292968750000000        8.8526105080016044E-005
   4.9999999999999378        15.195312500000000        8.9618869195020085E-005
   4.9999999999999378        15.097656250000000        8.6611836829610586E-005
   4.9999999999999378        15.000000000000000        2.5370689318624339E-005
   4.9999999999999378        14.902343750000000        6.0002630105877136E-005
   4.9999999999999378        14.804687500000000        1.1072010974084531E-004
   4.9999999999999378        14.707031250000000        1.5872168326655999E-004
   4.9999999999999378        14.609375000000000        1.5374406128768547E-004
   4.9999999999999378        14.511718750000000        1.3450980501578753E-004
   4.9999999999999378        14.414062500000000        1.6751600119015140E-004
   4.9999999999999378        14.316406250000000        1.8434950709894396E-004
   4.9999999999999378        14.218750000000000        1.0733008264005348E-004
   4.9999999999999378        14.121093750000000        5.0782953703761406E-005
   4.9999999999999378        14.023437500000000        5.9511454466424068E-005
   4.9999999999999378        13.925781250000000        4.8605927196273650E-005
   4.9999999999999378        13.828125000000000        1.5642252760976185E-005
   4.9999999999999378        13.730468750000000        4.5942691605576900E-005
   4.9999999999999378        13.632812500000000        8.1334162177892864E-005
   4.9999999999999378        13.535156250000000        1.1634267395783914E-004
   4.9999999999999378        13.437500000000000        8.5156410011150908E-005
   4.9999999999999378        13.339843750000000        8.6007726059458031E-005
   4.9999999999999378        13.242187500000000        1.5490195111454862E-004
   4.9999999999999378        13.144531250000000        1.6711115001954714E-004
   4.9999999999999378        13.046875000000000        1.0389919811514811E-004
   4.9999999999999378        12.949218750000000        9.1308083212036722E-005
   4.9999999999999378        12.851562500000000        1.1168001854076638E-004
   4.9999999999999378        12.753906250000000        1.0766409660954609E-004
   4.9999999999999378        12.656250000000000        6.9699947185343530E-005
   4.9999999999999378        12.558593750000000        5.7692285201247556E-005
   4.9999999999999378        12.460937500000000        1.1143699869700419E-004
   4.9999999999999378        12.363281250000000        1.2390097630430027E-004
   4.9999999999999378        12.265625000000000        9.5201832399152534E-005
   4.9999999999999378        12.167968750000000        1.1681847639769455E-004
   4.9999999999999378        12.070312500000000        1.7775632503801972E-004
   4.9999999999999378        11.972656250000000        1.7624831290166088E-004
   4.9999999999999378        11.875000000000000        1.4725014024164065E-004
   4.9999999999999378        11.777343750000000        1.5325806859964609E-004
   4.9999999999999378        11.679687500000000        1.4446787193771009E-004
   4.9999999999999378        11.582031250000000        1.2414791358345212E-004
   4.9999999999999378        11.484375000000000        1.1026538499267344E-004
   4.9999999999999378        11.386718750000000        6.7185585663023369E-005
   4.9999999999999378        11.289062500000000        6.7038287493873154E-005
   4.9999999999999378        11.191406250000000        8.8212848810380491E-005
   4.9999999999999378        11.093750000000000        1.2156307390838245E-004
   4.9999999999999378        10.996093750000000        1.4414489365120536E-004
   4.9999999999999378        10.898437500000000        1.5301307117647318E-004
   4.9999999999999378        10.800781250000000        1.5355794820274209E-004
   4.9999999999999378        10.703125000000000        1.8369141323561040E-004
   4.9999999999999378        10.605468750000000        1.3495968977900592E-004
   4.9999999999999378        10.507812500000000        6.4784844638236084E-005
   4.9999999999999378        10.410156250000000        4.7329026819033031E-005
   4.9999999999999378        10.312500000000000        4.2841558803000521E-005
   4.9999999999999378        10.214843750000000        1.1252747251896718E-005
   4.9999999999999378        10.117187500000000        1.7355978971171525E-005
   4.9999999999999378        10.019531250000000        6.9995808523046579E-005
   4.9999999999999378        9.9218750000000000        1.3239719603971560E-004
   4.9999999999999378        9.8242187500000000        1.1910298614752559E-004
   4.9999999999999378        9.7265625000000000        1.2730966790284787E-004
   4.9999999999999378        9.6289062500000000        1.1657157143630139E-004
   4.9999999999999378        9.5312500000000000        6.7383729225486340E-005
   4.9999999999999378        9.4335937500000000        6.6111264845886600E-005
   4.9999999999999378        9.3359375000000000        9.2795409817234220E-005
   4.9999999999999378        9.2382812500000000        6.6226866503650461E-005
   4.9999999999999378        9.1406250000000000        5.5047859902996007E-005
   4.9999999999999378        9.0429687500000000        5.9124396311896351E-005
   4.9999999999999378        8.9453125000000000        8.6754034426273006E-005
   4.9999999999999378        8.8476562500000000        6.3180006766677769E-005
   4.9999999999999378        8.7500000000000000        6.2917631835554181E-005
   4.9999999999999378        8.6523437500000000        7.4660864720074903E-005
   4.9999999999999378        8.5546875000000000        8.0134889784482086E-005
   4.9999999999999378        8.4570312500000000        1.0893657886639194E-004
   4.9999999999999378        8.3593750000000000        1.5115576604079215E-004
   4.9999999999999378        8.2617187500000000        1.2273397191907729E-004
   4.9999999999999378        8.1640625000000000        1.0524057493773612E-004
   4.9999999999999378        8.0664062500000000        1.4731204429085779E-004
   4.9999999999999378        7.9687500000000000        1.2743689503848598E-004
   4.9999999999999378        7.8710937500000000        7.8785572536979549E-005
   4.9999999999999378        7.7734375000000000        5.3660249411469021E-005
   4.9999999999999378        7.6757812500000000        3.9233612517194973E-005
   4.9999999999999378        7.5781250000000000        6.7423276546758049E-005
   4.9999999999999378        7.4804687500000000        8.5732705499821945E-005
   4.9999999999999378        7.3828125000000000        1.3445013136140400E-004
   4.9999999999999378        7.2851562500000000        1.1960575755874286E-004
   4.9999999999999378        7.1875000000000000        1.2319794694537456E-004
   4.9999999999999378        7.0898437500000000        1.7290737105708819E-004
   4.9999999999999378        6.9921875000000000        1.5368478276557964E-004
   4.9999999999999378        6.8945312500000000        1.1356483752369577E-004
   4.9999999999999378        6.7968750000000000        6.3488799147353136E-005
   4.9999999999999378        6.6992187500000000        5.0110817573852998E-005
   4.9999999999999378        6.6015625000000000        6.7471523552445583E-005
   4.9999999999999378        6.5039062500000000        1.1097050536957476E-004
   4.9999999999999378        6.4062500000000000        1.2489544466371568E-004
   4.9999999999999378        6.3085937500000000        7.8570633675246676E-005
   4.9999999999999378        6.2109375000000000        8.8956802384651472E-005
   4.9999999999999378        6.1132812500000000        1.4312762627219749E-004
   4.9999999999999378        6.0156250000000000        1.2174554280428628E-004
   4.9999999999999378        5.9179687500000000        9.2007399142531962E-005
   4.9999999999999378        5.8203125000000000        7.1616546447373570E-005
   4.9999999999999378        5.7226562500000000        4.3833738982121865E-005
   4.9999999999999378        5.6250000000000000        6.2703796014524477E-005
   4.9999999999999378        5.5273437500000000        8.8850886874733393E-005
   4.9999999999999378        5.4296875000000000        3.0542396845363848E-005
   4.9999999999999378        5.3320312500000000        2.7098137928077919E-005
   4.9999999999999378        5.2343750000000000        4.8129858266794934E-005
   4.9999999999999378        5.1367187500000000        1.2993873315805165E-004
   4.9999999999999378        5.0390625000000000        1.2516687132370152E-004
   4.9999999999999378        4.9414062500000000        1.5485762964944125E-004
   4.9999999999999378        4.8437500000000000        1.1271071303213041E-004
   4.9999999999999378        4.7460937500000000        9.7605530355560804E-005
   4.9999999999999378        4.6484375000000000        6.3185663388905616E-005
   4.9999999999999378        4.5507812500000000        4.6072034911380666E-005
   4.9999999999999378        4.4531250000000000        2.7242401534314646E-005
   4.9999999999999378        4.3554687500000000        6.0034372655816438E-005
   4.9999999999999378        4.2578125000000000        5.5756530782424753E-005
   4.9999999999999378        4.1601562500000000        2.7133125150982093E-005
   4.9999999999999378        4.0625000000000000        6.8919305667405763E-006
   4.9999999999999378        3.9648437500000000        5.0521082517677552E-005
   4.9999999999999378        3.8671875000000000        3.1302843551995162E-005
   4.9999999999999378        3.7695312500000000        7.4641608374306166E-005
   4.9999999999999378        3.6718750000000000        6.4381922632973743E-005
   4.9999999999999378        3.5742187500000000        8.5149551591347380E-005
   4.9999999999999378        3.4765625000000000        8.0401879804926969E-005
   4.9999999999999378        3.3789062500000000        4.3312512742791457E-005
   4.9999999999999378        3.2812500000000000        4.8567541403777114E-005
   4.9999999999999378        3.1835937500000000        1.6879814419791804E-005
   4.9999999999999378        3.0859375000000000        4.3477301701073301E-005
   4.9999999999999378        2.9882812500000000        2.0587550888255780E-005
   4.9999999999999378        2.8906250000000000        4.8552686111708001E-005
   4.9999999999999378        2.7929687500000000        2.5448560784221124E-005
   4.9999999999999378        2.6953125000000000        4.2518579575173643E-005
   4.9999999999999378        2.5976562500000000        4.6703450204948235E-005
   4.9999999999999378        2.5000000000000000        2.7369964789370748E-005
   4.9999999999999378        2.4023437500000000        6.8382539198646232E-005
   4.9999999999999378        2.3046875000000000        3.1019993470076403E-005
   4.9999999999999378        2.2070312500000000        4.2471424497487631E-005
   4.9999999999999378        2.1093750000000000        1.7129852440417145E-005
   4.9999999999999378        2.0117187500000000        3.6214867177996358E-005
   4.9999999999999378        1.9140625000000000        3.5735678191187456E-005
   4.9999999999999378        1.8164062500000000        3.7650458111653857E-005
   4.9999999999999378        1.7187500000000000        4.7156922217361647E-005
   4.9999999999999378        1.6210937500000000        2.3166673282347587E-005
   4.9999999999999378        1.5234375000000000        5.2587955624859677E-005
   4.9999999999999378        1.4257812500000000        1.6108367962985628E-005
   4.9999999999999378        1.3281250000000000        5.2137659157311977E-005
   4.9999999999999378        1.2304687500000000        2.9857248144188762E-005
   4.9999999999999378        1.1328125000000000        3.9852601794088409E-005
   4.9999999999999378        1.0351562500000000        2.4327526277001365E-005
   4.9999999999999378       0.93750000000000000        4.4084812351197263E-005
   4.9999999999999378       0.83984375000000000        3.3852182551257233E-005
   4.9999999999999378       0.74218750000000000        5.6599059451190903E-005
   4.9999999999999378       0.64453125000000000        1.1374952166705276E-004
   4.9999999999999378       0.54687500000000000        2.9341929527331866E-004
   4.9999999999999378       0.44921875000000000        8.0074914819082714E-004
   4.9999999999999378       0.35156250000000000        1.9822057908572043E-003
   4.9999999999999378       0.25390625000000000        5.1980292910568347E-003
   4.9999999999999378       0.15625000000000000        1.3675928090162404E-002
   4.9999999999999378        5.8593750000000000E-002   3.5984638105715332E-002
   4.9999999999999378       -3.9062500000000000E-002   9.1922755805461234E-002
   4.9999999999999378      -0.13671875000000000       0.15988932424656394     
   4.9999999999999378      -0.23437500000000000       0.22617524543819945     
   4.9999999999999378      -0.33203125000000000       0.28999382373119853     
   4.9999999999999378      -0.42968750000000000       0.35057601760657470     
   4.9999999999999378      -0.52734375000000000       0.40735986877245400     
   4.9999999999999378      -0.62500000000000000       0.45960062195467366     
   4.9999999999999378      -0.72265625000000000       0.50687821990504589     
   4.9999999999999378      -0.82031250000000000       0.54867605789303986     
   4.9999999999999378      -0.91796875000000000       0.58461519438575205     
   4.9999999999999378       -1.0156250000000000       0.61437259041275871     
   4.9999999999999378       -1.1132812500000000       0.63757258199225875     
   4.9999999999999378       -1.2109375000000000       0.65415509567727659     
   4.9999999999999378       -1.3085937500000000       0.66389165878276757     
   4.9999999999999378       -1.4062500000000000       0.66687549414375502     
   4.9999999999999378       -1.5039062500000000       0.66315061229386207     
   4.9999999999999378       -1.6015625000000000       0.65279978699033270     
   4.9999999999999378       -1.6992187500000000       0.63604917207037992     
   4.9999999999999378       -1.7968750000000000       0.61300500675975511     
   4.9999999999999378       -1.8945312500000000       0.58417415469663347     
   4.9999999999999378       -1.9921875000000000       0.54992720962442398     
   4.9999999999999378       -2.0898437500000000       0.51087577625582170     
   4.9999999999999378       -2.1875000000000000       0.46754134688811927     
   4.9999999999999378       -2.2851562500000000       0.42042121959864154     
   4.9999999999999378       -2.3828125000000000       0.37013523363387935     
   4.9999999999999378       -2.4804687500000000       0.31710757111279930     
   4.9999999999999378       -2.5781250000000000       0.26217609711761891     
   4.9999999999999378       -2.6757812500000000       0.20598568397270320     
   4.9999999999999378       -2.7734375000000000       0.14931139095595802     
   4.9999999999999378       -2.8710937500000000        9.2767677730160411E-002
   4.9999999999999378       -2.9687500000000000        3.7206577491506694E-002
   4.9999999999999378       -3.0664062500000000        2.0116623846456950E-002
   4.9999999999999378       -3.1640625000000000        7.2116337092681809E-002
   4.9999999999999378       -3.2617187500000000       0.12269240737783278     
   4.9999999999999378       -3.3593750000000000       0.17049011849641507     
   4.9999999999999378       -3.4570312500000000       0.21487883304593763     
   4.9999999999999378       -3.5546875000000000       0.25566246222275341     
   4.9999999999999378       -3.6523437500000000       0.29254252798294289     
   4.9999999999999378       -3.7500000000000000       0.32525741110951345     
   4.9999999999999378       -3.8476562500000000       0.35352701432048333     
   4.9999999999999378       -3.9453125000000000       0.37702025247967447     
   4.9999999999999378       -4.0429687500000000       0.39571391759132452     
   4.9999999999999378       -4.1406250000000000       0.40945493818815037     
   4.9999999999999378       -4.2382812500000000       0.41852009490093395     
   4.9999999999999378       -4.3359375000000000       0.42291889600925536     
   4.9999999999999378       -4.4335937500000000       0.42285197660507895     
   4.9999999999999378       -4.5312500000000000       0.41835258613569737     
   4.9999999999999378       -4.6289062500000000       0.40968817687781717     
   4.9999999999999378       -4.7265625000000000       0.39712794553669312     
   4.9999999999999378       -4.8242187500000000       0.38096519400463802     
   4.9999999999999378       -4.9218750000000000       0.36164532206249611     
   4.9999999999999378       -5.0195312500000000       0.33947587917235067     
   4.9999999999999378       -5.1171875000000000       0.31495178038176991     
   4.9999999999999378       -5.2148437500000000       0.28826929942276525     
   4.9999999999999378       -5.3125000000000000       0.25993907836554081     
   4.9999999999999378       -5.4101562500000000       0.23020865528886519     
   4.9999999999999378       -5.5078125000000000       0.19962997203228458     
   4.9999999999999378       -5.6054687500000000       0.16848775243878306     
   4.9999999999999378       -5.7031250000000000       0.13730267184815242     
   4.9999999999999378       -5.8007812500000000       0.10638792565990184     
   4.9999999999999378       -5.8984375000000000        7.6093334817639843E-002
   4.9999999999999378       -5.9960937500000000        4.6747971094589426E-002
   4.9999999999999378       -6.0937500000000000        1.9240606789729317E-002
   4.9999999999999378       -6.1914062500000000        1.2083648705315029E-002
   4.9999999999999378       -6.2890625000000000        3.5491599167354858E-002
   4.9999999999999378       -6.3867187500000000        5.8553015366130716E-002
   4.9999999999999378       -6.4843750000000000        7.9810089901454051E-002
   4.9999999999999378       -6.5820312500000000        9.8910966571441203E-002
   4.9999999999999378       -6.6796875000000000       0.11585697083949163     
   4.9999999999999378       -6.7773437500000000       0.13047427038954598     
   4.9999999999999378       -6.8750000000000000       0.14282476084025192     
   4.9999999999999378       -6.9726562500000000       0.15276528706531808     
   4.9999999999999378       -7.0703125000000000       0.16051507494749556     
   4.9999999999999378       -7.1679687500000000       0.16595156978201564     
   4.9999999999999378       -7.2656250000000000       0.16926530832449810     
   4.9999999999999378       -7.3632812500000000       0.17037338410898925     
   4.9999999999999378       -7.4609375000000000       0.16958852342226424     
   4.9999999999999378       -7.5585937500000000       0.16696710245107446     
   4.9999999999999378       -7.6562500000000000       0.16286958627446321     
   4.9999999999999378       -7.7539062500000000       0.15725714112405920     
   4.9999999999999378       -7.8515625000000000       0.15038567907909078     
   4.9999999999999378       -7.9492187500000000       0.14221584458819436     
   4.9999999999999378       -8.0468750000000000       0.13304837691681770     
   4.9999999999999378       -8.1445312500000000       0.12297041693435033     
   4.9999999999999378       -8.2421875000000000       0.11237653024787568     
   4.9999999999999378       -8.3398437500000000       0.10129658930036121     
   4.9999999999999378       -8.4375000000000000        9.0023614052316500E-002
   4.9999999999999378       -8.5351562500000000        7.8499823273117733E-002
   4.9999999999999378       -8.6328125000000000        6.7046625212691946E-002
   4.9999999999999378       -8.7304687500000000        5.5702511428283481E-002
   4.9999999999999378       -8.8281250000000000        4.4775722797746074E-002
   4.9999999999999378       -8.9257812500000000        3.4182563930048725E-002
   4.9999999999999378       -9.0234375000000000        2.4201010996951374E-002
   4.9999999999999378       -9.1210937500000000        1.4785555069554675E-002
   4.9999999999999378       -9.2187500000000000        6.5124786297686629E-003
   4.9999999999999378       -9.3164062500000000        4.4838103404471717E-003
   4.9999999999999378       -9.4140625000000000        1.0895827934072684E-002
   4.9999999999999378       -9.5117187500000000        1.7436871013643142E-002
   4.9999999999999378       -9.6093750000000000        2.3281756416717637E-002
   4.9999999999999378       -9.7070312500000000        2.8396201961160338E-002
   4.9999999999999378       -9.8046875000000000        3.2693286361904633E-002
   4.9999999999999378       -9.9023437500000000        3.6161965420880293E-002
   4.9999999999999378       -10.000000000000000        3.8908997726597443E-002
   4.9999999999999378       -10.097656250000000        4.0942413752568095E-002
   4.9999999999999378       -10.195312500000000        4.2423334270429221E-002
   4.9999999999999378       -10.292968750000000        4.3237099483930015E-002
   4.9999999999999378       -10.390625000000000        4.3515115613408248E-002
   4.9999999999999378       -10.488281250000000        4.3140761279729017E-002
   4.9999999999999378       -10.585937500000000        4.2361214255856761E-002
   4.9999999999999378       -10.683593750000000        4.1056941769516277E-002
   4.9999999999999378       -10.781250000000000        3.9435042267432094E-002
   4.9999999999999378       -10.878906250000000        3.7457298205110443E-002
   4.9999999999999378       -10.976562500000000        3.5278954363321229E-002
   4.9999999999999378       -11.074218750000000        3.2946558555470976E-002
   4.9999999999999378       -11.171875000000000        3.0403426984384928E-002
   4.9999999999999378       -11.269531250000000        2.7753565234364643E-002
   4.9999999999999378       -11.367187500000000        2.4921443717628590E-002
   4.9999999999999378       -11.464843750000000        2.2118622273958076E-002
   4.9999999999999378       -11.562500000000000        1.9263583540850317E-002
   4.9999999999999378       -11.660156250000000        1.6561671887872442E-002
   4.9999999999999378       -11.757812500000000        1.3971330954362702E-002
   4.9999999999999378       -11.855468750000000        1.1500672515444184E-002
   4.9999999999999378       -11.953125000000000        9.1813636050076357E-003
   4.9999999999999378       -12.050781250000000        6.8911234923179111E-003
   4.9999999999999378       -12.148437500000000        4.8458862561213791E-003
   4.9999999999999378       -12.246093750000000        2.9394037724741287E-003
   4.9999999999999378       -12.343750000000000        1.4256481394220831E-003
   4.9999999999999378       -12.441406250000000        1.0066213459121690E-003
   4.9999999999999378       -12.539062500000000        2.1345846551293749E-003
   4.9999999999999378       -12.636718750000000        3.1933542896886947E-003
   4.9999999999999378       -12.734375000000000        4.1377340385642496E-003
   4.9999999999999378       -12.832031250000000        4.8793182994071871E-003
   4.9999999999999378       -12.929687500000000        5.5369799530226816E-003
   4.9999999999999378       -13.027343750000000        6.2050769172238510E-003
   4.9999999999999378       -13.125000000000000        6.6808133074604805E-003
   4.9999999999999378       -13.222656250000000        7.0284068479147923E-003
   4.9999999999999378       -13.320312500000000        7.1528080290766734E-003
   4.9999999999999378       -13.417968750000000        7.1133090198581784E-003
   4.9999999999999378       -13.515625000000000        7.0648159454818346E-003
   4.9999999999999378       -13.613281250000000        6.8392437487356161E-003
   4.9999999999999378       -13.710937500000000        6.5456490804267154E-003
   4.9999999999999378       -13.808593750000000        6.1994548098884949E-003
   4.9999999999999378       -13.906250000000000        5.7548350095142226E-003
   4.9999999999999378       -14.003906250000000        5.3837714406900416E-003
   4.9999999999999378       -14.101562500000000        4.9507052181059844E-003
   4.9999999999999378       -14.199218750000000        4.4511273262859584E-003
   4.9999999999999378       -14.296875000000000        4.0245618545189958E-003
   4.9999999999999378       -14.394531250000000        3.5734116481951133E-003
   4.9999999999999378       -14.492187500000000        3.1511968109848697E-003
   4.9999999999999378       -14.589843750000000        2.8319901515672747E-003
   4.9999999999999378       -14.687500000000000        2.4510027522923221E-003
   4.9999999999999378       -14.785156250000000        2.0949455485741522E-003
   4.9999999999999378       -14.882812500000000        1.8166095072121814E-003
   4.9999999999999378       -14.980468750000000        1.4483802600941927E-003
   4.9999999999999378       -15.078125000000000        1.0741886923850013E-003
   4.9999999999999378       -15.175781250000000        7.6755068031234724E-004
   4.9999999999999378       -15.273437500000000        4.6540992380130196E-004
   4.9999999999999378       -15.371093750000000        2.2581986672059068E-004
   4.9999999999999378       -15.468750000000000        1.9278700003445262E-004
   4.9999999999999378       -15.566406250000000        1.9592163854558544E-004
   4.9999999999999378       -15.664062500000000        2.8239146418749145E-004
   4.9999999999999378       -15.761718750000000        3.9515010335113975E-004
   4.9999999999999378       -15.859375000000000        4.3509370667220220E-004
   4.9999999999999378       -15.957031250000000        5.2608486925166860E-004
   4.9999999999999378       -16.054687500000000        6.7614402309944754E-004
   4.9999999999999378       -16.152343750000000        7.6663566209205663E-004
   4.9999999999999378       -16.250000000000000        8.0964140964582870E-004
   4.9999999999999378       -16.347656250000000        8.5367295793965130E-004
   4.9999999999999378       -16.445312500000000        8.7115668349950373E-004
   4.9999999999999378       -16.542968750000000        8.2552529652672897E-004
   4.9999999999999378       -16.640625000000000        7.6043969488581514E-004
   4.9999999999999378       -16.738281250000000        7.4170322647872122E-004
   4.9999999999999378       -16.835937500000000        7.2745599130322419E-004
   4.9999999999999378       -16.933593750000000        6.5158654498651111E-004
   4.9999999999999378       -17.031250000000000        5.0095009662105752E-004
   4.9999999999999378       -17.128906250000000        3.6545911274920770E-004
   4.9999999999999378       -17.226562500000000        3.0389245567700866E-004
   4.9999999999999378       -17.324218750000000        3.0048043275311491E-004
   4.9999999999999378       -17.421875000000000        3.1694588683789892E-004
   4.9999999999999378       -17.519531250000000        3.2245549431319360E-004
   4.9999999999999378       -17.617187500000000        3.0410837204353512E-004
   4.9999999999999378       -17.714843750000000        2.5339594080908559E-004
   4.9999999999999378       -17.812500000000000        1.7441971775933746E-004
   4.9999999999999378       -17.910156250000000        1.0387951907921510E-004
   4.9999999999999378       -18.007812500000000        7.0312612488787458E-005
   4.9999999999999378       -18.105468750000000        5.0308053407837919E-005
   4.9999999999999378       -18.203125000000000        2.7046612835611903E-005
   4.9999999999999378       -18.300781250000000        4.3208412389707774E-005
   4.9999999999999378       -18.398437500000000        7.7088362037793344E-005
   4.9999999999999378       -18.496093750000000        7.9199365219210138E-005
   4.9999999999999378       -18.593750000000000        8.3080391314579777E-005
   4.9999999999999378       -18.691406250000000        1.3680300004979322E-004
   4.9999999999999378       -18.789062500000000        2.0960007464062552E-004
   4.9999999999999378       -18.886718750000000        2.2848188951040787E-004
   4.9999999999999378       -18.984375000000000        1.7077617715415046E-004
   4.9999999999999378       -19.082031250000000        7.9672435497264748E-005
   4.9999999999999378       -19.179687500000000        4.0397629805890287E-005
   4.9999999999999378       -19.277343750000000        8.1674819495931365E-005
   4.9999999999999378       -19.375000000000000        2.1848908211435990E-004
   4.9999999999999378       -19.472656250000000        2.4922671545889272E-004
   4.9999999999999378       -19.570312500000000        2.8093354732619411E-004
   4.9999999999999378       -19.667968750000000        2.6368034928411207E-004
   4.9999999999999378       -19.765625000000000        2.4419626033564791E-004
   4.9999999999999378       -19.863281250000000        1.3830054644660802E-004
   4.9999999999999378       -19.960937500000000        5.0397444880503068E-005


   5.9999999999999165        19.980468750000000        1.5036705791402800E-005
   5.9999999999999165        19.882812500000000        5.4999602858909013E-005
   5.9999999999999165        19.785156250000000        6.5243271941552988E-005
   5.9999999999999165        19.687500000000000        1.1120206783126324E-004
   5.9999999999999165        19.589843750000000        1.6008405059363102E-004
   5.9999999999999165        19.492187500000000        1.5296378989987009E-004
   5.9999999999999165        19.394531250000000        1.3721353348716917E-004
   5.9999999999999165        19.296875000000000        1.6806507308412267E-004
   5.9999999999999165        19.199218750000000        1.6712414803931778E-004
   5.9999999999999165        19.101562500000000        8.9469520756720183E-005
   5.9999999999999165        19.003906250000000        6.6528424384076150E-005
   5.9999999999999165        18.906250000000000        9.3696238239626884E-005
   5.9999999999999165        18.808593750000000        7.4086531476303785E-005
   5.9999999999999165        18.710937500000000        5.2948753588397381E-005
   5.9999999999999165        18.613281250000000        6.8657388164642807E-005
   5.9999999999999165        18.515625000000000        6.9807017561394875E-005
   5.9999999999999165        18.417968750000000        3.1033658261748135E-005
   5.9999999999999165        18.320312500000000        4.7031181243763776E-005
   5.9999999999999165        18.222656250000000        4.9874113710869250E-005
   5.9999999999999165        18.125000000000000        8.5755911038519061E-005
   5.9999999999999165        18.027343750000000        1.1331240619370140E-004
   5.9999999999999165        17.929687500000000        8.7329991345576460E-005
   5.9999999999999165        17.832031250000000        1.0288815734098409E-004
   5.9999999999999165        17.734375000000000        1.2696865974321658E-004
   5.9999999999999165        17.636718750000000        1.4301629403733665E-004
   5.9999999999999165        17.539062500000000        1.5324623157129703E-004
   5.9999999999999165        17.441406250000000        1.3522940197278099E-004
   5.9999999999999165        17.343750000000000        1.1533127049988138E-004
   5.9999999999999165        17.246093750000000        1.3684642529407002E-004
   5.9999999999999165        17.148437500000000        1.2607578437799508E-004
   5.9999999999999165        17.050781250000000        5.4213326562219029E-005
   5.9999999999999165        16.953125000000000        3.0490243950794161E-005
   5.9999999999999165        16.855468750000000        2.5971659130781540E-005
   5.9999999999999165        16.757812500000000        5.5630157699945341E-005
   5.9999999999999165        16.660156250000000        1.2990322422525672E-004
   5.9999999999999165        16.562500000000000        1.0849460362898792E-004
   5.9999999999999165        16.464843750000000        1.2629935597447024E-004
   5.9999999999999165        16.367187500000000        2.0306774312136319E-004
   5.9999999999999165        16.269531250000000        1.9372855493686523E-004
   5.9999999999999165        16.171875000000000        1.4967545692117203E-004
   5.9999999999999165        16.074218750000000        1.5174509295231639E-004
   5.9999999999999165        15.976562500000000        1.5257475247096539E-004
   5.9999999999999165        15.878906250000000        1.1399466130750066E-004
   5.9999999999999165        15.781250000000000        1.0375240392323212E-004
   5.9999999999999165        15.683593750000000        1.0484677700676734E-004
   5.9999999999999165        15.585937500000000        7.6353021285515999E-005
   5.9999999999999165        15.488281250000000        3.7742932229082698E-005
   5.9999999999999165        15.390625000000000        7.2559141199271142E-005
   5.9999999999999165        15.292968750000000        1.0116361145802358E-004
   5.9999999999999165        15.195312500000000        8.2747083687735424E-005
   5.9999999999999165        15.097656250000000        1.0852098475931131E-004
   5.9999999999999165        15.000000000000000        1.7650854072985350E-004
   5.9999999999999165        14.902343750000000        1.7917700359608543E-004
   5.9999999999999165        14.804687500000000        1.5542306660338716E-004
   5.9999999999999165        14.707031250000000        1.9736628295591508E-004
   5.9999999999999165        14.609375000000000        2.1629772701714666E-004
   5.9999999999999165        14.511718750000000        1.5170598826766247E-004
   5.9999999999999165        14.414062500000000        1.2519269041470454E-004
   5.9999999999999165        14.316406250000000        1.2602574683507039E-004
   5.9999999999999165        14.218750000000000        5.0783204339402995E-005
   5.9999999999999165        14.121093750000000        1.9108376598613318E-005
   5.9999999999999165        14.023437500000000        3.6762970853807935E-005
   5.9999999999999165        13.925781250000000        8.1105598814550521E-005
   5.9999999999999165        13.828125000000000        1.0007269293167254E-004
   5.9999999999999165        13.730468750000000        1.0376558953956636E-004
   5.9999999999999165        13.632812500000000        1.4999588686594054E-004
   5.9999999999999165        13.535156250000000        1.2607565463942583E-004
   5.9999999999999165        13.437500000000000        9.1980206980392417E-005
   5.9999999999999165        13.339843750000000        1.2889496545036199E-004
   5.9999999999999165        13.242187500000000        1.3335873127169739E-004
   5.9999999999999165        13.144531250000000        9.0452829682838241E-005
   5.9999999999999165        13.046875000000000        9.0640492122473441E-005
   5.9999999999999165        12.949218750000000        9.1085713403948708E-005
   5.9999999999999165        12.851562500000000        5.7193503884080388E-005
   5.9999999999999165        12.753906250000000        5.5529070578977968E-005
   5.9999999999999165        12.656250000000000        5.0495387149256837E-005
   5.9999999999999165        12.558593750000000        3.6363602813983427E-005
   5.9999999999999165        12.460937500000000        4.2041164585188217E-005
   5.9999999999999165        12.363281250000000        9.9305448728129096E-006
   5.9999999999999165        12.265625000000000        7.3546856551754577E-005
   5.9999999999999165        12.167968750000000        6.8851909535032869E-005
   5.9999999999999165        12.070312500000000        7.3286672533647034E-005
   5.9999999999999165        11.972656250000000        1.1223267121699699E-004
   5.9999999999999165        11.875000000000000        1.2161527002687049E-004
   5.9999999999999165        11.777343750000000        1.4788278086714851E-004
   5.9999999999999165        11.679687500000000        1.3560479176726465E-004
   5.9999999999999165        11.582031250000000        7.9597221018693260E-005
   5.9999999999999165        11.484375000000000        9.3675670779336685E-005
   5.9999999999999165        11.386718750000000        1.0222914660066466E-004
   5.9999999999999165        11.289062500000000        4.3082134008199786E-005
   5.9999999999999165        11.191406250000000        4.3203599624155782E-005
   5.9999999999999165        11.093750000000000        8.2366794971000748E-005
   5.9999999999999165        10.996093750000000        4.8531135613121840E-005
   5.9999999999999165        10.898437500000000        1.7407162792495299E-005
   5.9999999999999165        10.800781250000000        6.9524232500877580E-005
   5.9999999999999165        10.703125000000000        8.2209096167979963E-005
   5.9999999999999165        10.605468750000000        4.5508588515508386E-005
   5.9999999999999165        10.507812500000000        6.6426164118309699E-005
   5.9999999999999165        10.410156250000000        1.2334427902797252E-004
   5.9999999999999165        10.312500000000000        1.1812683966506861E-004
   5.9999999999999165        10.214843750000000        1.4094636239643613E-004
   5.9999999999999165        10.117187500000000        1.6123708820116670E-004
   5.9999999999999165        10.019531250000000        1.5948381451217107E-004
   5.9999999999999165        9.9218750000000000        1.7692304414361660E-004
   5.9999999999999165        9.8242187500000000        1.2700724665316390E-004
   5.9999999999999165        9.7265625000000000        6.2597223290017929E-005
   5.9999999999999165        9.6289062500000000        8.1185564827093398E-005
   5.9999999999999165        9.5312500000000000        6.4490455688972329E-005
   5.9999999999999165        9.4335937500000000        3.4740132182331740E-005
   5.9999999999999165        9.3359375000000000        7.2140019899506627E-005
   5.9999999999999165        9.2382812500000000        1.4465961022900245E-004
   5.9999999999999165        9.1406250000000000        1.2570107250939845E-004
   5.9999999999999165        9.0429687500000000        9.3056899048152723E-005
   5.9999999999999165        8.9453125000000000        1.3020781324040714E-004
   5.9999999999999165        8.8476562500000000        1.3594442696310632E-004
   5.9999999999999165        8.7500000000000000        1.1883669310134324E-004
   5.9999999999999165        8.6523437500000000        1.3529851705770739E-004
   5.9999999999999165        8.5546875000000000        1.3559439455497951E-004
   5.9999999999999165        8.4570312500000000        1.5533002621371359E-004
   5.9999999999999165        8.3593750000000000        1.3423702077387545E-004
   5.9999999999999165        8.2617187500000000        3.0502900770342522E-005
   5.9999999999999165        8.1640625000000000        2.7701030369685104E-005
   5.9999999999999165        8.0664062500000000        7.6692078477179308E-005
   5.9999999999999165        7.9687500000000000        9.9812513543341477E-005
   5.9999999999999165        7.8710937500000000        7.3821368764738184E-005
   5.9999999999999165        7.7734375000000000        1.1216523809471859E-004
   5.9999999999999165        7.6757812500000000        1.0166303516473545E-004
   5.9999999999999165        7.5781250000000000        6.5855381244435055E-005
   5.9999999999999165        7.4804687500000000        7.6293536992047030E-005
   5.9999999999999165        7.3828125000000000        8.6709427129241399E-005
   5.9999999999999165        7.2851562500000000        1.3428605303016797E-004
   5.9999999999999165        7.1875000000000000        1.4246110614698896E-004
   5.9999999999999165        7.0898437500000000        7.0225640718879021E-005
   5.9999999999999165        6.9921875000000000        5.4737799416870572E-005
   5.9999999999999165        6.8945312500000000        5.5478726490382284E-005
   5.9999999999999165        6.7968750000000000        2.4933766948092881E-005
   5.9999999999999165        6.6992187500000000        2.7413059890125428E-005
   5.9999999999999165        6.6015625000000000        6.6809188875270774E-005
   5.9999999999999165        6.5039062500000000        6.2677159218868067E-005
   5.9999999999999165        6.4062500000000000        3.3890958014854637E-005
   5.9999999999999165        6.3085937500000000        3.1195341306464599E-005
   5.9999999999999165        6.2109375000000000        2.7348601737336587E-005
   5.9999999999999165        6.1132812500000000        6.0663876717521841E-005
   5.9999999999999165        6.0156250000000000        6.9594194733768131E-005
   5.9999999999999165        5.9179687500000000        6.4596601839648053E-005
   5.9999999999999165        5.8203125000000000        9.0374135901555430E-005
   5.9999999999999165        5.7226562500000000        8.3972472181641960E-005
   5.9999999999999165        5.6250000000000000        8.8092759263640102E-005
   5.9999999999999165        5.5273437500000000        9.5394349644278078E-005
   5.9999999999999165        5.4296875000000000        1.9667582606050392E-005
   5.9999999999999165        5.3320312500000000        2.9258419565811579E-006
   5.9999999999999165        5.2343750000000000        3.3820741492115190E-005
   5.9999999999999165        5.1367187500000000        1.2713458220009859E-005
   5.9999999999999165        5.0390625000000000        2.2675058603859283E-005
   5.9999999999999165        4.9414062500000000        6.3654070351117561E-005
   5.9999999999999165        4.8437500000000000        7.5131842722010172E-005
   5.9999999999999165        4.7460937500000000        7.1056906520872344E-005
   5.9999999999999165        4.6484375000000000        7.4899429867555603E-005
   5.9999999999999165        4.5507812500000000        3.8049825649160878E-005
   5.9999999999999165        4.4531250000000000        7.1580606596711449E-005
   5.9999999999999165        4.3554687500000000        7.3813783828044550E-005
   5.9999999999999165        4.2578125000000000        7.9312867739441854E-005
   5.9999999999999165        4.1601562500000000        5.2804752383826124E-005
   5.9999999999999165        4.0625000000000000        4.9312433204931181E-005
   5.9999999999999165        3.9648437500000000        5.3714901686685496E-005
   5.9999999999999165        3.8671875000000000        5.0657770389856021E-005
   5.9999999999999165        3.7695312500000000        1.1234557990918299E-004
   5.9999999999999165        3.6718750000000000        7.2807883745294944E-005
   5.9999999999999165        3.5742187500000000        5.5203091911638253E-005
   5.9999999999999165        3.4765625000000000        5.6036817763811735E-006
   5.9999999999999165        3.3789062500000000        5.9251808878277068E-005
   5.9999999999999165        3.2812500000000000        4.8521443877822314E-005
   5.9999999999999165        3.1835937500000000        9.0077634873909451E-005
   5.9999999999999165        3.0859375000000000        1.1855462517125269E-004
   5.9999999999999165        2.9882812500000000        1.0144237839394241E-004
   5.9999999999999165        2.8906250000000000        1.0777374379748640E-004
   5.9999999999999165        2.7929687500000000        3.8060996926961283E-005
   5.9999999999999165        2.6953125000000000        4.6211292390559879E-005
   5.9999999999999165        2.5976562500000000        3.9247658204106804E-005
   5.9999999999999165        2.5000000000000000        2.6393112325020825E-005
   5.9999999999999165        2.4023437500000000        2.8675344549040123E-005
   5.9999999999999165        2.3046875000000000        4.8726881819003798E-005
   5.9999999999999165        2.2070312500000000        3.8545272049361552E-005
   5.9999999999999165        2.1093750000000000        8.3936620344615646E-005
   5.9999999999999165        2.0117187500000000        5.4532801930201286E-005
   5.9999999999999165        1.9140625000000000        4.0926900702819939E-005
   5.9999999999999165        1.8164062500000000        7.1607138948430419E-005
   5.9999999999999165        1.7187500000000000        5.1274075301339143E-005
   5.9999999999999165        1.6210937500000000        8.7659430907356098E-005
   5.9999999999999165        1.5234375000000000        4.2410856904467463E-005
   5.9999999999999165        1.4257812500000000        9.2114855497841871E-006
   5.9999999999999165        1.3281250000000000        5.9216694245784718E-005
   5.9999999999999165        1.2304687500000000        2.9182944675525525E-005
   5.9999999999999165        1.1328125000000000        2.3170656390961787E-005
   5.9999999999999165        1.0351562500000000        4.2907674318891152E-005
   5.9999999999999165       0.93750000000000000        6.4180696469253227E-005
   5.9999999999999165       0.83984375000000000        5.6398396391010149E-005
   5.9999999999999165       0.74218750000000000        7.2504419988028725E-005
   5.9999999999999165       0.64453125000000000        7.1855700878244489E-005
   5.9999999999999165       0.54687500000000000        2.2377652192920205E-004
   5.9999999999999165       0.44921875000000000        5.6756486643632601E-004
   5.9999999999999165       0.35156250000000000        1.4681888449173737E-003
   5.9999999999999165       0.25390625000000000        3.9721434812957316E-003
   5.9999999999999165       0.15625000000000000        1.0568357898451088E-002
   5.9999999999999165        5.8593750000000000E-002   2.8111811882618923E-002
   5.9999999999999165       -3.9062500000000000E-002   7.1916926253894106E-002
   5.9999999999999165      -0.13671875000000000       0.12526246541789007     
   5.9999999999999165      -0.23437500000000000       0.17752889482378029     
   5.9999999999999165      -0.33203125000000000       0.22819431004229099     
   5.9999999999999165      -0.42968750000000000       0.27693011722866256     
   5.9999999999999165      -0.52734375000000000       0.32325823696305589     
   5.9999999999999165      -0.62500000000000000       0.36696569016739650     
   5.9999999999999165      -0.72265625000000000       0.40755601770538269     
   5.9999999999999165      -0.82031250000000000       0.44470678511475464     
   5.9999999999999165      -0.91796875000000000       0.47802877569502378     
   5.9999999999999165       -1.0156250000000000       0.50732218373362137     
   5.9999999999999165       -1.1132812500000000       0.53247460722627904     
   5.9999999999999165       -1.2109375000000000       0.55319167290073601     
   5.9999999999999165       -1.3085937500000000       0.56939456297227198     
   5.9999999999999165       -1.4062500000000000       0.58093354224906846     
   5.9999999999999165       -1.5039062500000000       0.58796497864669872     
   5.9999999999999165       -1.6015625000000000       0.59034774059025708     
   5.9999999999999165       -1.6992187500000000       0.58819182849157692     
   5.9999999999999165       -1.7968750000000000       0.58148262091496383     
   5.9999999999999165       -1.8945312500000000       0.57040190045141903     
   5.9999999999999165       -1.9921875000000000       0.55504030242850499     
   5.9999999999999165       -2.0898437500000000       0.53561754745999912     
   5.9999999999999165       -2.1875000000000000       0.51252369429937905     
   5.9999999999999165       -2.2851562500000000       0.48605229653735543     
   5.9999999999999165       -2.3828125000000000       0.45658653809421784     
   5.9999999999999165       -2.4804687500000000       0.42434511763570093     
   5.9999999999999165       -2.5781250000000000       0.38989433567565768     
   5.9999999999999165       -2.6757812500000000       0.35364351322923682     
   5.9999999999999165       -2.7734375000000000       0.31632866179783559     
   5.9999999999999165       -2.8710937500000000       0.27844411635224064     
   5.9999999999999165       -2.9687500000000000       0.24100955397245474     
   5.9999999999999165       -3.0664062500000000       0.20520224362471973     
   5.9999999999999165       -3.1640625000000000       0.17299695353365876     
   5.9999999999999165       -3.2617187500000000       0.14703451391615419     
   5.9999999999999165       -3.3593750000000000       0.13116152282183138     
   5.9999999999999165       -3.4570312500000000       0.12851371580824880     
   5.9999999999999165       -3.5546875000000000       0.13912544348236938     
   5.9999999999999165       -3.6523437500000000       0.15916863433983922     
   5.9999999999999165       -3.7500000000000000       0.18453709201955373     
   5.9999999999999165       -3.8476562500000000       0.21200235240907714     
   5.9999999999999165       -3.9453125000000000       0.23977651514489612     
   5.9999999999999165       -4.0429687500000000       0.26658755041893972     
   5.9999999999999165       -4.1406250000000000       0.29183996281148922     
   5.9999999999999165       -4.2382812500000000       0.31484499927796672     
   5.9999999999999165       -4.3359375000000000       0.33537633624642471     
   5.9999999999999165       -4.4335937500000000       0.35310601271146158     
   5.9999999999999165       -4.5312500000000000       0.36807508941168404     
   5.9999999999999165       -4.6289062500000000       0.38001148198884310     
   5.9999999999999165       -4.7265625000000000       0.38892443599598514     
   5.9999999999999165       -4.8242187500000000       0.39471023339105044     
   5.9999999999999165       -4.9218750000000000       0.39755791843416893     
   5.9999999999999165       -5.0195312500000000       0.39738911722157327     
   5.9999999999999165       -5.1171875000000000       0.39439447491405827     
   5.9999999999999165       -5.2148437500000000       0.38861103850662038     
   5.9999999999999165       -5.3125000000000000       0.38037000499555029     
   5.9999999999999165       -5.4101562500000000       0.36979425874415822     
   5.9999999999999165       -5.5078125000000000       0.35718680924559354     
   5.9999999999999165       -5.6054687500000000       0.34261481105527908     
   5.9999999999999165       -5.7031250000000000       0.32644989279593084     
   5.9999999999999165       -5.8007812500000000       0.30888241326156274     
   5.9999999999999165       -5.8984375000000000       0.29032779091788036     
   5.9999999999999165       -5.9960937500000000       0.27093270601562575     
   5.9999999999999165       -6.0937500000000000       0.25117763878462607     
   5.9999999999999165       -6.1914062500000000       0.23137248497980098     
   5.9999999999999165       -6.2890625000000000       0.21209396697240729     
   5.9999999999999165       -6.3867187500000000       0.19361478329604553     
   5.9999999999999165       -6.4843750000000000       0.17653806360806648     
   5.9999999999999165       -6.5820312500000000       0.16122483895514772     
   5.9999999999999165       -6.6796875000000000       0.14838581493255448     
   5.9999999999999165       -6.7773437500000000       0.13841079962450445     
   5.9999999999999165       -6.8750000000000000       0.13179947309979170     
   5.9999999999999165       -6.9726562500000000       0.12863288141699480     
   5.9999999999999165       -7.0703125000000000       0.12873023616898668     
   5.9999999999999165       -7.1679687500000000       0.13158412697759353     
   5.9999999999999165       -7.2656250000000000       0.13645060238604706     
   5.9999999999999165       -7.3632812500000000       0.14265046894429914     
   5.9999999999999165       -7.4609375000000000       0.14934850517429291     
   5.9999999999999165       -7.5585937500000000       0.15610049834540080     
   5.9999999999999165       -7.6562500000000000       0.16239116555242608     
   5.9999999999999165       -7.7539062500000000       0.16810058574063816     
   5.9999999999999165       -7.8515625000000000       0.17289540047615959     
   5.9999999999999165       -7.9492187500000000       0.17677034655097276     
   5.9999999999999165       -8.0468750000000000       0.17953893095352280     
   5.9999999999999165       -8.1445312500000000       0.18125504070272375     
   5.9999999999999165       -8.2421875000000000       0.18187611952801702     
   5.9999999999999165       -8.3398437500000000       0.18135311465114487     
   5.9999999999999165       -8.4375000000000000       0.17973813215644216     
   5.9999999999999165       -8.5351562500000000       0.17697734224311742     
   5.9999999999999165       -8.6328125000000000       0.17333169436513315     
   5.9999999999999165       -8.7304687500000000       0.16881710598020927     
   5.9999999999999165       -8.8281250000000000       0.16366372926426090     
   5.9999999999999165       -8.9257812500000000       0.15774497559298215     
   5.9999999999999165       -9.0234375000000000       0.15122687101458185     
   5.9999999999999165       -9.1210937500000000       0.14418665470267319     
   5.9999999999999165       -9.2187500000000000       0.13684626786003060     
   5.9999999999999165       -9.3164062500000000       0.12938153392511378     
   5.9999999999999165       -9.4140625000000000       0.12179040940763235     
   5.9999999999999165       -9.5117187500000000       0.11426021513855276     
   5.9999999999999165       -9.6093750000000000       0.10668926384950196     
   5.9999999999999165       -9.7070312500000000        9.9389974841523038E-002
   5.9999999999999165       -9.8046875000000000        9.2436896544061800E-002
   5.9999999999999165       -9.9023437500000000        8.6000696900160795E-002
   5.9999999999999165       -10.000000000000000        8.0202359290463265E-002
   5.9999999999999165       -10.097656250000000        7.4986585882675316E-002
   5.9999999999999165       -10.195312500000000        7.0544119931651772E-002
   5.9999999999999165       -10.292968750000000        6.6757528221781590E-002
   5.9999999999999165       -10.390625000000000        6.3729648051847984E-002
   5.9999999999999165       -10.488281250000000        6.1477485117840791E-002
   5.9999999999999165       -10.585937500000000        5.9922155614361684E-002
   5.9999999999999165       -10.683593750000000        5.9076830446369473E-002
   5.9999999999999165       -10.781250000000000        5.8595640325754685E-002
   5.9999999999999165       -10.878906250000000        5.8416545809472600E-002
   5.9999999999999165       -10.976562500000000        5.8443487311106608E-002
   5.9999999999999165       -11.074218750000000        5.8466625129661061E-002
   5.9999999999999165       -11.171875000000000        5.8527519827223838E-002
   5.9999999999999165       -11.269531250000000        5.8422653141240392E-002
   5.9999999999999165       -11.367187500000000        5.8227453270634964E-002
   5.9999999999999165       -11.464843750000000        5.7930010970868057E-002
   5.9999999999999165       -11.562500000000000        5.7335612922964491E-002
   5.9999999999999165       -11.660156250000000        5.6569834771649008E-002
   5.9999999999999165       -11.757812500000000        5.5608379919073719E-002
   5.9999999999999165       -11.855468750000000        5.4466911533410323E-002
   5.9999999999999165       -11.953125000000000        5.3142848580298316E-002
   5.9999999999999165       -12.050781250000000        5.1441287567975856E-002
   5.9999999999999165       -12.148437500000000        4.9571490310599139E-002
   5.9999999999999165       -12.246093750000000        4.7641400754211471E-002
   5.9999999999999165       -12.343750000000000        4.5625463058315399E-002
   5.9999999999999165       -12.441406250000000        4.3622035536801218E-002
   5.9999999999999165       -12.539062500000000        4.1564490447490304E-002
   5.9999999999999165       -12.636718750000000        3.9455928285769541E-002
   5.9999999999999165       -12.734375000000000        3.7363824754453212E-002
   5.9999999999999165       -12.832031250000000        3.5121875386513401E-002
   5.9999999999999165       -12.929687500000000        3.2842624785148510E-002
   5.9999999999999165       -13.027343750000000        3.0764388350789616E-002
   5.9999999999999165       -13.125000000000000        2.8839088347802074E-002
   5.9999999999999165       -13.222656250000000        2.7032826455295748E-002
   5.9999999999999165       -13.320312500000000        2.5321664622111040E-002
   5.9999999999999165       -13.417968750000000        2.3582783777514649E-002
   5.9999999999999165       -13.515625000000000        2.1960612075653318E-002
   5.9999999999999165       -13.613281250000000        2.0527753369073743E-002
   5.9999999999999165       -13.710937500000000        1.9219684513093655E-002
   5.9999999999999165       -13.808593750000000        1.8144760242000259E-002
   5.9999999999999165       -13.906250000000000        1.7389178680552862E-002
   5.9999999999999165       -14.003906250000000        1.6763798941787391E-002
   5.9999999999999165       -14.101562500000000        1.6135028146139613E-002
   5.9999999999999165       -14.199218750000000        1.5560253130811412E-002
   5.9999999999999165       -14.296875000000000        1.4993944907161086E-002
   5.9999999999999165       -14.394531250000000        1.4420062477237648E-002
   5.9999999999999165       -14.492187500000000        1.3942370954749792E-002
   5.9999999999999165       -14.589843750000000        1.3561701496291552E-002
   5.9999999999999165       -14.687500000000000        1.3137783808743473E-002
   5.9999999999999165       -14.785156250000000        1.2670768383918443E-002
   5.9999999999999165       -14.882812500000000        1.2284452439099352E-002
   5.9999999999999165       -14.980468750000000        1.1936949436146382E-002
   5.9999999999999165       -15.078125000000000        1.1499151296801539E-002
   5.9999999999999165       -15.175781250000000        1.1032193587065912E-002
   5.9999999999999165       -15.273437500000000        1.0632317230201069E-002
   5.9999999999999165       -15.371093750000000        1.0247233096286031E-002
   5.9999999999999165       -15.468750000000000        9.7698008008482579E-003
   5.9999999999999165       -15.566406250000000        9.2662894378322883E-003
   5.9999999999999165       -15.664062500000000        8.8554379914715167E-003
   5.9999999999999165       -15.761718750000000        8.5264451504657342E-003
   5.9999999999999165       -15.859375000000000        8.1464527978598027E-003
   5.9999999999999165       -15.957031250000000        7.6522019398056152E-003
   5.9999999999999165       -16.054687500000000        7.1716890149022350E-003
   5.9999999999999165       -16.152343750000000        6.7622974266536035E-003
   5.9999999999999165       -16.250000000000000        6.3905180556991376E-003
   5.9999999999999165       -16.347656250000000        6.0051906342235856E-003
   5.9999999999999165       -16.445312500000000        5.6358950820949369E-003
   5.9999999999999165       -16.542968750000000        5.2954801899906907E-003
   5.9999999999999165       -16.640625000000000        4.9587222989843464E-003
   5.9999999999999165       -16.738281250000000        4.5928355002418670E-003
   5.9999999999999165       -16.835937500000000        4.1697712573822545E-003
   5.9999999999999165       -16.933593750000000        3.7527992771608744E-003
   5.9999999999999165       -17.031250000000000        3.4053785168810121E-003
   5.9999999999999165       -17.128906250000000        3.2012028996617685E-003
   5.9999999999999165       -17.226562500000000        3.0798551525854268E-003
   5.9999999999999165       -17.324218750000000        2.9507716226641421E-003
   5.9999999999999165       -17.421875000000000        2.8208505276510433E-003
   5.9999999999999165       -17.519531250000000        2.7367813489967579E-003
   5.9999999999999165       -17.617187500000000        2.6815851311131544E-003
   5.9999999999999165       -17.714843750000000        2.5878975060135956E-003
   5.9999999999999165       -17.812500000000000        2.4671321330182639E-003
   5.9999999999999165       -17.910156250000000        2.3326820229630342E-003
   5.9999999999999165       -18.007812500000000        2.1784648192873617E-003
   5.9999999999999165       -18.105468750000000        1.9783844741929702E-003
   5.9999999999999165       -18.203125000000000        1.7795648870785944E-003
   5.9999999999999165       -18.300781250000000        1.6359812197781997E-003
   5.9999999999999165       -18.398437500000000        1.5407512205396015E-003
   5.9999999999999165       -18.496093750000000        1.4722816777500364E-003
   5.9999999999999165       -18.593750000000000        1.4002039788381711E-003
   5.9999999999999165       -18.691406250000000        1.2975003905273212E-003
   5.9999999999999165       -18.789062500000000        1.2367764354212765E-003
   5.9999999999999165       -18.886718750000000        1.2847450718233599E-003
   5.9999999999999165       -18.984375000000000        1.3728537961362830E-003
   5.9999999999999165       -19.082031250000000        1.3878188385889473E-003
   5.9999999999999165       -19.179687500000000        1.3428704407812120E-003
   5.9999999999999165       -19.277343750000000        1.3645780967249462E-003
   5.9999999999999165       -19.375000000000000        1.2566927227961864E-003
   5.9999999999999165       -19.472656250000000        1.0715483877298143E-003
   5.9999999999999165       -19.570312500000000        9.1236668296967209E-004
   5.9999999999999165       -19.667968750000000        6.7678834616856723E-004
   5.9999999999999165       -19.765625000000000        4.0289710027474618E-004
   5.9999999999999165       -19.863281250000000        1.9653341816679046E-004
   5.9999999999999165       -19.960937500000000        6.1539813379503190E-005


   6.9999999999998952        19.980468750000000        1.6061194459028111E-005
   6.9999999999998952        19.882812500000000        5.5440020608226949E-005
   6.9999999999998952        19.785156250000000        4.6786841912320610E-005
   6.9999999999998952        19.687500000000000        1.0221597669930449E-004
   6.9999999999998952        19.589843750000000        1.4859334898510872E-004
   6.9999999999998952        19.492187500000000        1.2692897649646656E-004
   6.9999999999998952        19.394531250000000        1.5523331690854171E-004
   6.9999999999998952        19.296875000000000        2.0282826346737986E-004
   6.9999999999998952        19.199218750000000        1.5836066503776612E-004
   6.9999999999998952        19.101562500000000        1.3833715918094169E-004
   6.9999999999998952        19.003906250000000        1.8183618247160700E-004
   6.9999999999998952        18.906250000000000        1.5308550561506055E-004
   6.9999999999998952        18.808593750000000        1.0661490594820627E-004
   6.9999999999998952        18.710937500000000        1.3471876778405910E-004
   6.9999999999998952        18.613281250000000        1.0758686172686125E-004
   6.9999999999998952        18.515625000000000        4.7522768716722116E-005
   6.9999999999998952        18.417968750000000        6.3168433057412876E-005
   6.9999999999998952        18.320312500000000        4.6778074652299091E-005
   6.9999999999998952        18.222656250000000        4.3828869965801086E-005
   6.9999999999998952        18.125000000000000        4.1248047844022122E-005
   6.9999999999998952        18.027343750000000        6.0858033369446155E-005
   6.9999999999998952        17.929687500000000        1.0301220629112631E-004
   6.9999999999998952        17.832031250000000        1.0966092410595402E-004
   6.9999999999998952        17.734375000000000        1.0643484023724373E-004
   6.9999999999998952        17.636718750000000        1.2441004741347526E-004
   6.9999999999998952        17.539062500000000        1.5085643904735221E-004
   6.9999999999998952        17.441406250000000        1.3068184578868161E-004
   6.9999999999998952        17.343750000000000        1.4390103720087589E-004
   6.9999999999998952        17.246093750000000        1.5296752114246263E-004
   6.9999999999998952        17.148437500000000        1.2726635302017831E-004
   6.9999999999998952        17.050781250000000        1.1728428729771834E-004
   6.9999999999998952        16.953125000000000        1.0170858913871505E-004
   6.9999999999998952        16.855468750000000        8.9492682314193023E-005
   6.9999999999998952        16.757812500000000        8.5125543402224702E-005
   6.9999999999998952        16.660156250000000        5.5262354994631490E-005
   6.9999999999998952        16.562500000000000        4.7414357578773595E-005
   6.9999999999998952        16.464843750000000        4.7082262570002403E-005
   6.9999999999998952        16.367187500000000        3.9831735353960780E-005
   6.9999999999998952        16.269531250000000        5.3068010327616374E-005
   6.9999999999998952        16.171875000000000        6.3054277025402478E-005
   6.9999999999998952        16.074218750000000        1.3787382646070738E-004
   6.9999999999998952        15.976562500000000        1.7511505095377000E-004
   6.9999999999998952        15.878906250000000        1.2487170298600372E-004
   6.9999999999998952        15.781250000000000        1.3578760860547752E-004
   6.9999999999998952        15.683593750000000        1.5567106839432400E-004
   6.9999999999998952        15.585937500000000        1.1673371245817993E-004
   6.9999999999998952        15.488281250000000        1.2215664149744035E-004
   6.9999999999998952        15.390625000000000        1.2752398274845170E-004
   6.9999999999998952        15.292968750000000        9.1421675328175439E-005
   6.9999999999998952        15.195312500000000        8.6702246656429559E-005
   6.9999999999998952        15.097656250000000        7.5196725800363254E-005
   6.9999999999998952        15.000000000000000        5.7844107833535812E-005
   6.9999999999998952        14.902343750000000        6.3551567117796628E-005
   6.9999999999998952        14.804687500000000        5.1424757934100777E-005
   6.9999999999998952        14.707031250000000        3.6340079016006507E-005
   6.9999999999998952        14.609375000000000        1.3345338135035674E-005
   6.9999999999998952        14.511718750000000        7.6799760078270473E-005
   6.9999999999998952        14.414062500000000        8.9471146002578474E-005
   6.9999999999998952        14.316406250000000        3.4456832810330955E-005
   6.9999999999998952        14.218750000000000        5.6757948733870740E-005
   6.9999999999998952        14.121093750000000        7.4332853382552591E-005
   6.9999999999998952        14.023437500000000        6.1687189784846944E-005
   6.9999999999998952        13.925781250000000        9.4487404975244303E-005
   6.9999999999998952        13.828125000000000        1.1735414514658643E-004
   6.9999999999998952        13.730468750000000        1.1489618510149834E-004
   6.9999999999998952        13.632812500000000        1.3434412462405654E-004
   6.9999999999998952        13.535156250000000        1.3663295699672300E-004
   6.9999999999998952        13.437500000000000        1.3451949057732487E-004
   6.9999999999998952        13.339843750000000        1.2876683965619629E-004
   6.9999999999998952        13.242187500000000        1.0865102182657527E-004
   6.9999999999998952        13.144531250000000        1.0940997231230582E-004
   6.9999999999998952        13.046875000000000        1.1338695497894598E-004
   6.9999999999998952        12.949218750000000        4.8450091770756960E-005
   6.9999999999998952        12.851562500000000        2.8727999519318794E-005
   6.9999999999998952        12.753906250000000        3.4642167085504061E-005
   6.9999999999998952        12.656250000000000        4.7126307605197216E-005
   6.9999999999998952        12.558593750000000        8.7361274320708963E-005
   6.9999999999998952        12.460937500000000        8.2659874423137897E-005
   6.9999999999998952        12.363281250000000        1.1851856012136444E-004
   6.9999999999998952        12.265625000000000        1.3644273129766066E-004
   6.9999999999998952        12.167968750000000        1.7534152276885793E-004
   6.9999999999998952        12.070312500000000        1.8515856986314847E-004
   6.9999999999998952        11.972656250000000        1.5051476967610630E-004
   6.9999999999998952        11.875000000000000        1.8292101980080101E-004
   6.9999999999998952        11.777343750000000        1.6849644394698984E-004
   6.9999999999998952        11.679687500000000        1.1900375446562031E-004
   6.9999999999998952        11.582031250000000        1.2908650805344438E-004
   6.9999999999998952        11.484375000000000        1.1470180689990228E-004
   6.9999999999998952        11.386718750000000        7.1755588035126553E-005
   6.9999999999998952        11.289062500000000        3.6124837960069099E-005
   6.9999999999998952        11.191406250000000        3.3104697722729019E-005
   6.9999999999998952        11.093750000000000        3.4518798672510001E-005
   6.9999999999998952        10.996093750000000        6.9711214051861235E-005
   6.9999999999998952        10.898437500000000        1.4083298608218148E-004
   6.9999999999998952        10.800781250000000        1.1603848027833689E-004
   6.9999999999998952        10.703125000000000        1.2714699668213471E-004
   6.9999999999998952        10.605468750000000        1.5287750221062768E-004
   6.9999999999998952        10.507812500000000        1.4459558197329201E-004
   6.9999999999998952        10.410156250000000        1.4591275217178831E-004
   6.9999999999998952        10.312500000000000        1.1744371785872798E-004
   6.9999999999998952        10.214843750000000        1.0886866781252295E-004
   6.9999999999998952        10.117187500000000        1.2418781912883453E-004
   6.9999999999998952        10.019531250000000        5.3937966255308847E-005
   6.9999999999998952        9.9218750000000000        4.0369793664925324E-005
   6.9999999999998952        9.8242187500000000        7.8190101931268732E-005
   6.9999999999998952        9.7265625000000000        3.0621484681603043E-005
   6.9999999999998952        9.6289062500000000        3.8209951989411828E-005
   6.9999999999998952        9.5312500000000000        7.7827576307680074E-006
   6.9999999999998952        9.4335937500000000        1.5661633982333057E-005
   6.9999999999998952        9.3359375000000000        2.7251599890163505E-005
   6.9999999999998952        9.2382812500000000        4.3016050627663895E-005
   6.9999999999998952        9.1406250000000000        4.4122481370357321E-005
   6.9999999999998952        9.0429687500000000        4.9998335148027343E-005
   6.9999999999998952        8.9453125000000000        9.1824395586876997E-005
   6.9999999999998952        8.8476562500000000        1.0806772438797495E-004
   6.9999999999998952        8.7500000000000000        1.5597767809940704E-004
   6.9999999999998952        8.6523437500000000        1.3735184761267207E-004
   6.9999999999998952        8.5546875000000000        1.2604975200995153E-004
   6.9999999999998952        8.4570312500000000        1.7048625914031686E-004
   6.9999999999998952        8.3593750000000000        1.1578391189986545E-004
   6.9999999999998952        8.2617187500000000        7.1292060588426252E-005
   6.9999999999998952        8.1640625000000000        4.6404776142194424E-005
   6.9999999999998952        8.0664062500000000        2.5499580189970697E-005
   6.9999999999998952        7.9687500000000000        5.4319636534882366E-005
   6.9999999999998952        7.8710937500000000        3.6295530915139316E-005
   6.9999999999998952        7.7734375000000000        5.5681721505099350E-005
   6.9999999999998952        7.6757812500000000        2.9945663277984947E-005
   6.9999999999998952        7.5781250000000000        5.9374083442463481E-005
   6.9999999999998952        7.4804687500000000        6.2594780086760004E-005
   6.9999999999998952        7.3828125000000000        1.0619382320852707E-004
   6.9999999999998952        7.2851562500000000        8.8705689246848355E-005
   6.9999999999998952        7.1875000000000000        6.5089636886458664E-005
   6.9999999999998952        7.0898437500000000        9.8320245121554084E-005
   6.9999999999998952        6.9921875000000000        6.2080046845158939E-005
   6.9999999999998952        6.8945312500000000        4.5039333161523292E-005
   6.9999999999998952        6.7968750000000000        4.9057576524493667E-005
   6.9999999999998952        6.6992187500000000        2.5840111557123544E-005
   6.9999999999998952        6.6015625000000000        5.6082157738295139E-005
   6.9999999999998952        6.5039062500000000        1.7825727073782375E-005
   6.9999999999998952        6.4062500000000000        3.4725463153146766E-005
   6.9999999999998952        6.3085937500000000        3.6089309175074282E-005
   6.9999999999998952        6.2109375000000000        5.8250723879685401E-005
   6.9999999999998952        6.1132812500000000        8.0426913521738607E-005
   6.9999999999998952        6.0156250000000000        3.8712569534781151E-005
   6.9999999999998952        5.9179687500000000        5.0581841040097797E-005
   6.9999999999998952        5.8203125000000000        2.7258300998894804E-005
   6.9999999999998952        5.7226562500000000        4.1364165315278718E-005
   6.9999999999998952        5.6250000000000000        2.3065064179537454E-005
   6.9999999999998952        5.5273437500000000        7.4106425653017361E-005
   6.9999999999998952        5.4296875000000000        4.4709260908610975E-005
   6.9999999999998952        5.3320312500000000        7.8948746078694529E-005
   6.9999999999998952        5.2343750000000000        1.0828757069068849E-004
   6.9999999999998952        5.1367187500000000        9.2836707541429095E-005
   6.9999999999998952        5.0390625000000000        8.4287854086728832E-005
   6.9999999999998952        4.9414062500000000        3.5017390645671451E-005
   6.9999999999998952        4.8437500000000000        7.3891554061403299E-005
   6.9999999999998952        4.7460937500000000        6.9784857384059401E-005
   6.9999999999998952        4.6484375000000000        9.7147644107919179E-005
   6.9999999999998952        4.5507812500000000        5.5014980712116577E-005
   6.9999999999998952        4.4531250000000000        2.7240154026091388E-005
   6.9999999999998952        4.3554687500000000        5.9333527797113742E-005
   6.9999999999998952        4.2578125000000000        2.0931285629201104E-005
   6.9999999999998952        4.1601562500000000        1.2345986161833161E-005
   6.9999999999998952        4.0625000000000000        5.5757274375235932E-005
   6.9999999999998952        3.9648437500000000        4.5785479368103422E-005
   6.9999999999998952        3.8671875000000000        4.6266939630557193E-005
   6.9999999999998952        3.7695312500000000        1.1712932216474438E-004
   6.9999999999998952        3.6718750000000000        1.0529961116696141E-004
   6.9999999999998952        3.5742187500000000        1.0784425270749087E-004
   6.9999999999998952        3.4765625000000000        8.2806685416606738E-005
   6.9999999999998952        3.3789062500000000        7.0385884216538406E-005
   6.9999999999998952        3.2812500000000000        9.9148827448636526E-005
   6.9999999999998952        3.1835937500000000        7.6748288056584314E-005
   6.9999999999998952        3.0859375000000000        7.6795208749497315E-005
   6.9999999999998952        2.9882812500000000        4.9330424789011811E-005
   6.9999999999998952        2.8906250000000000        7.4646314466131998E-005
   6.9999999999998952        2.7929687500000000        6.7300172741569593E-005
   6.9999999999998952        2.6953125000000000        1.0107338753993605E-004
   6.9999999999998952        2.5976562500000000        3.5509455406605006E-005
   6.9999999999998952        2.5000000000000000        4.3569194649239627E-005
   6.9999999999998952        2.4023437500000000        4.9527073257899200E-005
   6.9999999999998952        2.3046875000000000        1.1945397916350190E-004
   6.9999999999998952        2.2070312500000000        1.1955907046675084E-004
   6.9999999999998952        2.1093750000000000        1.1084047269109550E-004
   6.9999999999998952        2.0117187500000000        2.1575733868427127E-005
   6.9999999999998952        1.9140625000000000        3.0282930525764053E-005
   6.9999999999998952        1.8164062500000000        3.0947813516720955E-005
   6.9999999999998952        1.7187500000000000        8.0944649104804659E-005
   6.9999999999998952        1.6210937500000000        8.3331947830589615E-005
   6.9999999999998952        1.5234375000000000        6.2306801463942745E-006
   6.9999999999998952        1.4257812500000000        1.7077948691296879E-005
   6.9999999999998952        1.3281250000000000        6.1386856547308163E-005
   6.9999999999998952        1.2304687500000000        9.4480143785621474E-005
   6.9999999999998952        1.1328125000000000        8.7655041996059801E-005
   6.9999999999998952        1.0351562500000000        6.9133320918496831E-005
   6.9999999999998952       0.93750000000000000        4.3954359996577531E-005
   6.9999999999998952       0.83984375000000000        3.7971602321397653E-005
   6.9999999999998952       0.74218750000000000        6.5480162488503626E-005
   6.9999999999998952       0.64453125000000000        8.9530495135931108E-005
   6.9999999999998952       0.54687500000000000        1.4103721034268630E-004
   6.9999999999998952       0.44921875000000000        4.2569192901721208E-004
   6.9999999999998952       0.35156250000000000        1.1255862689939016E-003
   6.9999999999998952       0.25390625000000000        2.9066869309764690E-003
   6.9999999999998952       0.15625000000000000        7.6129932910660014E-003
   6.9999999999998952        5.8593750000000000E-002   2.0124292359500223E-002
   6.9999999999998952       -3.9062500000000000E-002   5.1402007483796176E-002
   6.9999999999998952      -0.13671875000000000        8.9697516355199916E-002
   6.9999999999998952      -0.23437500000000000       0.12739057999337752     
   6.9999999999998952      -0.33203125000000000       0.16438536043270446     
   6.9999999999998952      -0.42968750000000000       0.20023487093377704     
   6.9999999999998952      -0.52734375000000000       0.23477749794392697     
   6.9999999999998952      -0.62500000000000000       0.26771195512757973     
   6.9999999999998952      -0.72265625000000000       0.29887732447787807     
   6.9999999999998952      -0.82031250000000000       0.32806147135956087     
   6.9999999999998952      -0.91796875000000000       0.35516296932759395     
   6.9999999999998952       -1.0156250000000000       0.37993354167053467     
   6.9999999999998952       -1.1132812500000000       0.40216911917374537     
   6.9999999999998952       -1.2109375000000000       0.42187777848771851     
   6.9999999999998952       -1.3085937500000000       0.43894930468849425     
   6.9999999999998952       -1.4062500000000000       0.45329666123084167     
   6.9999999999998952       -1.5039062500000000       0.46468458422940850     
   6.9999999999998952       -1.6015625000000000       0.47323777044073179     
   6.9999999999998952       -1.6992187500000000       0.47891268109250812     
   6.9999999999998952       -1.7968750000000000       0.48179024571364276     
   6.9999999999998952       -1.8945312500000000       0.48170116762730270     
   6.9999999999998952       -1.9921875000000000       0.47886373896602008     
   6.9999999999998952       -2.0898437500000000       0.47325304507773686     
   6.9999999999998952       -2.1875000000000000       0.46511031062770869     
   6.9999999999998952       -2.2851562500000000       0.45447569396125287     
   6.9999999999998952       -2.3828125000000000       0.44167709723155285     
   6.9999999999998952       -2.4804687500000000       0.42670352533431355     
   6.9999999999998952       -2.5781250000000000       0.40983526702556028     
   6.9999999999998952       -2.6757812500000000       0.39126125118654864     
   6.9999999999998952       -2.7734375000000000       0.37142634034259042     
   6.9999999999998952       -2.8710937500000000       0.35044500299957526     
   6.9999999999998952       -2.9687500000000000       0.32876310821369675     
   6.9999999999998952       -3.0664062500000000       0.30666900395669650     
   6.9999999999998952       -3.1640625000000000       0.28480966439102273     
   6.9999999999998952       -3.2617187500000000       0.26366195851964902     
   6.9999999999998952       -3.3593750000000000       0.24401683183964298     
   6.9999999999998952       -3.4570312500000000       0.22645722887752276     
   6.9999999999998952       -3.5546875000000000       0.21191798086553976     
   6.9999999999998952       -3.6523437500000000       0.20105956086656165     
   6.9999999999998952       -3.7500000000000000       0.19469092989010170     
   6.9999999999998952       -3.8476562500000000       0.19305684729384631     
   6.9999999999998952       -3.9453125000000000       0.19617382832961550     
   6.9999999999998952       -4.0429687500000000       0.20340478653563615     
   6.9999999999998952       -4.1406250000000000       0.21402249119115102     
   6.9999999999998952       -4.2382812500000000       0.22712540202037448     
   6.9999999999998952       -4.3359375000000000       0.24180966498357248     
   6.9999999999998952       -4.4335937500000000       0.25719136542800136     
   6.9999999999998952       -4.5312500000000000       0.27259072398108025     
   6.9999999999998952       -4.6289062500000000       0.28764666383977727     
   6.9999999999998952       -4.7265625000000000       0.30201715977692251     
   6.9999999999998952       -4.8242187500000000       0.31547975883968971     
   6.9999999999998952       -4.9218750000000000       0.32767637553345230     
   6.9999999999998952       -5.0195312500000000       0.33857706021225437     
   6.9999999999998952       -5.1171875000000000       0.34792906312526450     
   6.9999999999998952       -5.2148437500000000       0.35573853492049290     
   6.9999999999998952       -5.3125000000000000       0.36177571513785373     
   6.9999999999998952       -5.4101562500000000       0.36619131624904572     
   6.9999999999998952       -5.5078125000000000       0.36888401138589771     
   6.9999999999998952       -5.6054687500000000       0.36996940487991919     
   6.9999999999998952       -5.7031250000000000       0.36940321379628155     
   6.9999999999998952       -5.8007812500000000       0.36738052827965156     
   6.9999999999998952       -5.8984375000000000       0.36388137067515031     
   6.9999999999998952       -5.9960937500000000       0.35900199227583629     
   6.9999999999998952       -6.0937500000000000       0.35286922411695554     
   6.9999999999998952       -6.1914062500000000       0.34567355143959455     
   6.9999999999998952       -6.2890625000000000       0.33757449762717628     
   6.9999999999998952       -6.3867187500000000       0.32853926406021217     
   6.9999999999998952       -6.4843750000000000       0.31886469879206181     
   6.9999999999998952       -6.5820312500000000       0.30865928142611360     
   6.9999999999998952       -6.6796875000000000       0.29825767579696966     
   6.9999999999998952       -6.7773437500000000       0.28763413984639558     
   6.9999999999998952       -6.8750000000000000       0.27704903776033285     
   6.9999999999998952       -6.9726562500000000       0.26663357896844314     
   6.9999999999998952       -7.0703125000000000       0.25662505509287203     
   6.9999999999998952       -7.1679687500000000       0.24724978941940043     
   6.9999999999998952       -7.2656250000000000       0.23864359365024107     
   6.9999999999998952       -7.3632812500000000       0.23106318721750554     
   6.9999999999998952       -7.4609375000000000       0.22441985786916929     
   6.9999999999998952       -7.5585937500000000       0.21881430052789827     
   6.9999999999998952       -7.6562500000000000       0.21422260639671173     
   6.9999999999998952       -7.7539062500000000       0.21080866270098989     
   6.9999999999998952       -7.8515625000000000       0.20847466483733992     
   6.9999999999998952       -7.9492187500000000       0.20705303162659913     
   6.9999999999998952       -8.0468750000000000       0.20655163455773157     
   6.9999999999998952       -8.1445312500000000       0.20674065881891202     
   6.9999999999998952       -8.2421875000000000       0.20752568279497510     
   6.9999999999998952       -8.3398437500000000       0.20854371681655048     
   6.9999999999998952       -8.4375000000000000       0.20968738042264826     
   6.9999999999998952       -8.5351562500000000       0.21088712038353885     
   6.9999999999998952       -8.6328125000000000       0.21199836159867125     
   6.9999999999998952       -8.7304687500000000       0.21305465307325350     
   6.9999999999998952       -8.8281250000000000       0.21381757186572137     
   6.9999999999998952       -8.9257812500000000       0.21428941208821944     
   6.9999999999998952       -9.0234375000000000       0.21434072907418242     
   6.9999999999998952       -9.1210937500000000       0.21389179899437533     
   6.9999999999998952       -9.2187500000000000       0.21299578737162594     
   6.9999999999998952       -9.3164062500000000       0.21154977978160946     
   6.9999999999998952       -9.4140625000000000       0.20975268652003407     
   6.9999999999998952       -9.5117187500000000       0.20751616158931552     
   6.9999999999998952       -9.6093750000000000       0.20476262060798625     
   6.9999999999998952       -9.7070312500000000       0.20157934554364737     
   6.9999999999998952       -9.8046875000000000       0.19792536799490562     
   6.9999999999998952       -9.9023437500000000       0.19399546355033023     
   6.9999999999998952       -10.000000000000000       0.18976571676774115     
   6.9999999999998952       -10.097656250000000       0.18526835972581612     
   6.9999999999998952       -10.195312500000000       0.18063528420250399     
   6.9999999999998952       -10.292968750000000       0.17573054491542786     
   6.9999999999998952       -10.390625000000000       0.17068692474655073     
   6.9999999999998952       -10.488281250000000       0.16562668098849315     
   6.9999999999998952       -10.585937500000000       0.16061078325186684     
   6.9999999999998952       -10.683593750000000       0.15573345161454871     
   6.9999999999998952       -10.781250000000000       0.15079617765227266     
   6.9999999999998952       -10.878906250000000       0.14586523755740349     
   6.9999999999998952       -10.976562500000000       0.14118237134769634     
   6.9999999999998952       -11.074218750000000       0.13676114947110674     
   6.9999999999998952       -11.171875000000000       0.13267610931025647     
   6.9999999999998952       -11.269531250000000       0.12877210425961175     
   6.9999999999998952       -11.367187500000000       0.12488852338089404     
   6.9999999999998952       -11.464843750000000       0.12124083962059221     
   6.9999999999998952       -11.562500000000000       0.11789097816736022     
   6.9999999999998952       -11.660156250000000       0.11487119677622790     
   6.9999999999998952       -11.757812500000000       0.11222411743712449     
   6.9999999999998952       -11.855468750000000       0.10976584654111135     
   6.9999999999998952       -11.953125000000000       0.10741348140509087     
   6.9999999999998952       -12.050781250000000       0.10523688680959986     
   6.9999999999998952       -12.148437500000000       0.10316661767313438     
   6.9999999999998952       -12.246093750000000       0.10122668810595292     
   6.9999999999998952       -12.343750000000000        9.9428630023115555E-002
   6.9999999999998952       -12.441406250000000        9.7531389042329164E-002
   6.9999999999998952       -12.539062500000000        9.5549576962217983E-002
   6.9999999999998952       -12.636718750000000        9.3649334979138382E-002
   6.9999999999998952       -12.734375000000000        9.1828852074777659E-002
   6.9999999999998952       -12.832031250000000        9.0039977669424801E-002
   6.9999999999998952       -12.929687500000000        8.8263871806298647E-002
   6.9999999999998952       -13.027343750000000        8.6354349256703739E-002
   6.9999999999998952       -13.125000000000000        8.4300516678449094E-002
   6.9999999999998952       -13.222656250000000        8.2289873939236757E-002
   6.9999999999998952       -13.320312500000000        8.0343505776435453E-002
   6.9999999999998952       -13.417968750000000        7.8355539926532422E-002
   6.9999999999998952       -13.515625000000000        7.6344029594480597E-002
   6.9999999999998952       -13.613281250000000        7.4291465860431755E-002
   6.9999999999998952       -13.710937500000000        7.2075531036718224E-002
   6.9999999999998952       -13.808593750000000        6.9765248670024926E-002
   6.9999999999998952       -13.906250000000000        6.7613281260944999E-002
   6.9999999999998952       -14.003906250000000        6.5638390647755784E-002
   6.9999999999998952       -14.101562500000000        6.3698718553474379E-002
   6.9999999999998952       -14.199218750000000        6.1680969972213041E-002
   6.9999999999998952       -14.296875000000000        5.9575110863054025E-002
   6.9999999999998952       -14.394531250000000        5.7401231878994236E-002
   6.9999999999998952       -14.492187500000000        5.5263997687157930E-002
   6.9999999999998952       -14.589843750000000        5.3252163390088245E-002
   6.9999999999998952       -14.687500000000000        5.1301781359806273E-002
   6.9999999999998952       -14.785156250000000        4.9279480165319148E-002
   6.9999999999998952       -14.882812500000000        4.7256470660811498E-002
   6.9999999999998952       -14.980468750000000        4.5445624067208770E-002
   6.9999999999998952       -15.078125000000000        4.3853606134828305E-002
   6.9999999999998952       -15.175781250000000        4.2328580556330875E-002
   6.9999999999998952       -15.273437500000000        4.0820279698985482E-002
   6.9999999999998952       -15.371093750000000        3.9415736970581233E-002
   6.9999999999998952       -15.468750000000000        3.8176927826722919E-002
   6.9999999999998952       -15.566406250000000        3.7040486518512224E-002
   6.9999999999998952       -15.664062500000000        3.5918250112138637E-002
   6.9999999999998952       -15.761718750000000        3.4761580898841175E-002
   6.9999999999998952       -15.859375000000000        3.3613622324872978E-002
   6.9999999999998952       -15.957031250000000        3.2475541794270660E-002
   6.9999999999998952       -16.054687500000000        3.1298294116422029E-002
   6.9999999999998952       -16.152343750000000        3.0009843634823858E-002
   6.9999999999998952       -16.250000000000000        2.8679702082472384E-002
   6.9999999999998952       -16.347656250000000        2.7366116512002072E-002
   6.9999999999998952       -16.445312500000000        2.6093672466193849E-002
   6.9999999999998952       -16.542968750000000        2.4896954156309884E-002
   6.9999999999998952       -16.640625000000000        2.3877577307640594E-002
   6.9999999999998952       -16.738281250000000        2.3055531265502038E-002
   6.9999999999998952       -16.835937500000000        2.2344735616713927E-002
   6.9999999999998952       -16.933593750000000        2.1708284321846003E-002
   6.9999999999998952       -17.031250000000000        2.1213879459651325E-002
   6.9999999999998952       -17.128906250000000        2.0911038963586207E-002
   6.9999999999998952       -17.226562500000000        2.0675054360642327E-002
   6.9999999999998952       -17.324218750000000        2.0329683412527215E-002
   6.9999999999998952       -17.421875000000000        1.9785730813702929E-002
   6.9999999999998952       -17.519531250000000        1.9149287206023210E-002
   6.9999999999998952       -17.617187500000000        1.8412619091870443E-002
   6.9999999999998952       -17.714843750000000        1.7460485223188705E-002
   6.9999999999998952       -17.812500000000000        1.6270239968913906E-002
   6.9999999999998952       -17.910156250000000        1.5000767551202160E-002
   6.9999999999998952       -18.007812500000000        1.3729524860670028E-002
   6.9999999999998952       -18.105468750000000        1.2441622549465120E-002
   6.9999999999998952       -18.203125000000000        1.1210344386176250E-002
   6.9999999999998952       -18.300781250000000        1.0273195930868119E-002
   6.9999999999998952       -18.398437500000000        9.7608538245415686E-003
   6.9999999999998952       -18.496093750000000        9.5629732097569121E-003
   6.9999999999998952       -18.593750000000000        9.6276593616668200E-003
   6.9999999999998952       -18.691406250000000        1.0019909455152092E-002
   6.9999999999998952       -18.789062500000000        1.0707102744677370E-002
   6.9999999999998952       -18.886718750000000        1.1391368794990789E-002
   6.9999999999998952       -18.984375000000000        1.1770009477586552E-002
   6.9999999999998952       -19.082031250000000        1.1848252821521179E-002
   6.9999999999998952       -19.179687500000000        1.1767331998347300E-002
   6.9999999999998952       -19.277343750000000        1.1323419320952682E-002
   6.9999999999998952       -19.375000000000000        1.0498570490835057E-002
   6.9999999999998952       -19.472656250000000        9.4725444837399000E-003
   6.9999999999998952       -19.570312500000000        8.1528210474850916E-003
   6.9999999999998952       -19.667968750000000        6.5660548151581250E-003
   6.9999999999998952       -19.765625000000000        4.7620471434694327E-003
   6.9999999999998952       -19.863281250000000        2.7834321186980637E-003
   6.9999999999998952       -19.960937500000000        7.8717278733687521E-004


   7.9999999999998739        19.980468750000000        5.5619411974862277E-006
   7.9999999999998739        19.882812500000000        4.3666675463423203E-005
   7.9999999999998739        19.785156250000000        1.0803563164727538E-004
   7.9999999999998739        19.687500000000000        9.2094112019339608E-005
   7.9999999999998739        19.589843750000000        1.0421108487411499E-004
   7.9999999999998739        19.492187500000000        1.4181879366713680E-004
   7.9999999999998739        19.394531250000000        1.2117452186977399E-004
   7.9999999999998739        19.296875000000000        1.1466548068387617E-004
   7.9999999999998739        19.199218750000000        1.3815518343060604E-004
   7.9999999999998739        19.101562500000000        1.2519169424039637E-004
   7.9999999999998739        19.003906250000000        1.3859896610978877E-004
   7.9999999999998739        18.906250000000000        1.6870543560862771E-004
   7.9999999999998739        18.808593750000000        1.3104656288866670E-004
   7.9999999999998739        18.710937500000000        1.1943551121110745E-004
   7.9999999999998739        18.613281250000000        1.4545202730224528E-004
   7.9999999999998739        18.515625000000000        1.0093849350042190E-004
   7.9999999999998739        18.417968750000000        8.5656773178495913E-005
   7.9999999999998739        18.320312500000000        1.1077531270074146E-004
   7.9999999999998739        18.222656250000000        5.1677387407895240E-005
   7.9999999999998739        18.125000000000000        4.9738467744374778E-005
   7.9999999999998739        18.027343750000000        5.8195763377820376E-005
   7.9999999999998739        17.929687500000000        4.4105962635720470E-005
   7.9999999999998739        17.832031250000000        4.7502832760579204E-005
   7.9999999999998739        17.734375000000000        2.3045092434505580E-005
   7.9999999999998739        17.636718750000000        8.5366565231834423E-005
   7.9999999999998739        17.539062500000000        9.8551721509666424E-005
   7.9999999999998739        17.441406250000000        6.2593521199675895E-005
   7.9999999999998739        17.343750000000000        1.0929804937495520E-004
   7.9999999999998739        17.246093750000000        1.1910171371857928E-004
   7.9999999999998739        17.148437500000000        1.0689986727559609E-004
   7.9999999999998739        17.050781250000000        1.5935969180113502E-004
   7.9999999999998739        16.953125000000000        1.6384642891939963E-004
   7.9999999999998739        16.855468750000000        1.6588340510713582E-004
   7.9999999999998739        16.757812500000000        1.8057098061433074E-004
   7.9999999999998739        16.660156250000000        1.6109758842503574E-004
   7.9999999999998739        16.562500000000000        1.5035281753656465E-004
   7.9999999999998739        16.464843750000000        1.0947300075466905E-004
   7.9999999999998739        16.367187500000000        7.6860677624008262E-005
   7.9999999999998739        16.269531250000000        7.0276950565723807E-005
   7.9999999999998739        16.171875000000000        1.6714009723180197E-005
   7.9999999999998739        16.074218750000000        1.0566044171160934E-005
   7.9999999999998739        15.976562500000000        2.5002792211932606E-005
   7.9999999999998739        15.878906250000000        3.3867604537190442E-005
   7.9999999999998739        15.781250000000000        2.9326608817013666E-005
   7.9999999999998739        15.683593750000000        2.0557366873956240E-005
   7.9999999999998739        15.585937500000000        8.0475852863089929E-005
   7.9999999999998739        15.488281250000000        7.9823225565890671E-005
   7.9999999999998739        15.390625000000000        7.3482836779143195E-005
   7.9999999999998739        15.292968750000000        1.3403712804949656E-004
   7.9999999999998739        15.195312500000000        1.3436373600792017E-004
   7.9999999999998739        15.097656250000000        1.3709231688307632E-004
   7.9999999999998739        15.000000000000000        1.8264558227850847E-004
   7.9999999999998739        14.902343750000000        1.6439565357013433E-004
   7.9999999999998739        14.804687500000000        1.4663620711159210E-004
   7.9999999999998739        14.707031250000000        1.4304119342087879E-004
   7.9999999999998739        14.609375000000000        1.0371747661981681E-004
   7.9999999999998739        14.511718750000000        8.2108063954469413E-005
   7.9999999999998739        14.414062500000000        1.1824641458903482E-004
   7.9999999999998739        14.316406250000000        1.1160840037334543E-004
   7.9999999999998739        14.218750000000000        9.4214641146730423E-005
   7.9999999999998739        14.121093750000000        7.9342580459716304E-005
   7.9999999999998739        14.023437500000000        4.3419513049121604E-005
   7.9999999999998739        13.925781250000000        2.5788436305979211E-005
   7.9999999999998739        13.828125000000000        4.7268603426479556E-005
   7.9999999999998739        13.730468750000000        3.1715221516816816E-005
   7.9999999999998739        13.632812500000000        3.0066164734283292E-005
   7.9999999999998739        13.535156250000000        8.9577200485747185E-005
   7.9999999999998739        13.437500000000000        7.9722807373592359E-005
   7.9999999999998739        13.339843750000000        9.1058125979848699E-005
   7.9999999999998739        13.242187500000000        1.2949415043889684E-004
   7.9999999999998739        13.144531250000000        1.2388934657810657E-004
   7.9999999999998739        13.046875000000000        1.2546092933954847E-004
   7.9999999999998739        12.949218750000000        1.2646082415026957E-004
   7.9999999999998739        12.851562500000000        1.2675956995639450E-004
   7.9999999999998739        12.753906250000000        1.3327777393080657E-004
   7.9999999999998739        12.656250000000000        1.0725760109253310E-004
   7.9999999999998739        12.558593750000000        1.3761842954950368E-004
   7.9999999999998739        12.460937500000000        1.1836115390022434E-004
   7.9999999999998739        12.363281250000000        3.3845081534156216E-005
   7.9999999999998739        12.265625000000000        5.8050652513079107E-005
   7.9999999999998739        12.167968750000000        5.9227565603867060E-005
   7.9999999999998739        12.070312500000000        7.8010698921383585E-005
   7.9999999999998739        11.972656250000000        5.6973363514842825E-005
   7.9999999999998739        11.875000000000000        3.3667959066964505E-005
   7.9999999999998739        11.777343750000000        1.0025901851327129E-006
   7.9999999999998739        11.679687500000000        7.9259298244311322E-005
   7.9999999999998739        11.582031250000000        8.2760641690938111E-005
   7.9999999999998739        11.484375000000000        5.1381847469287205E-005
   7.9999999999998739        11.386718750000000        8.1305838087445006E-005
   7.9999999999998739        11.289062500000000        7.9072282230672539E-005
   7.9999999999998739        11.191406250000000        1.1488382597228088E-004
   7.9999999999998739        11.093750000000000        1.8747821226914503E-004
   7.9999999999998739        10.996093750000000        2.0643351240139687E-004
   7.9999999999998739        10.898437500000000        1.9113634406876345E-004
   7.9999999999998739        10.800781250000000        1.6828650676999808E-004
   7.9999999999998739        10.703125000000000        1.0682418194675266E-004
   7.9999999999998739        10.605468750000000        7.9919034767734148E-005
   7.9999999999998739        10.507812500000000        5.0555369886229420E-005
   7.9999999999998739        10.410156250000000        8.0026944328491796E-005
   7.9999999999998739        10.312500000000000        7.0065071779173928E-005
   7.9999999999998739        10.214843750000000        3.1970249864839059E-005
   7.9999999999998739        10.117187500000000        1.2502140987715140E-005
   7.9999999999998739        10.019531250000000        2.8695323943559347E-005
   7.9999999999998739        9.9218750000000000        3.3191852362197880E-005
   7.9999999999998739        9.8242187500000000        4.6727416629411663E-005
   7.9999999999998739        9.7265625000000000        6.1153375267090774E-005
   7.9999999999998739        9.6289062500000000        2.2962065297230396E-005
   7.9999999999998739        9.5312500000000000        6.5223060333220959E-005
   7.9999999999998739        9.4335937500000000        5.7522363079545178E-005
   7.9999999999998739        9.3359375000000000        5.7066497947984223E-005
   7.9999999999998739        9.2382812500000000        9.8059193055669952E-005
   7.9999999999998739        9.1406250000000000        1.1946439713213350E-004
   7.9999999999998739        9.0429687500000000        1.4068202287762833E-004
   7.9999999999998739        8.9453125000000000        1.0976151444293337E-004
   7.9999999999998739        8.8476562500000000        8.5334221360984467E-005
   7.9999999999998739        8.7500000000000000        7.2597598169301712E-005
   7.9999999999998739        8.6523437500000000        1.3352426500694201E-005
   7.9999999999998739        8.5546875000000000        4.8354795665177650E-005
   7.9999999999998739        8.4570312500000000        6.1325207824159520E-005
   7.9999999999998739        8.3593750000000000        9.5561377391985245E-005
   7.9999999999998739        8.2617187500000000        7.8624946625449670E-005
   7.9999999999998739        8.1640625000000000        7.5832048327599560E-005
   7.9999999999998739        8.0664062500000000        1.0574829453154505E-004
   7.9999999999998739        7.9687500000000000        4.5362710772262638E-005
   7.9999999999998739        7.8710937500000000        5.7478458885959384E-005
   7.9999999999998739        7.7734375000000000        3.4551706428568740E-005
   7.9999999999998739        7.6757812500000000        8.8024308114060886E-005
   7.9999999999998739        7.5781250000000000        6.8642697336611589E-005
   7.9999999999998739        7.4804687500000000        3.9334990872297400E-005
   7.9999999999998739        7.3828125000000000        1.9537474131435040E-005
   7.9999999999998739        7.2851562500000000        7.2450808500952561E-005
   7.9999999999998739        7.1875000000000000        1.2825650499413620E-004
   7.9999999999998739        7.0898437500000000        1.1793025911481457E-004
   7.9999999999998739        6.9921875000000000        1.1128112222461333E-004
   7.9999999999998739        6.8945312500000000        9.4050904648198524E-005
   7.9999999999998739        6.7968750000000000        1.3039274673227048E-004
   7.9999999999998739        6.6992187500000000        8.1666721334676615E-005
   7.9999999999998739        6.6015625000000000        7.7019848821750981E-005
   7.9999999999998739        6.5039062500000000        9.8266676293112289E-005
   7.9999999999998739        6.4062500000000000        1.3631690067648309E-004
   7.9999999999998739        6.3085937500000000        1.4821479376359047E-004
   7.9999999999998739        6.2109375000000000        8.0045199873729679E-005
   7.9999999999998739        6.1132812500000000        7.9719444033137489E-005
   7.9999999999998739        6.0156250000000000        2.3495444921557643E-005
   7.9999999999998739        5.9179687500000000        5.8106271891844511E-005
   7.9999999999998739        5.8203125000000000        5.3029333896576136E-005
   7.9999999999998739        5.7226562500000000        6.9897579429899228E-005
   7.9999999999998739        5.6250000000000000        7.0332753247591488E-005
   7.9999999999998739        5.5273437500000000        1.2262294060811309E-004
   7.9999999999998739        5.4296875000000000        6.9457556812377330E-005
   7.9999999999998739        5.3320312500000000        6.3210622816504072E-005
   7.9999999999998739        5.2343750000000000        6.6952034875520080E-005
   7.9999999999998739        5.1367187500000000        1.0665656559043861E-004
   7.9999999999998739        5.0390625000000000        1.2398293225372622E-004
   7.9999999999998739        4.9414062500000000        6.8758211642030407E-005
   7.9999999999998739        4.8437500000000000        8.0106911773488763E-005
   7.9999999999998739        4.7460937500000000        4.0503427234211030E-005
   7.9999999999998739        4.6484375000000000        3.7984637736294330E-005
   7.9999999999998739        4.5507812500000000        1.9878264096912042E-005
   7.9999999999998739        4.4531250000000000        3.2721638978995259E-005
   7.9999999999998739        4.3554687500000000        6.1728257800976275E-005
   7.9999999999998739        4.2578125000000000        9.9969819200791937E-005
   7.9999999999998739        4.1601562500000000        8.1728190124800087E-005
   7.9999999999998739        4.0625000000000000        5.5332752668408886E-005
   7.9999999999998739        3.9648437500000000        5.9453689162450355E-005
   7.9999999999998739        3.8671875000000000        2.2786736436332619E-005
   7.9999999999998739        3.7695312500000000        4.1023195883776169E-005
   7.9999999999998739        3.6718750000000000        8.3137861330093716E-005
   7.9999999999998739        3.5742187500000000        7.7707219803278084E-005
   7.9999999999998739        3.4765625000000000        1.0352382662844227E-004
   7.9999999999998739        3.3789062500000000        1.3062187516518320E-004
   7.9999999999998739        3.2812500000000000        5.2440563790113722E-005
   7.9999999999998739        3.1835937500000000        6.1294014667731195E-005
   7.9999999999998739        3.0859375000000000        4.8134988251677327E-005
   7.9999999999998739        2.9882812500000000        7.2307047768780519E-005
   7.9999999999998739        2.8906250000000000        2.7497977794730134E-005
   7.9999999999998739        2.7929687500000000        6.2741959558792587E-005
   7.9999999999998739        2.6953125000000000        6.2689846690542638E-005
   7.9999999999998739        2.5976562500000000        9.3843765523949057E-005
   7.9999999999998739        2.5000000000000000        5.0886589650419156E-005
   7.9999999999998739        2.4023437500000000        6.9479142708027717E-005
   7.9999999999998739        2.3046875000000000        5.4880833983391003E-005
   7.9999999999998739        2.2070312500000000        1.0525610046129622E-004
   7.9999999999998739        2.1093750000000000        8.1847600657046431E-005
   7.9999999999998739        2.0117187500000000        6.1936564477710489E-005
   7.9999999999998739        1.9140625000000000        1.5413010620395825E-005
   7.9999999999998739        1.8164062500000000        9.9850381767415957E-006
   7.9999999999998739        1.7187500000000000        2.1505922450129700E-005
   7.9999999999998739        1.6210937500000000        7.5551639201059740E-005
   7.9999999999998739        1.5234375000000000        6.8996784047194466E-005
   7.9999999999998739        1.4257812500000000        9.0480361263185302E-005
   7.9999999999998739        1.3281250000000000        8.8404702713471887E-005
   7.9999999999998739        1.2304687500000000        9.2768391205962268E-005
   7.9999999999998739        1.1328125000000000        5.8345105127164221E-005
   7.9999999999998739        1.0351562500000000        1.8514871562541725E-005
   7.9999999999998739       0.93750000000000000        2.9641601209635047E-005
   7.9999999999998739       0.83984375000000000        2.7054577464497263E-005
   7.9999999999998739       0.74218750000000000        3.4626061959118957E-005
   7.9999999999998739       0.64453125000000000        2.5843521671986889E-005
   7.9999999999998739       0.54687500000000000        9.7988544266109962E-005
   7.9999999999998739       0.44921875000000000        2.2796787600176674E-004
   7.9999999999998739       0.35156250000000000        6.7558911691594284E-004
   7.9999999999998739       0.25390625000000000        1.9686831298893308E-003
   7.9999999999998739       0.15625000000000000        5.2715484413343840E-003
   7.9999999999998739        5.8593750000000000E-002   1.4013891199718799E-002
   7.9999999999998739       -3.9062500000000000E-002   3.5884203229177895E-002
   7.9999999999998739      -0.13671875000000000        6.2797519963805670E-002
   7.9999999999998739      -0.23437500000000000        8.9344923157495773E-002
   7.9999999999998739      -0.33203125000000000       0.11551858082580400     
   7.9999999999998739      -0.42968750000000000       0.14103987710245094     
   7.9999999999998739      -0.52734375000000000       0.16582020867127667     
   7.9999999999998739      -0.62500000000000000       0.18960893880651433     
   7.9999999999998739      -0.72265625000000000       0.21249867428142030     
   7.9999999999998739      -0.82031250000000000       0.23428150327907521     
   7.9999999999998739      -0.91796875000000000       0.25496058900915430     
   7.9999999999998739       -1.0156250000000000       0.27433430234219225     
   7.9999999999998739       -1.1132812500000000       0.29241406014988608     
   7.9999999999998739       -1.2109375000000000       0.30888159159547907     
   7.9999999999998739       -1.3085937500000000       0.32378970942361635     
   7.9999999999998739       -1.4062500000000000       0.33703189966930946     
   7.9999999999998739       -1.5039062500000000       0.34867321646463256     
   7.9999999999998739       -1.6015625000000000       0.35863042715428417     
   7.9999999999998739       -1.6992187500000000       0.36707288774298219     
   7.9999999999998739       -1.7968750000000000       0.37369653625957350     
   7.9999999999998739       -1.8945312500000000       0.37847939291491328     
   7.9999999999998739       -1.9921875000000000       0.38137500202912400     
   7.9999999999998739       -2.0898437500000000       0.38266001367187596     
   7.9999999999998739       -2.1875000000000000       0.38227498886015115     
   7.9999999999998739       -2.2851562500000000       0.38038380155582813     
   7.9999999999998739       -2.3828125000000000       0.37691884031348211     
   7.9999999999998739       -2.4804687500000000       0.37203361662401147     
   7.9999999999998739       -2.5781250000000000       0.36563897655769068     
   7.9999999999998739       -2.6757812500000000       0.35796297579431902     
   7.9999999999998739       -2.7734375000000000       0.34898392864333910     
   7.9999999999998739       -2.8710937500000000       0.33897616163749072     
   7.9999999999998739       -2.9687500000000000       0.32814872537357792     
   7.9999999999998739       -3.0664062500000000       0.31686149300785310     
   7.9999999999998739       -3.1640625000000000       0.30506678075122695     
   7.9999999999998739       -3.2617187500000000       0.29280462485291481     
   7.9999999999998739       -3.3593750000000000       0.28027590667242519     
   7.9999999999998739       -3.4570312500000000       0.26789756120949926     
   7.9999999999998739       -3.5546875000000000       0.25605447216963922     
   7.9999999999998739       -3.6523437500000000       0.24502809533590497     
   7.9999999999998739       -3.7500000000000000       0.23512569159465799     
   7.9999999999998739       -3.8476562500000000       0.22653342369000007     
   7.9999999999998739       -3.9453125000000000       0.21965505782846192     
   7.9999999999998739       -4.0429687500000000       0.21460848050043069     
   7.9999999999998739       -4.1406250000000000       0.21168742250748118     
   7.9999999999998739       -4.2382812500000000       0.21087036585758948     
   7.9999999999998739       -4.3359375000000000       0.21228613391734361     
   7.9999999999998739       -4.4335937500000000       0.21569358033739250     
   7.9999999999998739       -4.5312500000000000       0.22081544972992534     
   7.9999999999998739       -4.6289062500000000       0.22731180655063832     
   7.9999999999998739       -4.7265625000000000       0.23488098295019250     
   7.9999999999998739       -4.8242187500000000       0.24337566131539751     
   7.9999999999998739       -4.9218750000000000       0.25233876162309837     
   7.9999999999998739       -5.0195312500000000       0.26165738905066976     
   7.9999999999998739       -5.1171875000000000       0.27109826918071006     
   7.9999999999998739       -5.2148437500000000       0.28056194132322526     
   7.9999999999998739       -5.3125000000000000       0.28962084053215725     
   7.9999999999998739       -5.4101562500000000       0.29810927944129989     
   7.9999999999998739       -5.5078125000000000       0.30596346958103143     
   7.9999999999998739       -5.6054687500000000       0.31306205403081677     
   7.9999999999998739       -5.7031250000000000       0.31943677001826426     
   7.9999999999998739       -5.8007812500000000       0.32499555941434349     
   7.9999999999998739       -5.8984375000000000       0.32983979864500335     
   7.9999999999998739       -5.9960937500000000       0.33369622243437530     
   7.9999999999998739       -6.0937500000000000       0.33655747369332162     
   7.9999999999998739       -6.1914062500000000       0.33844411390846224     
   7.9999999999998739       -6.2890625000000000       0.33950064900185239     
   7.9999999999998739       -6.3867187500000000       0.33976921925017461     
   7.9999999999998739       -6.4843750000000000       0.33916819519110442     
   7.9999999999998739       -6.5820312500000000       0.33784596429704056     
   7.9999999999998739       -6.6796875000000000       0.33570466449865649     
   7.9999999999998739       -6.7773437500000000       0.33294847576219427     
   7.9999999999998739       -6.8750000000000000       0.32960313999485752     
   7.9999999999998739       -6.9726562500000000       0.32570321227424787     
   7.9999999999998739       -7.0703125000000000       0.32130995908348398     
   7.9999999999998739       -7.1679687500000000       0.31650457156312339     
   7.9999999999998739       -7.2656250000000000       0.31155013920786306     
   7.9999999999998739       -7.3632812500000000       0.30632366569255964     
   7.9999999999998739       -7.4609375000000000       0.30094276689232530     
   7.9999999999998739       -7.5585937500000000       0.29550739553017918     
   7.9999999999998739       -7.6562500000000000       0.29008000331117828     
   7.9999999999998739       -7.7539062500000000       0.28477888776064442     
   7.9999999999998739       -7.8515625000000000       0.27957913851079885     
   7.9999999999998739       -7.9492187500000000       0.27471504896118393     
   7.9999999999998739       -8.0468750000000000       0.27013151416379660     
   7.9999999999998739       -8.1445312500000000       0.26580657255785239     
   7.9999999999998739       -8.2421875000000000       0.26195080764885714     
   7.9999999999998739       -8.3398437500000000       0.25855024459732467     
   7.9999999999998739       -8.4375000000000000       0.25561936075158548     
   7.9999999999998739       -8.5351562500000000       0.25299004314141754     
   7.9999999999998739       -8.6328125000000000       0.25069651914527630     
   7.9999999999998739       -8.7304687500000000       0.24895331496025958     
   7.9999999999998739       -8.8281250000000000       0.24754288344506467     
   7.9999999999998739       -8.9257812500000000       0.24638506373542340     
   7.9999999999998739       -9.0234375000000000       0.24546158985842009     
   7.9999999999998739       -9.1210937500000000       0.24473302687227341     
   7.9999999999998739       -9.2187500000000000       0.24427724293253900     
   7.9999999999998739       -9.3164062500000000       0.24393125746438754     
   7.9999999999998739       -9.4140625000000000       0.24372473497556985     
   7.9999999999998739       -9.5117187500000000       0.24367257370066794     
   7.9999999999998739       -9.6093750000000000       0.24351942756222353     
   7.9999999999998739       -9.7070312500000000       0.24325141207529061     
   7.9999999999998739       -9.8046875000000000       0.24286371957824227     
   7.9999999999998739       -9.9023437500000000       0.24229127522452490     
   7.9999999999998739       -10.000000000000000       0.24152068121371459     
   7.9999999999998739       -10.097656250000000       0.24045864219458168     
   7.9999999999998739       -10.195312500000000       0.23920838989292362     
   7.9999999999998739       -10.292968750000000       0.23787293371944582     
   7.9999999999998739       -10.390625000000000       0.23620819449978211     
   7.9999999999998739       -10.488281250000000       0.23422471071589054     
   7.9999999999998739       -10.585937500000000       0.23206718482053715     
   7.9999999999998739       -10.683593750000000       0.22963542194120326     
   7.9999999999998739       -10.781250000000000       0.22703883469339131     
   7.9999999999998739       -10.878906250000000       0.22439209161182982     
   7.9999999999998739       -10.976562500000000       0.22166680285110035     
   7.9999999999998739       -11.074218750000000       0.21886667455730410     
   7.9999999999998739       -11.171875000000000       0.21589025838069872     
   7.9999999999998739       -11.269531250000000       0.21271062596448789     
   7.9999999999998739       -11.367187500000000       0.20951554519160265     
   7.9999999999998739       -11.464843750000000       0.20630262358256915     
   7.9999999999998739       -11.562500000000000       0.20292969392613011     
   7.9999999999998739       -11.660156250000000       0.19949359087635973     
   7.9999999999998739       -11.757812500000000       0.19600394428579040     
   7.9999999999998739       -11.855468750000000       0.19235536867253900     
   7.9999999999998739       -11.953125000000000       0.18861937544662899     
   7.9999999999998739       -12.050781250000000       0.18491906048406989     
   7.9999999999998739       -12.148437500000000       0.18126000946030713     
   7.9999999999998739       -12.246093750000000       0.17762081526117732     
   7.9999999999998739       -12.343750000000000       0.17401438842969660     
   7.9999999999998739       -12.441406250000000       0.17046561600438870     
   7.9999999999998739       -12.539062500000000       0.16705250440363340     
   7.9999999999998739       -12.636718750000000       0.16377496174884210     
   7.9999999999998739       -12.734375000000000       0.16061238526325641     
   7.9999999999998739       -12.832031250000000       0.15764977563300198     
   7.9999999999998739       -12.929687500000000       0.15497290373267114     
   7.9999999999998739       -13.027343750000000       0.15252001003624166     
   7.9999999999998739       -13.125000000000000       0.15020181310187616     
   7.9999999999998739       -13.222656250000000       0.14801760035128858     
   7.9999999999998739       -13.320312500000000       0.14588210279721534     
   7.9999999999998739       -13.417968750000000       0.14362535264979562     
   7.9999999999998739       -13.515625000000000       0.14123610398730727     
   7.9999999999998739       -13.613281250000000       0.13885828221797661     
   7.9999999999998739       -13.710937500000000       0.13646289340279666     
   7.9999999999998739       -13.808593750000000       0.13388789730474504     
   7.9999999999998739       -13.906250000000000       0.13112324004913617     
   7.9999999999998739       -14.003906250000000       0.12832298680678200     
   7.9999999999998739       -14.101562500000000       0.12550805806468648     
   7.9999999999998739       -14.199218750000000       0.12261443851180477     
   7.9999999999998739       -14.296875000000000       0.11975258797682375     
   7.9999999999998739       -14.394531250000000       0.11707525744941423     
   7.9999999999998739       -14.492187500000000       0.11459888694485799     
   7.9999999999998739       -14.589843750000000       0.11231340123012602     
   7.9999999999998739       -14.687500000000000       0.11028678705450516     
   7.9999999999998739       -14.785156250000000       0.10853087626981645     
   7.9999999999998739       -14.882812500000000       0.10700671417542966     
   7.9999999999998739       -14.980468750000000       0.10566758330419991     
   7.9999999999998739       -15.078125000000000       0.10444902064628162     
   7.9999999999998739       -15.175781250000000       0.10314939536658121     
   7.9999999999998739       -15.273437500000000       0.10160800513947391     
   7.9999999999998739       -15.371093750000000        9.9795944522923660E-002
   7.9999999999998739       -15.468750000000000        9.7735905509309981E-002
   7.9999999999998739       -15.566406250000000        9.5330579781385982E-002
   7.9999999999998739       -15.664062500000000        9.2462885293265379E-002
   7.9999999999998739       -15.761718750000000        8.9135290970686384E-002
   7.9999999999998739       -15.859375000000000        8.5513449142857065E-002
   7.9999999999998739       -15.957031250000000        8.1801145006908355E-002
   7.9999999999998739       -16.054687500000000        7.8205968059692654E-002
   7.9999999999998739       -16.152343750000000        7.4863673376080880E-002
   7.9999999999998739       -16.250000000000000        7.1835476663616893E-002
   7.9999999999998739       -16.347656250000000        6.9274569938246960E-002
   7.9999999999998739       -16.445312500000000        6.7446551417935124E-002
   7.9999999999998739       -16.542968750000000        6.6448870979982949E-002
   7.9999999999998739       -16.640625000000000        6.6115609082339308E-002
   7.9999999999998739       -16.738281250000000        6.6258952083281336E-002
   7.9999999999998739       -16.835937500000000        6.6676586730648024E-002
   7.9999999999998739       -16.933593750000000        6.7078956452698943E-002
   7.9999999999998739       -17.031250000000000        6.7259787147157274E-002
   7.9999999999998739       -17.128906250000000        6.7106989454488383E-002
   7.9999999999998739       -17.226562500000000        6.6383335878657454E-002
   7.9999999999998739       -17.324218750000000        6.4827925118176560E-002
   7.9999999999998739       -17.421875000000000        6.2405192081019197E-002
   7.9999999999998739       -17.519531250000000        5.9284252502287756E-002
   7.9999999999998739       -17.617187500000000        5.5549488502904192E-002
   7.9999999999998739       -17.714843750000000        5.1221112755341407E-002
   7.9999999999998739       -17.812500000000000        4.6456413572926354E-002
   7.9999999999998739       -17.910156250000000        4.1594758115300098E-002
   7.9999999999998739       -18.007812500000000        3.7083790169186490E-002
   7.9999999999998739       -18.105468750000000        3.3515293133935482E-002
   7.9999999999998739       -18.203125000000000        3.1563066643017168E-002
   7.9999999999998739       -18.300781250000000        3.1609468231534640E-002
   7.9999999999998739       -18.398437500000000        3.3413304661268850E-002
   7.9999999999998739       -18.496093750000000        3.6397505283789898E-002
   7.9999999999998739       -18.593750000000000        3.9931214979156825E-002
   7.9999999999998739       -18.691406250000000        4.3417007895850922E-002
   7.9999999999998739       -18.789062500000000        4.6436982546380297E-002
   7.9999999999998739       -18.886718750000000        4.8704945766312166E-002
   7.9999999999998739       -18.984375000000000        5.0013442160412334E-002
   7.9999999999998739       -19.082031250000000        5.0238261728743787E-002
   7.9999999999998739       -19.179687500000000        4.9158443143508812E-002
   7.9999999999998739       -19.277343750000000        4.6876652499727250E-002
   7.9999999999998739       -19.375000000000000        4.3323784295732373E-002
   7.9999999999998739       -19.472656250000000        3.8589415271408481E-002
   7.9999999999998739       -19.570312500000000        3.2869103019604787E-002
   7.9999999999998739       -19.667968750000000        2.6418843157392426E-002
   7.9999999999998739       -19.765625000000000        1.9204422490732884E-002
   7.9999999999998739       -19.863281250000000        1.1405106042226540E-002
   7.9999999999998739       -19.960937500000000        3.2747860437923829E-003


   8.9999999999998526        19.980468750000000        1.0550332870799686E-005
   8.9999999999998526        19.882812500000000        3.5906945790948216E-005
   8.9999999999998526        19.785156250000000        5.6454833281261089E-005
   8.9999999999998526        19.687500000000000        5.3954416272260022E-005
   8.9999999999998526        19.589843750000000        4.3828889957311670E-005
   8.9999999999998526        19.492187500000000        1.9292686821381233E-005
   8.9999999999998526        19.394531250000000        4.7144003634466969E-005
   8.9999999999998526        19.296875000000000        8.4968033707488634E-006
   8.9999999999998526        19.199218750000000        5.6993658864872066E-005
   8.9999999999998526        19.101562500000000        1.6834816540630125E-004
   8.9999999999998526        19.003906250000000        1.8598556005557898E-004
   8.9999999999998526        18.906250000000000        1.9035945232881860E-004
   8.9999999999998526        18.808593750000000        1.6563032204208264E-004
   8.9999999999998526        18.710937500000000        7.4874351626335662E-005
   8.9999999999998526        18.613281250000000        6.6802144508298274E-005
   8.9999999999998526        18.515625000000000        9.7437935797571292E-005
   8.9999999999998526        18.417968750000000        9.2959358978682828E-005
   8.9999999999998526        18.320312500000000        1.5996532611424748E-004
   8.9999999999998526        18.222656250000000        1.4282880351318853E-004
   8.9999999999998526        18.125000000000000        7.8166333183562605E-005
   8.9999999999998526        18.027343750000000        8.7267968372965396E-005
   8.9999999999998526        17.929687500000000        5.1928545630858727E-005
   8.9999999999998526        17.832031250000000        6.8267146623357433E-005
   8.9999999999998526        17.734375000000000        9.7184228730509044E-005
   8.9999999999998526        17.636718750000000        5.5920297702888376E-005
   8.9999999999998526        17.539062500000000        1.6320913112968480E-005
   8.9999999999998526        17.441406250000000        2.6314510009429331E-005
   8.9999999999998526        17.343750000000000        4.0590167806047137E-005
   8.9999999999998526        17.246093750000000        5.1952055914582331E-005
   8.9999999999998526        17.148437500000000        8.2951590736339226E-005
   8.9999999999998526        17.050781250000000        1.5965370246831962E-004
   8.9999999999998526        16.953125000000000        1.5593747305143375E-004
   8.9999999999998526        16.855468750000000        1.7107828001231964E-004
   8.9999999999998526        16.757812500000000        2.1170285816217205E-004
   8.9999999999998526        16.660156250000000        1.6238786154357165E-004
   8.9999999999998526        16.562500000000000        1.5466487778650751E-004
   8.9999999999998526        16.464843750000000        1.5257124896220640E-004
   8.9999999999998526        16.367187500000000        1.0197931416968112E-004
   8.9999999999998526        16.269531250000000        8.9165548236381535E-005
   8.9999999999998526        16.171875000000000        8.7244472598761659E-005
   8.9999999999998526        16.074218750000000        1.3610562687740285E-004
   8.9999999999998526        15.976562500000000        1.3167879243488923E-004
   8.9999999999998526        15.878906250000000        1.2753410602986742E-004
   8.9999999999998526        15.781250000000000        1.1947814780947155E-004
   8.9999999999998526        15.683593750000000        6.1701889801409879E-005
   8.9999999999998526        15.585937500000000        4.5585712558258178E-005
   8.9999999999998526        15.488281250000000        4.1665825335999307E-005
   8.9999999999998526        15.390625000000000        3.6754135595166111E-005
   8.9999999999998526        15.292968750000000        4.1234542805732815E-005
   8.9999999999998526        15.195312500000000        6.6043699368305853E-005
   8.9999999999998526        15.097656250000000        9.2148707473112116E-005
   8.9999999999998526        15.000000000000000        5.0145504709994591E-005
   8.9999999999998526        14.902343750000000        9.7375222754808152E-005
   8.9999999999998526        14.804687500000000        1.3487746844655218E-004
   8.9999999999998526        14.707031250000000        1.3347056675384975E-004
   8.9999999999998526        14.609375000000000        1.6210251375224622E-004
   8.9999999999998526        14.511718750000000        1.5877502053143834E-004
   8.9999999999998526        14.414062500000000        1.3305523607381407E-004
   8.9999999999998526        14.316406250000000        1.4065452321939417E-004
   8.9999999999998526        14.218750000000000        1.2168865575686094E-004
   8.9999999999998526        14.121093750000000        1.1627952179886105E-004
   8.9999999999998526        14.023437500000000        8.5689363819118968E-005
   8.9999999999998526        13.925781250000000        1.1748239279678762E-004
   8.9999999999998526        13.828125000000000        1.3956829392705090E-004
   8.9999999999998526        13.730468750000000        1.1620735614358964E-004
   8.9999999999998526        13.632812500000000        1.5164329825026324E-004
   8.9999999999998526        13.535156250000000        9.8068987904658439E-005
   8.9999999999998526        13.437500000000000        5.4971986732995136E-005
   8.9999999999998526        13.339843750000000        7.1248571904089319E-005
   8.9999999999998526        13.242187500000000        1.4380989464886759E-005
   8.9999999999998526        13.144531250000000        5.3919099586833114E-005
   8.9999999999998526        13.046875000000000        7.6258847038566878E-005
   8.9999999999998526        12.949218750000000        1.1863131597050221E-004
   8.9999999999998526        12.851562500000000        1.1792917568997093E-004
   8.9999999999998526        12.753906250000000        1.1869710902467325E-004
   8.9999999999998526        12.656250000000000        9.7582529294467279E-005
   8.9999999999998526        12.558593750000000        1.3594709850702871E-004
   8.9999999999998526        12.460937500000000        1.4642761144690697E-004
   8.9999999999998526        12.363281250000000        1.0504959935435032E-004
   8.9999999999998526        12.265625000000000        1.4466954393078924E-004
   8.9999999999998526        12.167968750000000        1.1294693682535371E-004
   8.9999999999998526        12.070312500000000        1.0300929450724975E-004
   8.9999999999998526        11.972656250000000        1.3603977720333499E-004
   8.9999999999998526        11.875000000000000        7.0503118748504274E-005
   8.9999999999998526        11.777343750000000        5.4347919260294614E-005
   8.9999999999998526        11.679687500000000        4.7194055123364155E-005
   8.9999999999998526        11.582031250000000        7.1611404474899621E-005
   8.9999999999998526        11.484375000000000        6.1152241798624648E-005
   8.9999999999998526        11.386718750000000        4.9299392703948505E-005
   8.9999999999998526        11.289062500000000        8.8662381827729983E-005
   8.9999999999998526        11.191406250000000        5.4940047210359488E-005
   8.9999999999998526        11.093750000000000        2.2491220791039696E-005
   8.9999999999998526        10.996093750000000        3.4497998309534416E-005
   8.9999999999998526        10.898437500000000        5.4666114546657805E-005
   8.9999999999998526        10.800781250000000        7.2815947109853164E-005
   8.9999999999998526        10.703125000000000        9.5141308122662709E-005
   8.9999999999998526        10.605468750000000        6.6542459698769747E-005
   8.9999999999998526        10.507812500000000        6.9825733487853710E-005
   8.9999999999998526        10.410156250000000        6.5344333323385335E-005
   8.9999999999998526        10.312500000000000        5.0144248427700354E-005
   8.9999999999998526        10.214843750000000        6.2849427831597333E-005
   8.9999999999998526        10.117187500000000        1.8627578389672609E-005
   8.9999999999998526        10.019531250000000        4.1845515179886525E-006
   8.9999999999998526        9.9218750000000000        4.6131353497112430E-005
   8.9999999999998526        9.8242187500000000        4.8045668440919578E-005
   8.9999999999998526        9.7265625000000000        6.0159119634559425E-005
   8.9999999999998526        9.6289062500000000        7.3469926168576074E-005
   8.9999999999998526        9.5312500000000000        1.4384249817287687E-004
   8.9999999999998526        9.4335937500000000        1.0590217429148541E-004
   8.9999999999998526        9.3359375000000000        8.6958205018886677E-005
   8.9999999999998526        9.2382812500000000        9.9131737422272520E-005
   8.9999999999998526        9.1406250000000000        6.6633394257072353E-005
   8.9999999999998526        9.0429687500000000        7.5059886063292251E-005
   8.9999999999998526        8.9453125000000000        7.0632089472900603E-005
   8.9999999999998526        8.8476562500000000        1.1026200917372321E-004
   8.9999999999998526        8.7500000000000000        5.3056881828640614E-005
   8.9999999999998526        8.6523437500000000        4.6374504908295797E-005
   8.9999999999998526        8.5546875000000000        5.3758907706704345E-005
   8.9999999999998526        8.4570312500000000        5.6070226465855593E-005
   8.9999999999998526        8.3593750000000000        4.6580709575929242E-005
   8.9999999999998526        8.2617187500000000        5.8962384712827813E-005
   8.9999999999998526        8.1640625000000000        7.8804998176633579E-005
   8.9999999999998526        8.0664062500000000        5.8425755215511239E-005
   8.9999999999998526        7.9687500000000000        8.7645636895954140E-005
   8.9999999999998526        7.8710937500000000        1.0902637952288732E-004
   8.9999999999998526        7.7734375000000000        1.7278703530259685E-004
   8.9999999999998526        7.6757812500000000        1.0212848513878277E-004
   8.9999999999998526        7.5781250000000000        5.2771676677061362E-005
   8.9999999999998526        7.4804687500000000        1.6460098724297371E-005
   8.9999999999998526        7.3828125000000000        1.4151224600234290E-004
   8.9999999999998526        7.2851562500000000        1.5363004016487872E-004
   8.9999999999998526        7.1875000000000000        1.6530534346821291E-004
   8.9999999999998526        7.0898437500000000        1.8433150458211782E-004
   8.9999999999998526        6.9921875000000000        1.1211920358077161E-004
   8.9999999999998526        6.8945312500000000        7.8292432789655664E-005
   8.9999999999998526        6.7968750000000000        4.0796433181150394E-005
   8.9999999999998526        6.6992187500000000        5.0892100400883428E-005
   8.9999999999998526        6.6015625000000000        1.3435564448061690E-005
   8.9999999999998526        6.5039062500000000        3.3863277146928488E-006
   8.9999999999998526        6.4062500000000000        1.5813144831251195E-005
   8.9999999999998526        6.3085937500000000        1.0094774151950592E-004
   8.9999999999998526        6.2109375000000000        5.8344479851895587E-005
   8.9999999999998526        6.1132812500000000        4.4696615014413827E-005
   8.9999999999998526        6.0156250000000000        4.8081739142594694E-005
   8.9999999999998526        5.9179687500000000        7.1658738003437506E-005
   8.9999999999998526        5.8203125000000000        7.1548724615066748E-005
   8.9999999999998526        5.7226562500000000        8.3636567532200119E-005
   8.9999999999998526        5.6250000000000000        9.5946247228842696E-005
   8.9999999999998526        5.5273437500000000        8.4658584847108908E-005
   8.9999999999998526        5.4296875000000000        8.4555593084363446E-005
   8.9999999999998526        5.3320312500000000        8.7005575067677449E-005
   8.9999999999998526        5.2343750000000000        1.2538646991636223E-004
   8.9999999999998526        5.1367187500000000        7.3564174589489529E-005
   8.9999999999998526        5.0390625000000000        6.3209720512994127E-005
   8.9999999999998526        4.9414062500000000        5.0500377314287312E-005
   8.9999999999998526        4.8437500000000000        5.0638610466841315E-005
   8.9999999999998526        4.7460937500000000        4.6354113714268379E-005
   8.9999999999998526        4.6484375000000000        6.2135598687482890E-005
   8.9999999999998526        4.5507812500000000        4.5260986188231220E-005
   8.9999999999998526        4.4531250000000000        8.8026135459307156E-005
   8.9999999999998526        4.3554687500000000        4.3845253693739449E-005
   8.9999999999998526        4.2578125000000000        3.6293829321262860E-005
   8.9999999999998526        4.1601562500000000        6.3434430257890896E-005
   8.9999999999998526        4.0625000000000000        2.6862715398176877E-005
   8.9999999999998526        3.9648437500000000        5.7094474087750522E-005
   8.9999999999998526        3.8671875000000000        8.9255508455756650E-005
   8.9999999999998526        3.7695312500000000        1.0160771939515245E-004
   8.9999999999998526        3.6718750000000000        1.1423991084784681E-004
   8.9999999999998526        3.5742187500000000        7.7449270870311420E-005
   8.9999999999998526        3.4765625000000000        3.4367221242464729E-005
   8.9999999999998526        3.3789062500000000        6.9359577531087228E-005
   8.9999999999998526        3.2812500000000000        1.4342885847062282E-005
   8.9999999999998526        3.1835937500000000        1.8062146743700600E-005
   8.9999999999998526        3.0859375000000000        6.1044089947941870E-005
   8.9999999999998526        2.9882812500000000        1.0984139490802319E-004
   8.9999999999998526        2.8906250000000000        1.5242220465439379E-004
   8.9999999999998526        2.7929687500000000        1.4632641757583248E-004
   8.9999999999998526        2.6953125000000000        1.0955438586109015E-004
   8.9999999999998526        2.5976562500000000        1.3756953121897323E-004
   8.9999999999998526        2.5000000000000000        1.1962004637905116E-004
   8.9999999999998526        2.4023437500000000        1.0769353964761400E-004
   8.9999999999998526        2.3046875000000000        4.7561716209670632E-005
   8.9999999999998526        2.2070312500000000        5.2454850742474416E-005
   8.9999999999998526        2.1093750000000000        6.3991252807354889E-005
   8.9999999999998526        2.0117187500000000        6.6388727842905455E-005
   8.9999999999998526        1.9140625000000000        6.0126691305714144E-005
   8.9999999999998526        1.8164062500000000        6.8775787242225284E-005
   8.9999999999998526        1.7187500000000000        9.9293595736331820E-005
   8.9999999999998526        1.6210937500000000        1.0021440195495914E-004
   8.9999999999998526        1.5234375000000000        8.1941075538998037E-005
   8.9999999999998526        1.4257812500000000        6.8442039744132660E-005
   8.9999999999998526        1.3281250000000000        5.1637819748866390E-005
   8.9999999999998526        1.2304687500000000        6.9866980380421686E-005
   8.9999999999998526        1.1328125000000000        9.4495852494991221E-005
   8.9999999999998526        1.0351562500000000        7.6899447207807661E-005
   8.9999999999998526       0.93750000000000000        1.0816048796928574E-004
   8.9999999999998526       0.83984375000000000        9.7327562648912296E-005
   8.9999999999998526       0.74218750000000000        1.0830657560655973E-004
   8.9999999999998526       0.64453125000000000        5.8438119490064102E-005
   8.9999999999998526       0.54687500000000000        9.1278529017529872E-005
   8.9999999999998526       0.44921875000000000        2.3613531123758291E-004
   8.9999999999998526       0.35156250000000000        5.8985059794215212E-004
   8.9999999999998526       0.25390625000000000        1.4296646086736171E-003
   8.9999999999998526       0.15625000000000000        3.7893775065698391E-003
   8.9999999999998526        5.8593750000000000E-002   9.9326845497166374E-003
   8.9999999999998526       -3.9062500000000000E-002   2.5401094211333200E-002
   8.9999999999998526      -0.13671875000000000        4.4304123117551428E-002
   8.9999999999998526      -0.23437500000000000        6.3074291659626372E-002
   8.9999999999998526      -0.33203125000000000        8.1503416322525626E-002
   8.9999999999998526      -0.42968750000000000        9.9655889902988459E-002
   8.9999999999998526      -0.52734375000000000       0.11735306314306514     
   8.9999999999998526      -0.62500000000000000       0.13453257715313433     
   8.9999999999998526      -0.72265625000000000       0.15114026987479964     
   8.9999999999998526      -0.82031250000000000       0.16726999606982204     
   8.9999999999998526      -0.91796875000000000       0.18272698916940183     
   8.9999999999998526       -1.0156250000000000       0.19743757949603150     
   8.9999999999998526       -1.1132812500000000       0.21133325983075532     
   8.9999999999998526       -1.2109375000000000       0.22433170107188163     
   8.9999999999998526       -1.3085937500000000       0.23639742346429585     
   8.9999999999998526       -1.4062500000000000       0.24757115764024987     
   8.9999999999998526       -1.5039062500000000       0.25786183460221435     
   8.9999999999998526       -1.6015625000000000       0.26718195344532636     
   8.9999999999998526       -1.6992187500000000       0.27550949008064246     
   8.9999999999998526       -1.7968750000000000       0.28265608969735806     
   8.9999999999998526       -1.8945312500000000       0.28874370514682840     
   8.9999999999998526       -1.9921875000000000       0.29375591556005098     
   8.9999999999998526       -2.0898437500000000       0.29779628635822897     
   8.9999999999998526       -2.1875000000000000       0.30070283510945267     
   8.9999999999998526       -2.2851562500000000       0.30266980049824199     
   8.9999999999998526       -2.3828125000000000       0.30360793807214576     
   8.9999999999998526       -2.4804687500000000       0.30354978245039277     
   8.9999999999998526       -2.5781250000000000       0.30249070176337495     
   8.9999999999998526       -2.6757812500000000       0.30062701319185942     
   8.9999999999998526       -2.7734375000000000       0.29787986245622322     
   8.9999999999998526       -2.8710937500000000       0.29429570262066984     
   8.9999999999998526       -2.9687500000000000       0.28997381127772814     
   8.9999999999998526       -3.0664062500000000       0.28494199904346240     
   8.9999999999998526       -3.1640625000000000       0.27938015063209509     
   8.9999999999998526       -3.2617187500000000       0.27328504997259567     
   8.9999999999998526       -3.3593750000000000       0.26682850550830145     
   8.9999999999998526       -3.4570312500000000       0.26003575167105941     
   8.9999999999998526       -3.5546875000000000       0.25321408516737104     
   8.9999999999998526       -3.6523437500000000       0.24628671621643261     
   8.9999999999998526       -3.7500000000000000       0.23940336529168166     
   8.9999999999998526       -3.8476562500000000       0.23274536808470667     
   8.9999999999998526       -3.9453125000000000       0.22648387241338477     
   8.9999999999998526       -4.0429687500000000       0.22078251651984449     
   8.9999999999998526       -4.1406250000000000       0.21574243301522286     
   8.9999999999998526       -4.2382812500000000       0.21169273460771593     
   8.9999999999998526       -4.3359375000000000       0.20847865512760769     
   8.9999999999998526       -4.4335937500000000       0.20618669172588450     
   8.9999999999998526       -4.5312500000000000       0.20490588277663108     
   8.9999999999998526       -4.6289062500000000       0.20473963813246887     
   8.9999999999998526       -4.7265625000000000       0.20565370542305558     
   8.9999999999998526       -4.8242187500000000       0.20757517497670214     
   8.9999999999998526       -4.9218750000000000       0.21060058638296492     
   8.9999999999998526       -5.0195312500000000       0.21439378216775273     
   8.9999999999998526       -5.1171875000000000       0.21887627538057458     
   8.9999999999998526       -5.2148437500000000       0.22391643380351989     
   8.9999999999998526       -5.3125000000000000       0.22943203754570363     
   8.9999999999998526       -5.4101562500000000       0.23532991921691543     
   8.9999999999998526       -5.5078125000000000       0.24137368896231695     
   8.9999999999998526       -5.6054687500000000       0.24761896264871786     
   8.9999999999998526       -5.7031250000000000       0.25385473237264722     
   8.9999999999998526       -5.8007812500000000       0.26003297911951573     
   8.9999999999998526       -5.8984375000000000       0.26607791282091159     
   8.9999999999998526       -5.9960937500000000       0.27189166543939208     
   8.9999999999998526       -6.0937500000000000       0.27751740109479578     
   8.9999999999998526       -6.1914062500000000       0.28277401775839262     
   8.9999999999998526       -6.2890625000000000       0.28768620064550460     
   8.9999999999998526       -6.3867187500000000       0.29212093638987341     
   8.9999999999998526       -6.4843750000000000       0.29604989795145575     
   8.9999999999998526       -6.5820312500000000       0.29951360407836070     
   8.9999999999998526       -6.6796875000000000       0.30240802032048575     
   8.9999999999998526       -6.7773437500000000       0.30493732445469285     
   8.9999999999998526       -6.8750000000000000       0.30700737060502048     
   8.9999999999998526       -6.9726562500000000       0.30850590143348255     
   8.9999999999998526       -7.0703125000000000       0.30945142958734473     
   8.9999999999998526       -7.1679687500000000       0.30981334811180655     
   8.9999999999998526       -7.2656250000000000       0.30974050624857674     
   8.9999999999998526       -7.3632812500000000       0.30918684366048188     
   8.9999999999998526       -7.4609375000000000       0.30826464309416157     
   8.9999999999998526       -7.5585937500000000       0.30710009729861937     
   8.9999999999998526       -7.6562500000000000       0.30552592495819098     
   8.9999999999998526       -7.7539062500000000       0.30364838544999312     
   8.9999999999998526       -7.8515625000000000       0.30156255900183826     
   8.9999999999998526       -7.9492187500000000       0.29930134034343370     
   8.9999999999998526       -8.0468750000000000       0.29697919082275775     
   8.9999999999998526       -8.1445312500000000       0.29458853298507126     
   8.9999999999998526       -8.2421875000000000       0.29225472438537170     
   8.9999999999998526       -8.3398437500000000       0.28988791216729870     
   8.9999999999998526       -8.4375000000000000       0.28738146350758237     
   8.9999999999998526       -8.5351562500000000       0.28502575319119738     
   8.9999999999998526       -8.6328125000000000       0.28278190092703853     
   8.9999999999998526       -8.7304687500000000       0.28053262489201664     
   8.9999999999998526       -8.8281250000000000       0.27842597123007379     
   8.9999999999998526       -8.9257812500000000       0.27642858218127553     
   8.9999999999998526       -9.0234375000000000       0.27449676241985427     
   8.9999999999998526       -9.1210937500000000       0.27262104955217259     
   8.9999999999998526       -9.2187500000000000       0.27071071385516104     
   8.9999999999998526       -9.3164062500000000       0.26882473081333058     
   8.9999999999998526       -9.4140625000000000       0.26695959046082618     
   8.9999999999998526       -9.5117187500000000       0.26518215675159196     
   8.9999999999998526       -9.6093750000000000       0.26371157239978449     
   8.9999999999998526       -9.7070312500000000       0.26239762594007227     
   8.9999999999998526       -9.8046875000000000       0.26112980405092395     
   8.9999999999998526       -9.9023437500000000       0.26012845722365679     
   8.9999999999998526       -10.000000000000000       0.25940519156996228     
   8.9999999999998526       -10.097656250000000       0.25886506448604912     
   8.9999999999998526       -10.195312500000000       0.25863443506721778     
   8.9999999999998526       -10.292968750000000       0.25866177552374664     
   8.9999999999998526       -10.390625000000000       0.25876945913369898     
   8.9999999999998526       -10.488281250000000       0.25891714025770640     
   8.9999999999998526       -10.585937500000000       0.25907671272405236     
   8.9999999999998526       -10.683593750000000       0.25923391667646306     
   8.9999999999998526       -10.781250000000000       0.25932957803820583     
   8.9999999999998526       -10.878906250000000       0.25922089820454924     
   8.9999999999998526       -10.976562500000000       0.25878782410279277     
   8.9999999999998526       -11.074218750000000       0.25800247582807456     
   8.9999999999998526       -11.171875000000000       0.25675085394726249     
   8.9999999999998526       -11.269531250000000       0.25503651844874314     
   8.9999999999998526       -11.367187500000000       0.25305852321040911     
   8.9999999999998526       -11.464843750000000       0.25084627125051739     
   8.9999999999998526       -11.562500000000000       0.24838832549706044     
   8.9999999999998526       -11.660156250000000       0.24590053311328103     
   8.9999999999998526       -11.757812500000000       0.24347430235996509     
   8.9999999999998526       -11.855468750000000       0.24103478586607205     
   8.9999999999998526       -11.953125000000000       0.23870420268514245     
   8.9999999999998526       -12.050781250000000       0.23665306534738217     
   8.9999999999998526       -12.148437500000000       0.23485520864000697     
   8.9999999999998526       -12.246093750000000       0.23332154564706506     
   8.9999999999998526       -12.343750000000000       0.23223804748134227     
   8.9999999999998526       -12.441406250000000       0.23147232570852924     
   8.9999999999998526       -12.539062500000000       0.23067897530148485     
   8.9999999999998526       -12.636718750000000       0.22974762116494457     
   8.9999999999998526       -12.734375000000000       0.22871792083906750     
   8.9999999999998526       -12.832031250000000       0.22741685129967015     
   8.9999999999998526       -12.929687500000000       0.22561373355874173     
   8.9999999999998526       -13.027343750000000       0.22327583277488278     
   8.9999999999998526       -13.125000000000000       0.22038381563501397     
   8.9999999999998526       -13.222656250000000       0.21683296139016808     
   8.9999999999998526       -13.320312500000000       0.21265520157293677     
   8.9999999999998526       -13.417968750000000       0.20804580948417178     
   8.9999999999998526       -13.515625000000000       0.20313047645861049     
   8.9999999999998526       -13.613281250000000       0.19802118478558908     
   8.9999999999998526       -13.710937500000000       0.19301092580078513     
   8.9999999999998526       -13.808593750000000       0.18842234155618187     
   8.9999999999998526       -13.906250000000000       0.18446290234413087     
   8.9999999999998526       -14.003906250000000       0.18134150191206699     
   8.9999999999998526       -14.101562500000000       0.17919044568555484     
   8.9999999999998526       -14.199218750000000       0.17798678426695647     
   8.9999999999998526       -14.296875000000000       0.17765466685270442     
   8.9999999999998526       -14.394531250000000       0.17813384275515315     
   8.9999999999998526       -14.492187500000000       0.17910491123319647     
   8.9999999999998526       -14.589843750000000       0.18011886113501765     
   8.9999999999998526       -14.687500000000000       0.18086346158341288     
   8.9999999999998526       -14.785156250000000       0.18118520605571142     
   8.9999999999998526       -14.882812500000000       0.18084455325334955     
   8.9999999999998526       -14.980468750000000       0.17959885377171900     
   8.9999999999998526       -15.078125000000000       0.17728260081806105     
   8.9999999999998526       -15.175781250000000       0.17379454426711083     
   8.9999999999998526       -15.273437500000000       0.16907255937776808     
   8.9999999999998526       -15.371093750000000       0.16323716974002048     
   8.9999999999998526       -15.468750000000000       0.15655828196035140     
   8.9999999999998526       -15.566406250000000       0.14933248661398643     
   8.9999999999998526       -15.664062500000000       0.14198797592157167     
   8.9999999999998526       -15.761718750000000       0.13512422712701175     
   8.9999999999998526       -15.859375000000000       0.12933125019954464     
   8.9999999999998526       -15.957031250000000       0.12507621329755325     
   8.9999999999998526       -16.054687500000000       0.12272509707738913     
   8.9999999999998526       -16.152343750000000       0.12240579504557407     
   8.9999999999998526       -16.250000000000000       0.12399105149987003     
   8.9999999999998526       -16.347656250000000       0.12718102077201046     
   8.9999999999998526       -16.445312500000000       0.13141213175962799     
   8.9999999999998526       -16.542968750000000       0.13598254850313082     
   8.9999999999998526       -16.640625000000000       0.14032267650268032     
   8.9999999999998526       -16.738281250000000       0.14391000902578804     
   8.9999999999998526       -16.835937500000000       0.14618548339239959     
   8.9999999999998526       -16.933593750000000       0.14678631099385797     
   8.9999999999998526       -17.031250000000000       0.14551898715071199     
   8.9999999999998526       -17.128906250000000       0.14217190974126281     
   8.9999999999998526       -17.226562500000000       0.13667383348978487     
   8.9999999999998526       -17.324218750000000       0.12926746834401640     
   8.9999999999998526       -17.421875000000000       0.12021784735520427     
   8.9999999999998526       -17.519531250000000       0.10974758368451787     
   8.9999999999998526       -17.617187500000000        9.8261164138996590E-002
   8.9999999999998526       -17.714843750000000        8.6529029332497093E-002
   8.9999999999998526       -17.812500000000000        7.5592300005136490E-002
   8.9999999999998526       -17.910156250000000        6.6861706916102381E-002
   8.9999999999998526       -18.007812500000000        6.2095418187535910E-002
   8.9999999999998526       -18.105468750000000        6.2512052782862329E-002
   8.9999999999998526       -18.203125000000000        6.7728438750058517E-002
   8.9999999999998526       -18.300781250000000        7.6294641362395943E-002
   8.9999999999998526       -18.398437500000000        8.6543471159063107E-002
   8.9999999999998526       -18.496093750000000        9.7050726597401341E-002
   8.9999999999998526       -18.593750000000000       0.10672548515291637     
   8.9999999999998526       -18.691406250000000       0.11475775021722297     
   8.9999999999998526       -18.789062500000000       0.12063344181749870     
   8.9999999999998526       -18.886718750000000       0.12425802495958294     
   8.9999999999998526       -18.984375000000000       0.12547888714907832     
   8.9999999999998526       -19.082031250000000       0.12401140333334063     
   8.9999999999998526       -19.179687500000000       0.11991425848373766     
   8.9999999999998526       -19.277343750000000       0.11300164088741814     
   8.9999999999998526       -19.375000000000000       0.10352012378599419     
   8.9999999999998526       -19.472656250000000        9.1536744454042071E-002
   8.9999999999998526       -19.570312500000000        7.7637304827781847E-002
   8.9999999999998526       -19.667968750000000        6.2065761303892880E-002
   8.9999999999998526       -19.765625000000000        4.4995215453202411E-002
   8.9999999999998526       -19.863281250000000        2.6726479747215561E-002
   8.9999999999998526       -19.960937500000000        7.6921733786557422E-003


   9.9999999999998312        19.980468750000000        1.1681036075224328E-005
   9.9999999999998312        19.882812500000000        4.4285546590426200E-005
   9.9999999999998312        19.785156250000000        8.0569622399631393E-005
   9.9999999999998312        19.687500000000000        1.0142167813274251E-004
   9.9999999999998312        19.589843750000000        9.4540160783469342E-005
   9.9999999999998312        19.492187500000000        7.0374120725989238E-005
   9.9999999999998312        19.394531250000000        7.1500749767479266E-005
   9.9999999999998312        19.296875000000000        6.6400052564042923E-005
   9.9999999999998312        19.199218750000000        1.1258607793862784E-004
   9.9999999999998312        19.101562500000000        1.4120465720654949E-004
   9.9999999999998312        19.003906250000000        1.3523618730558869E-004
   9.9999999999998312        18.906250000000000        1.6006291792803232E-004
   9.9999999999998312        18.808593750000000        1.6520665887870541E-004
   9.9999999999998312        18.710937500000000        1.8677918380419575E-004
   9.9999999999998312        18.613281250000000        1.8687335838580619E-004
   9.9999999999998312        18.515625000000000        1.8567117623341812E-004
   9.9999999999998312        18.417968750000000        1.5056135720212707E-004
   9.9999999999998312        18.320312500000000        1.1316206715248585E-004
   9.9999999999998312        18.222656250000000        6.6433329595356425E-005
   9.9999999999998312        18.125000000000000        5.1975827458268018E-005
   9.9999999999998312        18.027343750000000        3.9699685654174605E-005
   9.9999999999998312        17.929687500000000        7.0688510217495841E-005
   9.9999999999998312        17.832031250000000        3.8586681539032858E-005
   9.9999999999998312        17.734375000000000        1.0059104847211502E-004
   9.9999999999998312        17.636718750000000        7.8932543865855274E-005
   9.9999999999998312        17.539062500000000        4.8103543180500291E-005
   9.9999999999998312        17.441406250000000        2.1678882160415037E-005
   9.9999999999998312        17.343750000000000        8.6216664483820970E-005
   9.9999999999998312        17.246093750000000        6.9544267925935178E-005
   9.9999999999998312        17.148437500000000        3.0999277740807315E-005
   9.9999999999998312        17.050781250000000        7.2170823271521602E-005
   9.9999999999998312        16.953125000000000        7.5343465182491458E-005
   9.9999999999998312        16.855468750000000        1.0712476674981647E-004
   9.9999999999998312        16.757812500000000        1.2610662050425243E-004
   9.9999999999998312        16.660156250000000        9.4674235210453987E-005
   9.9999999999998312        16.562500000000000        1.6574385277703355E-004
   9.9999999999998312        16.464843750000000        1.5181968879688875E-004
   9.9999999999998312        16.367187500000000        1.0361341721121680E-004
   9.9999999999998312        16.269531250000000        1.4277745826082647E-004
   9.9999999999998312        16.171875000000000        1.2467601288717662E-004
   9.9999999999998312        16.074218750000000        1.3439148926982564E-004
   9.9999999999998312        15.976562500000000        1.4209777592843112E-004
   9.9999999999998312        15.878906250000000        9.9369304127158560E-005
   9.9999999999998312        15.781250000000000        9.8025633242614850E-005
   9.9999999999998312        15.683593750000000        8.8208488828380341E-005
   9.9999999999998312        15.585937500000000        8.3526586589169070E-005
   9.9999999999998312        15.488281250000000        1.4014353507869044E-004
   9.9999999999998312        15.390625000000000        1.1184771640805743E-004
   9.9999999999998312        15.292968750000000        7.9730155072394173E-005
   9.9999999999998312        15.195312500000000        3.7170011526455929E-005
   9.9999999999998312        15.097656250000000        6.4996038600020464E-005
   9.9999999999998312        15.000000000000000        5.3668535745404063E-005
   9.9999999999998312        14.902343750000000        6.0669308300508005E-005
   9.9999999999998312        14.804687500000000        6.2241782222330206E-005
   9.9999999999998312        14.707031250000000        4.5201853381468474E-005
   9.9999999999998312        14.609375000000000        5.6389452506862294E-005
   9.9999999999998312        14.511718750000000        7.7210140748392732E-005
   9.9999999999998312        14.414062500000000        1.0226731387708601E-004
   9.9999999999998312        14.316406250000000        7.1434749220791277E-005
   9.9999999999998312        14.218750000000000        1.2658555196649415E-004
   9.9999999999998312        14.121093750000000        1.7596016914273027E-004
   9.9999999999998312        14.023437500000000        1.6642964745355621E-004
   9.9999999999998312        13.925781250000000        1.8779472577120030E-004
   9.9999999999998312        13.828125000000000        1.2823112092438509E-004
   9.9999999999998312        13.730468750000000        1.1590816572065477E-004
   9.9999999999998312        13.632812500000000        1.1138836756973193E-004
   9.9999999999998312        13.535156250000000        9.8095968576384287E-005
   9.9999999999998312        13.437500000000000        6.5827852485555107E-005
   9.9999999999998312        13.339843750000000        1.4003622021347290E-005
   9.9999999999998312        13.242187500000000        2.8223546795779103E-005
   9.9999999999998312        13.144531250000000        3.3970870883419146E-005
   9.9999999999998312        13.046875000000000        6.8580233434459409E-005
   9.9999999999998312        12.949218750000000        1.2122924048252266E-004
   9.9999999999998312        12.851562500000000        1.1902325086083229E-004
   9.9999999999998312        12.753906250000000        1.4176114080723153E-004
   9.9999999999998312        12.656250000000000        1.1585035196474619E-004
   9.9999999999998312        12.558593750000000        1.0234857832919119E-004
   9.9999999999998312        12.460937500000000        6.2158264656713466E-005
   9.9999999999998312        12.363281250000000        2.8285725025065590E-005
   9.9999999999998312        12.265625000000000        6.5480763409393280E-005
   9.9999999999998312        12.167968750000000        1.2193974749178632E-004
   9.9999999999998312        12.070312500000000        1.1504139773813943E-004
   9.9999999999998312        11.972656250000000        1.0967013521979483E-004
   9.9999999999998312        11.875000000000000        7.2878185994206232E-005
   9.9999999999998312        11.777343750000000        7.1385076204050362E-005
   9.9999999999998312        11.679687500000000        1.1182018461715919E-004
   9.9999999999998312        11.582031250000000        7.4978381578137563E-005
   9.9999999999998312        11.484375000000000        1.1573873770419108E-004
   9.9999999999998312        11.386718750000000        1.3321179091259065E-004
   9.9999999999998312        11.289062500000000        1.8183275670413923E-004
   9.9999999999998312        11.191406250000000        1.4020953626918834E-004
   9.9999999999998312        11.093750000000000        1.4065151745738127E-004
   9.9999999999998312        10.996093750000000        1.0299014075346760E-004
   9.9999999999998312        10.898437500000000        4.2879148487837241E-005
   9.9999999999998312        10.800781250000000        8.1787999886662896E-005
   9.9999999999998312        10.703125000000000        5.5579867729514752E-005
   9.9999999999998312        10.605468750000000        6.1129259882592080E-005
   9.9999999999998312        10.507812500000000        6.2193622276377446E-005
   9.9999999999998312        10.410156250000000        8.4152165285064772E-005
   9.9999999999998312        10.312500000000000        9.0481025423557997E-005
   9.9999999999998312        10.214843750000000        1.2417551687058946E-004
   9.9999999999998312        10.117187500000000        1.2308231540326253E-004
   9.9999999999998312        10.019531250000000        3.6819002438205028E-005
   9.9999999999998312        9.9218750000000000        2.5018329344691076E-005
   9.9999999999998312        9.8242187500000000        1.3400867434352445E-005
   9.9999999999998312        9.7265625000000000        8.0209555830069282E-006
   9.9999999999998312        9.6289062500000000        4.9717486185986082E-005
   9.9999999999998312        9.5312500000000000        3.3717253982622459E-005
   9.9999999999998312        9.4335937500000000        9.0165287813231352E-005
   9.9999999999998312        9.3359375000000000        1.3521392153318168E-004
   9.9999999999998312        9.2382812500000000        1.2209102580331649E-004
   9.9999999999998312        9.1406250000000000        1.4998052781421673E-004
   9.9999999999998312        9.0429687500000000        1.0545202927112228E-004
   9.9999999999998312        8.9453125000000000        7.8740127730356330E-005
   9.9999999999998312        8.8476562500000000        8.8781545601735140E-005
   9.9999999999998312        8.7500000000000000        5.1298534093744873E-005
   9.9999999999998312        8.6523437500000000        6.2613066379402929E-005
   9.9999999999998312        8.5546875000000000        5.9167752850617220E-005
   9.9999999999998312        8.4570312500000000        1.3246073064371997E-004
   9.9999999999998312        8.3593750000000000        9.6073150953852933E-005
   9.9999999999998312        8.2617187500000000        1.1234244657573431E-004
   9.9999999999998312        8.1640625000000000        1.0351120941097275E-004
   9.9999999999998312        8.0664062500000000        1.1765872193788201E-004
   9.9999999999998312        7.9687500000000000        1.1012959074893449E-004
   9.9999999999998312        7.8710937500000000        1.1115494829628578E-004
   9.9999999999998312        7.7734375000000000        8.2911356112865995E-005
   9.9999999999998312        7.6757812500000000        2.1673486322371680E-005
   9.9999999999998312        7.5781250000000000        2.1041559551207683E-005
   9.9999999999998312        7.4804687500000000        5.4732899604292030E-005
   9.9999999999998312        7.3828125000000000        8.9066674836195812E-005
   9.9999999999998312        7.2851562500000000        1.1030777203079709E-004
   9.9999999999998312        7.1875000000000000        1.0370860962952487E-004
   9.9999999999998312        7.0898437500000000        8.7743555383179038E-005
   9.9999999999998312        6.9921875000000000        5.1136002537243236E-005
   9.9999999999998312        6.8945312500000000        3.5568163258536704E-005
   9.9999999999998312        6.7968750000000000        6.9829159665175095E-005
   9.9999999999998312        6.6992187500000000        2.7270827920230072E-005
   9.9999999999998312        6.6015625000000000        5.1235499439857540E-005
   9.9999999999998312        6.5039062500000000        2.1009237963692213E-005
   9.9999999999998312        6.4062500000000000        6.1967009252739903E-005
   9.9999999999998312        6.3085937500000000        4.6150254710029852E-005
   9.9999999999998312        6.2109375000000000        9.3007087152973002E-005
   9.9999999999998312        6.1132812500000000        7.4514578917519119E-005
   9.9999999999998312        6.0156250000000000        3.2681153001677687E-005
   9.9999999999998312        5.9179687500000000        4.5967715320261543E-005
   9.9999999999998312        5.8203125000000000        5.3279471814548350E-005
   9.9999999999998312        5.7226562500000000        2.4776434651590186E-005
   9.9999999999998312        5.6250000000000000        2.3535687942959195E-005
   9.9999999999998312        5.5273437500000000        6.8656771504648905E-005
   9.9999999999998312        5.4296875000000000        1.0146344610481146E-004
   9.9999999999998312        5.3320312500000000        7.7870285316604474E-005
   9.9999999999998312        5.2343750000000000        5.6895651268906226E-005
   9.9999999999998312        5.1367187500000000        8.6432248293824468E-005
   9.9999999999998312        5.0390625000000000        6.1769040422347799E-005
   9.9999999999998312        4.9414062500000000        9.2963143628652941E-005
   9.9999999999998312        4.8437500000000000        7.3907745562290625E-005
   9.9999999999998312        4.7460937500000000        4.8217180968650942E-005
   9.9999999999998312        4.6484375000000000        6.0974921937233759E-005
   9.9999999999998312        4.5507812500000000        1.0277779031022459E-005
   9.9999999999998312        4.4531250000000000        5.6454337858464484E-005
   9.9999999999998312        4.3554687500000000        8.6967194806023061E-005
   9.9999999999998312        4.2578125000000000        8.3826149247990912E-005
   9.9999999999998312        4.1601562500000000        1.4409243864795711E-004
   9.9999999999998312        4.0625000000000000        1.1146630381142377E-004
   9.9999999999998312        3.9648437500000000        9.9460222380714686E-005
   9.9999999999998312        3.8671875000000000        7.2032766464956273E-005
   9.9999999999998312        3.7695312500000000        1.2281872723685463E-004
   9.9999999999998312        3.6718750000000000        6.2029949578102847E-005
   9.9999999999998312        3.5742187500000000        2.8562239084373635E-005
   9.9999999999998312        3.4765625000000000        5.9659984702300967E-005
   9.9999999999998312        3.3789062500000000        1.2901361023658311E-004
   9.9999999999998312        3.2812500000000000        1.3303191979652964E-004
   9.9999999999998312        3.1835937500000000        1.0579937753978921E-004
   9.9999999999998312        3.0859375000000000        1.1964281990960740E-004
   9.9999999999998312        2.9882812500000000        1.4518248806852816E-004
   9.9999999999998312        2.8906250000000000        9.2915071934192449E-005
   9.9999999999998312        2.7929687500000000        1.1476031111794727E-004
   9.9999999999998312        2.6953125000000000        5.4914734831016507E-005
   9.9999999999998312        2.5976562500000000        4.6675779291723297E-005
   9.9999999999998312        2.5000000000000000        3.0895640405529287E-005
   9.9999999999998312        2.4023437500000000        2.2665720189922653E-005
   9.9999999999998312        2.3046875000000000        7.8225654423085184E-005
   9.9999999999998312        2.2070312500000000        7.8476815657244504E-005
   9.9999999999998312        2.1093750000000000        1.0279203559213181E-004
   9.9999999999998312        2.0117187500000000        9.9760366762938508E-005
   9.9999999999998312        1.9140625000000000        1.3462865334225418E-004
   9.9999999999998312        1.8164062500000000        9.8376842162031539E-005
   9.9999999999998312        1.7187500000000000        1.1137203434603652E-004
   9.9999999999998312        1.6210937500000000        8.9781554398509956E-005
   9.9999999999998312        1.5234375000000000        2.1641150224958892E-005
   9.9999999999998312        1.4257812500000000        3.6301867371330498E-005
   9.9999999999998312        1.3281250000000000        5.1201906381651963E-005
   9.9999999999998312        1.2304687500000000        5.9692916767915268E-005
   9.9999999999998312        1.1328125000000000        9.2534808145111302E-005
   9.9999999999998312        1.0351562500000000        8.7620496443056780E-005
   9.9999999999998312       0.93750000000000000        1.2717269057115248E-004
   9.9999999999998312       0.83984375000000000        9.7230675409410884E-005
   9.9999999999998312       0.74218750000000000        7.7281651662969999E-005
   9.9999999999998312       0.64453125000000000        5.1723578884695055E-005
   9.9999999999998312       0.54687500000000000        1.2236392646409298E-004
   9.9999999999998312       0.44921875000000000        1.6373838900148280E-004
   9.9999999999998312       0.35156250000000000        3.8653570459559820E-004
   9.9999999999998312       0.25390625000000000        1.0102629131261071E-003
   9.9999999999998312       0.15625000000000000        2.7066513454668101E-003
   9.9999999999998312        5.8593750000000000E-002   7.0560936472244427E-003
   9.9999999999998312       -3.9062500000000000E-002   1.8121188308217101E-002
   9.9999999999998312      -0.13671875000000000        3.1660940361625929E-002
   9.9999999999998312      -0.23437500000000000        4.5130213032673124E-002
   9.9999999999998312      -0.33203125000000000        5.8466457670566595E-002
   9.9999999999998312      -0.42968750000000000        7.1580226282882548E-002
   9.9999999999998312      -0.52734375000000000        8.4426286481963264E-002
   9.9999999999998312      -0.62500000000000000        9.7031957608406924E-002
   9.9999999999998312      -0.72265625000000000       0.10933656722246816     
   9.9999999999998312      -0.82031250000000000       0.12122364447847878     
   9.9999999999998312      -0.91796875000000000       0.13282049715129343     
   9.9999999999998312       -1.0156250000000000       0.14396071239782879     
   9.9999999999998312       -1.1132812500000000       0.15461018046538907     
   9.9999999999998312       -1.2109375000000000       0.16466591221309448     
   9.9999999999998312       -1.3085937500000000       0.17425616795493534     
   9.9999999999998312       -1.4062500000000000       0.18321968894269405     
   9.9999999999998312       -1.5039062500000000       0.19165613935143425     
   9.9999999999998312       -1.6015625000000000       0.19941937292329756     
   9.9999999999998312       -1.6992187500000000       0.20658790871047186     
   9.9999999999998312       -1.7968750000000000       0.21316212360715542     
   9.9999999999998312       -1.8945312500000000       0.21906213104581670     
   9.9999999999998312       -1.9921875000000000       0.22432627963793766     
   9.9999999999998312       -2.0898437500000000       0.22894056356701201     
   9.9999999999998312       -2.1875000000000000       0.23293007909304853     
   9.9999999999998312       -2.2851562500000000       0.23616746078027953     
   9.9999999999998312       -2.3828125000000000       0.23885420939263005     
   9.9999999999998312       -2.4804687500000000       0.24083812774006866     
   9.9999999999998312       -2.5781250000000000       0.24219939104584357     
   9.9999999999998312       -2.6757812500000000       0.24301046611049218     
   9.9999999999998312       -2.7734375000000000       0.24330285419592940     
   9.9999999999998312       -2.8710937500000000       0.24305880213785580     
   9.9999999999998312       -2.9687500000000000       0.24226545306854572     
   9.9999999999998312       -3.0664062500000000       0.24102286287259389     
   9.9999999999998312       -3.1640625000000000       0.23916287346798629     
   9.9999999999998312       -3.2617187500000000       0.23692118436766949     
   9.9999999999998312       -3.3593750000000000       0.23430284470702617     
   9.9999999999998312       -3.4570312500000000       0.23142168041720773     
   9.9999999999998312       -3.5546875000000000       0.22831143328613795     
   9.9999999999998312       -3.6523437500000000       0.22485084018219437     
   9.9999999999998312       -3.7500000000000000       0.22113113874426732     
   9.9999999999998312       -3.8476562500000000       0.21723799647246447     
   9.9999999999998312       -3.9453125000000000       0.21337697859820270     
   9.9999999999998312       -4.0429687500000000       0.20946742565112283     
   9.9999999999998312       -4.1406250000000000       0.20565604472703375     
   9.9999999999998312       -4.2382812500000000       0.20197814053028276     
   9.9999999999998312       -4.3359375000000000       0.19834562739005085     
   9.9999999999998312       -4.4335937500000000       0.19507984347793730     
   9.9999999999998312       -4.5312500000000000       0.19233640316571368     
   9.9999999999998312       -4.6289062500000000       0.19023064116833355     
   9.9999999999998312       -4.7265625000000000       0.18866756254514602     
   9.9999999999998312       -4.8242187500000000       0.18768441143861275     
   9.9999999999998312       -4.9218750000000000       0.18733950589441511     
   9.9999999999998312       -5.0195312500000000       0.18757679682932901     
   9.9999999999998312       -5.1171875000000000       0.18868914916244789     
   9.9999999999998312       -5.2148437500000000       0.19052430923677988     
   9.9999999999998312       -5.3125000000000000       0.19285679367812675     
   9.9999999999998312       -5.4101562500000000       0.19566554544632325     
   9.9999999999998312       -5.5078125000000000       0.19880764415505769     
   9.9999999999998312       -5.6054687500000000       0.20232871327465274     
   9.9999999999998312       -5.7031250000000000       0.20622173537163702     
   9.9999999999998312       -5.8007812500000000       0.21045164817001177     
   9.9999999999998312       -5.8984375000000000       0.21487747133034785     
   9.9999999999998312       -5.9960937500000000       0.21920733998171529     
   9.9999999999998312       -6.0937500000000000       0.22349519162227141     
   9.9999999999998312       -6.1914062500000000       0.22769181719240092     
   9.9999999999998312       -6.2890625000000000       0.23174631927588485     
   9.9999999999998312       -6.3867187500000000       0.23576999541197388     
   9.9999999999998312       -6.4843750000000000       0.23962707525633470     
   9.9999999999998312       -6.5820312500000000       0.24337738850613144     
   9.9999999999998312       -6.6796875000000000       0.24702126112105727     
   9.9999999999998312       -6.7773437500000000       0.25052302113086145     
   9.9999999999998312       -6.8750000000000000       0.25409084768797785     
   9.9999999999998312       -6.9726562500000000       0.25769469975669473     
   9.9999999999998312       -7.0703125000000000       0.26123628707539248     
   9.9999999999998312       -7.1679687500000000       0.26466287051412674     
   9.9999999999998312       -7.2656250000000000       0.26790456341391566     
   9.9999999999998312       -7.3632812500000000       0.27104652025611703     
   9.9999999999998312       -7.4609375000000000       0.27406244917887695     
   9.9999999999998312       -7.5585937500000000       0.27691494573499881     
   9.9999999999998312       -7.6562500000000000       0.27958177617487778     
   9.9999999999998312       -7.7539062500000000       0.28175774373351847     
   9.9999999999998312       -7.8515625000000000       0.28341705376863363     
   9.9999999999998312       -7.9492187500000000       0.28464666740085393     
   9.9999999999998312       -8.0468750000000000       0.28528590062982911     
   9.9999999999998312       -8.1445312500000000       0.28543933258016546     
   9.9999999999998312       -8.2421875000000000       0.28519578623674091     
   9.9999999999998312       -8.3398437500000000       0.28439679006617563     
   9.9999999999998312       -8.4375000000000000       0.28310146339054820     
   9.9999999999998312       -8.5351562500000000       0.28145760883730581     
   9.9999999999998312       -8.6328125000000000       0.27952252368815239     
   9.9999999999998312       -8.7304687500000000       0.27744727515694800     
   9.9999999999998312       -8.8281250000000000       0.27536567831130987     
   9.9999999999998312       -8.9257812500000000       0.27343893875157432     
   9.9999999999998312       -9.0234375000000000       0.27176640579083916     
   9.9999999999998312       -9.1210937500000000       0.27038366871931674     
   9.9999999999998312       -9.2187500000000000       0.26947569692411782     
   9.9999999999998312       -9.3164062500000000       0.26915099333130482     
   9.9999999999998312       -9.4140625000000000       0.26927334107441808     
   9.9999999999998312       -9.5117187500000000       0.26980854698274859     
   9.9999999999998312       -9.6093750000000000       0.27072379012402242     
   9.9999999999998312       -9.7070312500000000       0.27171694197744251     
   9.9999999999998312       -9.8046875000000000       0.27270331890433153     
   9.9999999999998312       -9.9023437500000000       0.27373187748659317     
   9.9999999999998312       -10.000000000000000       0.27454448164001444     
   9.9999999999998312       -10.097656250000000       0.27490908151417626     
   9.9999999999998312       -10.195312500000000       0.27486463433003516     
   9.9999999999998312       -10.292968750000000       0.27422417062288490     
   9.9999999999998312       -10.390625000000000       0.27281337102103176     
   9.9999999999998312       -10.488281250000000       0.27080757889274376     
   9.9999999999998312       -10.585937500000000       0.26830693013761381     
   9.9999999999998312       -10.683593750000000       0.26528393466107897     
   9.9999999999998312       -10.781250000000000       0.26199035880305332     
   9.9999999999998312       -10.878906250000000       0.25872725036317695     
   9.9999999999998312       -10.976562500000000       0.25556604555128426     
   9.9999999999998312       -11.074218750000000       0.25280341281555624     
   9.9999999999998312       -11.171875000000000       0.25088552553654564     
   9.9999999999998312       -11.269531250000000       0.24990883589515767     
   9.9999999999998312       -11.367187500000000       0.24987339977815223     
   9.9999999999998312       -11.464843750000000       0.25097746846828584     
   9.9999999999998312       -11.562500000000000       0.25319130089002978     
   9.9999999999998312       -11.660156250000000       0.25617295938553331     
   9.9999999999998312       -11.757812500000000       0.25963922487111851     
   9.9999999999998312       -11.855468750000000       0.26339879220348478     
   9.9999999999998312       -11.953125000000000       0.26708471913499271     
   9.9999999999998312       -12.050781250000000       0.27036566811015800     
   9.9999999999998312       -12.148437500000000       0.27305757627865318     
   9.9999999999998312       -12.246093750000000       0.27487850017632570     
   9.9999999999998312       -12.343750000000000       0.27544213854981187     
   9.9999999999998312       -12.441406250000000       0.27464108349998612     
   9.9999999999998312       -12.539062500000000       0.27249234092491459     
   9.9999999999998312       -12.636718750000000       0.26896401263182501     
   9.9999999999998312       -12.734375000000000       0.26416116829893266     
   9.9999999999998312       -12.832031250000000       0.25832446756740846     
   9.9999999999998312       -12.929687500000000       0.25166147059691962     
   9.9999999999998312       -13.027343750000000       0.24453186972118660     
   9.9999999999998312       -13.125000000000000       0.23747649239951926     
   9.9999999999998312       -13.222656250000000       0.23098172703794975     
   9.9999999999998312       -13.320312500000000       0.22558872514449604     
   9.9999999999998312       -13.417968750000000       0.22191638723993354     
   9.9999999999998312       -13.515625000000000       0.22020605586356004     
   9.9999999999998312       -13.613281250000000       0.22040338967566492     
   9.9999999999998312       -13.710937500000000       0.22250950793021582     
   9.9999999999998312       -13.808593750000000       0.22643641362492598     
   9.9999999999998312       -13.906250000000000       0.23173400363868979     
   9.9999999999998312       -14.003906250000000       0.23776811475437234     
   9.9999999999998312       -14.101562500000000       0.24393552036294361     
   9.9999999999998312       -14.199218750000000       0.24959105064609538     
   9.9999999999998312       -14.296875000000000       0.25414453920325641     
   9.9999999999998312       -14.394531250000000       0.25717454712554577     
   9.9999999999998312       -14.492187500000000       0.25831244183989166     
   9.9999999999998312       -14.589843750000000       0.25725377014910272     
   9.9999999999998312       -14.687500000000000       0.25388513389471884     
   9.9999999999998312       -14.785156250000000       0.24825185628889793     
   9.9999999999998312       -14.882812500000000       0.24036637833832525     
   9.9999999999998312       -14.980468750000000       0.23041534710224668     
   9.9999999999998312       -15.078125000000000       0.21884596037480841     
   9.9999999999998312       -15.175781250000000       0.20614480222639109     
   9.9999999999998312       -15.273437500000000       0.19302013131027521     
   9.9999999999998312       -15.371093750000000       0.18053792538238830     
   9.9999999999998312       -15.468750000000000       0.16986688762963958     
   9.9999999999998312       -15.566406250000000       0.16207723574194891     
   9.9999999999998312       -15.664062500000000       0.15812224395326191     
   9.9999999999998312       -15.761718750000000       0.15854335140164036     
   9.9999999999998312       -15.859375000000000       0.16322183667263765     
   9.9999999999998312       -15.957031250000000       0.17149122114614510     
   9.9999999999998312       -16.054687500000000       0.18221926895132207     
   9.9999999999998312       -16.152343750000000       0.19415288703776826     
   9.9999999999998312       -16.250000000000000       0.20608906811726632     
   9.9999999999998312       -16.347656250000000       0.21695784767129822     
   9.9999999999998312       -16.445312500000000       0.22593537632691094     
   9.9999999999998312       -16.542968750000000       0.23249227582832691     
   9.9999999999998312       -16.640625000000000       0.23619044175618950     
   9.9999999999998312       -16.738281250000000       0.23668053975892814     
   9.9999999999998312       -16.835937500000000       0.23376633054953783     
   9.9999999999998312       -16.933593750000000       0.22738424383112280     
   9.9999999999998312       -17.031250000000000       0.21751898077180509     
   9.9999999999998312       -17.128906250000000       0.20439102983090748     
   9.9999999999998312       -17.226562500000000       0.18841612857538387     
   9.9999999999998312       -17.324218750000000       0.17001276293888606     
   9.9999999999998312       -17.421875000000000       0.14981656832251153     
   9.9999999999998312       -17.519531250000000       0.12898161089309756     
   9.9999999999998312       -17.617187500000000       0.10919542298898378     
   9.9999999999998312       -17.714843750000000        9.2976780745659682E-002
   9.9999999999998312       -17.812500000000000        8.4043883873135369E-002
   9.9999999999998312       -17.910156250000000        8.5450080473882223E-002
   9.9999999999998312       -18.007812500000000        9.6511201381576942E-002
   9.9999999999998312       -18.105468750000000       0.11376161793024417     
   9.9999999999998312       -18.203125000000000       0.13379773391248706     
   9.9999999999998312       -18.300781250000000       0.15417591710140960     
   9.9999999999998312       -18.398437500000000       0.17335265315381790     
   9.9999999999998312       -18.496093750000000       0.19030545685364045     
   9.9999999999998312       -18.593750000000000       0.20432230881302990     
   9.9999999999998312       -18.691406250000000       0.21497943962566318     
   9.9999999999998312       -18.789062500000000       0.22191543713145326     
   9.9999999999998312       -18.886718750000000       0.22466004637873477     
   9.9999999999998312       -18.984375000000000       0.22312511610984617     
   9.9999999999998312       -19.082031250000000       0.21732752794468632     
   9.9999999999998312       -19.179687500000000       0.20726535759475279     
   9.9999999999998312       -19.277343750000000       0.19330321942936038     
   9.9999999999998312       -19.375000000000000       0.17548681772032651     
   9.9999999999998312       -19.472656250000000       0.15424489549084563     
   9.9999999999998312       -19.570312500000000       0.13002496779263720     
   9.9999999999998312       -19.667968750000000       0.10320414561739071     
   9.9999999999998312       -19.765625000000000        7.4287354942879788E-002
   9.9999999999998312       -19.863281250000000        4.3876896127408950E-002
   9.9999999999998312       -19.960937500000000        1.2601676708708086E-002


