      0.1000000    -19.9804688      0.0000434
      0.1000000    -19.8828125      0.0002633
      0.1000000    -19.7851562      0.0004988
      0.1000000    -19.6875000      0.0007575
      0.1000000    -19.5898438      0.0010474
      0.1000000    -19.4921875      0.0013638
      0.1000000    -19.3945312      0.0016908
      0.1000000    -19.2968750      0.0020061
      0.1000000    -19.1992188      0.0022634
      0.1000000    -19.1015625      0.0024366
      0.1000000    -19.0039062      0.0025399
      0.1000000    -18.9062500      0.0026615
      0.1000000    -18.8085938      0.0029644
      0.1000000    -18.7109375      0.0034848
      0.1000000    -18.6132812      0.0040297
      0.1000000    -18.5156250      0.0044063
      0.1000000    -18.4179688      0.0046990
      0.1000000    -18.3203125      0.0052258
      0.1000000    -18.2226562      0.0059802
      0.1000000    -18.1250000      0.0065816
      0.1000000    -18.0273438      0.0070917
      0.1000000    -17.9296875      0.0079442
      0.1000000    -17.8320312      0.0088482
      0.1000000    -17.7343750      0.0095638
      0.1000000    -17.6367188      0.0106245
      0.1000000    -17.5390625      0.0117027
      0.1000000    -17.4414062      0.0126974
      0.1000000    -17.3437500      0.0140792
      0.1000000    -17.2460938      0.0152631
      0.1000000    -17.1484375      0.0167835
      0.1000000    -17.0507812      0.0182668
      0.1000000    -16.9531250      0.0199532
      0.1000000    -16.8554688      0.0217128
      0.1000000    -16.7578125      0.0236567
      0.1000000    -16.6601562      0.0256554
      0.1000000    -16.5625000      0.0279366
      0.1000000    -16.4648438      0.0301686
      0.1000000    -16.3671875      0.0327805
      0.1000000    -16.2695312      0.0353662
      0.1000000    -16.1718750      0.0381815
      0.1000000    -16.0742188      0.0412960
      0.1000000    -15.9765625      0.0444421
      0.1000000    -15.8789062      0.0477960
      0.1000000    -15.7812500      0.0514415
      0.1000000    -15.6835938      0.0552709
      0.1000000    -15.5859375      0.0592367
      0.1000000    -15.4882812      0.0633806
      0.1000000    -15.3906250      0.0678464
      0.1000000    -15.2929688      0.0725263
      0.1000000    -15.1953125      0.0774285
      0.1000000    -15.0976562      0.0825720
      0.1000000    -15.0000000      0.0879125
      0.1000000    -14.9023438      0.0934317
      0.1000000    -14.8046875      0.0993127
      0.1000000    -14.7070312      0.1053983
      0.1000000    -14.6093750      0.1116945
      0.1000000    -14.5117188      0.1182305
      0.1000000    -14.4140625      0.1250018
      0.1000000    -14.3164062      0.1320033
      0.1000000    -14.2187500      0.1392309
      0.1000000    -14.1210938      0.1466794
      0.1000000    -14.0234375      0.1543422
      0.1000000    -13.9257812      0.1622118
      0.1000000    -13.8281250      0.1702797
      0.1000000    -13.7304688      0.1785358
      0.1000000    -13.6328125      0.1869694
      0.1000000    -13.5351562      0.1955680
      0.1000000    -13.4375000      0.2043184
      0.1000000    -13.3398438      0.2132061
      0.1000000    -13.2421875      0.2222154
      0.1000000    -13.1445312      0.2313294
      0.1000000    -13.0468750      0.2405304
      0.1000000    -12.9492188      0.2497995
      0.1000000    -12.8515625      0.2591168
      0.1000000    -12.7539062      0.2684613
      0.1000000    -12.6562500      0.2778116
      0.1000000    -12.5585938      0.2871450
      0.1000000    -12.4609375      0.2964385
      0.1000000    -12.3632812      0.3056683
      0.1000000    -12.2656250      0.3148099
      0.1000000    -12.1679688      0.3238388
      0.1000000    -12.0703125      0.3327297
      0.1000000    -11.9726562      0.3414576
      0.1000000    -11.8750000      0.3499970
      0.1000000    -11.7773438      0.3583225
      0.1000000    -11.6796875      0.3664092
      0.1000000    -11.5820312      0.3742320
      0.1000000    -11.4843750      0.3817666
      0.1000000    -11.3867188      0.3889889
      0.1000000    -11.2890625      0.3958757
      0.1000000    -11.1914062      0.4024045
      0.1000000    -11.0937500      0.4085538
      0.1000000    -10.9960938      0.4143029
      0.1000000    -10.8984375      0.4196325
      0.1000000    -10.8007812      0.4245243
      0.1000000    -10.7031250      0.4289616
      0.1000000    -10.6054688      0.4329289
      0.1000000    -10.5078125      0.4364125
      0.1000000    -10.4101562      0.4394000
      0.1000000    -10.3125000      0.4418810
      0.1000000    -10.2148438      0.4438467
      0.1000000    -10.1171875      0.4452901
      0.1000000    -10.0195312      0.4462060
      0.1000000     -9.9218750      0.4465911
      0.1000000     -9.8242188      0.4464442
      0.1000000     -9.7265625      0.4457657
      0.1000000     -9.6289062      0.4445580
      0.1000000     -9.5312500      0.4428255
      0.1000000     -9.4335938      0.4405743
      0.1000000     -9.3359375      0.4378124
      0.1000000     -9.2382812      0.4345495
      0.1000000     -9.1406250      0.4307972
      0.1000000     -9.0429688      0.4265686
      0.1000000     -8.9453125      0.4218783
      0.1000000     -8.8476562      0.4167426
      0.1000000     -8.7500000      0.4111791
      0.1000000     -8.6523438      0.4052065
      0.1000000     -8.5546875      0.3988451
      0.1000000     -8.4570312      0.3921158
      0.1000000     -8.3593750      0.3850409
      0.1000000     -8.2617188      0.3776433
      0.1000000     -8.1640625      0.3699465
      0.1000000     -8.0664062      0.3619750
      0.1000000     -7.9687500      0.3537533
      0.1000000     -7.8710938      0.3453066
      0.1000000     -7.7734375      0.3366600
      0.1000000     -7.6757812      0.3278390
      0.1000000     -7.5781250      0.3188688
      0.1000000     -7.4804688      0.3097746
      0.1000000     -7.3828125      0.3005813
      0.1000000     -7.2851562      0.2913133
      0.1000000     -7.1875000      0.2819949
      0.1000000     -7.0898438      0.2726493
      0.1000000     -6.9921875      0.2632995
      0.1000000     -6.8945312      0.2539674
      0.1000000     -6.7968750      0.2446743
      0.1000000     -6.6992188      0.2354404
      0.1000000     -6.6015625      0.2262851
      0.1000000     -6.5039062      0.2172268
      0.1000000     -6.4062500      0.2082827
      0.1000000     -6.3085938      0.1994689
      0.1000000     -6.2109375      0.1908006
      0.1000000     -6.1132812      0.1822916
      0.1000000     -6.0156250      0.1739545
      0.1000000     -5.9179688      0.1658011
      0.1000000     -5.8203125      0.1578415
      0.1000000     -5.7226562      0.1500851
      0.1000000     -5.6250000      0.1425398
      0.1000000     -5.5273438      0.1352126
      0.1000000     -5.4296875      0.1281093
      0.1000000     -5.3320312      0.1212344
      0.1000000     -5.2343750      0.1145923
      0.1000000     -5.1367188      0.1081860
      0.1000000     -5.0390625      0.1020127
      0.1000000     -4.9414062      0.0960782
      0.1000000     -4.8437500      0.0903822
      0.1000000     -4.7460938      0.0849224
      0.1000000     -4.6484375      0.0796975
      0.1000000     -4.5507812      0.0747069
      0.1000000     -4.4531250      0.0699446
      0.1000000     -4.3554688      0.0654076
      0.1000000     -4.2578125      0.0610899
      0.1000000     -4.1601562      0.0569874
      0.1000000     -4.0625000      0.0531014
      0.1000000     -3.9648438      0.0494245
      0.1000000     -3.8671875      0.0459402
      0.1000000     -3.7695312      0.0426507
      0.1000000     -3.6718750      0.0395596
      0.1000000     -3.5742188      0.0366374
      0.1000000     -3.4765625      0.0338928
      0.1000000     -3.3789062      0.0313265
      0.1000000     -3.2812500      0.0289010
      0.1000000     -3.1835938      0.0266547
      0.1000000     -3.0859375      0.0245301
      0.1000000     -2.9882812      0.0225707
      0.1000000     -2.8906250      0.0207203
      0.1000000     -2.7929688      0.0190245
      0.1000000     -2.6953125      0.0174149
      0.1000000     -2.5976562      0.0159639
      0.1000000     -2.5000000      0.0145647
      0.1000000     -2.4023438      0.0133279
      0.1000000     -2.3046875      0.0121384
      0.1000000     -2.2070312      0.0110464
      0.1000000     -2.1093750      0.0100936
      0.1000000     -2.0117188      0.0091192
      0.1000000     -1.9140625      0.0082901
      0.1000000     -1.8164062      0.0075778
      0.1000000     -1.7187500      0.0067808
      0.1000000     -1.6210938      0.0061079
      0.1000000     -1.5234375      0.0056510
      0.1000000     -1.4257812      0.0050809
      0.1000000     -1.3281250      0.0043880
      0.1000000     -1.2304688      0.0039893
      0.1000000     -1.1328125      0.0038616
      0.1000000     -1.0351562      0.0034981
      0.1000000     -0.9375000      0.0027909
      0.1000000     -0.8398438      0.0022595
      0.1000000     -0.7421875      0.0023236
      0.1000000     -0.6445312      0.0024825
      0.1000000     -0.5468750      0.0023091
      0.1000000     -0.4492188      0.0019036
      0.1000000     -0.3515625      0.0015549
      0.1000000     -0.2539062      0.0013120
      0.1000000     -0.1562500      0.0009784
      0.1000000     -0.0585938      0.0004977
      0.1000000      0.0390625      0.0000527
      0.1000000      0.1367188      0.0001643
      0.1000000      0.2343750      0.0002908
      0.1000000      0.3320312      0.0003885
      0.1000000      0.4296875      0.0004659
      0.1000000      0.5273438      0.0005196
      0.1000000      0.6250000      0.0005424
      0.1000000      0.7226562      0.0005289
      0.1000000      0.8203125      0.0004739
      0.1000000      0.9179688      0.0003797
      0.1000000      1.0156250      0.0002622
      0.1000000      1.1132812      0.0001618
      0.1000000      1.2109375      0.0001513
      0.1000000      1.3085938      0.0001937
      0.1000000      1.4062500      0.0001991
      0.1000000      1.5039062      0.0001494
      0.1000000      1.6015625      0.0000835
      0.1000000      1.6992188      0.0000912
      0.1000000      1.7968750      0.0001122
      0.1000000      1.8945312      0.0000820
      0.1000000      1.9921875      0.0000445
      0.1000000      2.0898438      0.0000673
      0.1000000      2.1875000      0.0000582
      0.1000000      2.2851562      0.0000269
      0.1000000      2.3828125      0.0000460
      0.1000000      2.4804688      0.0000326
      0.1000000      2.5781250      0.0000224
      0.1000000      2.6757812      0.0000319
      0.1000000      2.7734375      0.0000111
      0.1000000      2.8710938      0.0000246
      0.1000000      2.9687500      0.0000089
      0.1000000      3.0664062      0.0000183
      0.1000000      3.1640625      0.0000062
      0.1000000      3.2617188      0.0000143
      0.1000000      3.3593750      0.0000025
      0.1000000      3.4570312      0.0000107
      0.1000000      3.5546875      0.0000041
      0.1000000      3.6523438      0.0000061
      0.1000000      3.7500000      0.0000070
      0.1000000      3.8476562      0.0000006
      0.1000000      3.9453125      0.0000047
      0.1000000      4.0429688      0.0000048
      0.1000000      4.1406250      0.0000016
      0.1000000      4.2382812      0.0000019
      0.1000000      4.3359375      0.0000032
      0.1000000      4.4335938      0.0000030
      0.1000000      4.5312500      0.0000028
      0.1000000      4.6289062      0.0000022
      0.1000000      4.7265625      0.0000009
      0.1000000      4.8242188      0.0000015
      0.1000000      4.9218750      0.0000013
      0.1000000      5.0195312      0.0000023
      0.1000000      5.1171875      0.0000017
      0.1000000      5.2148438      0.0000009
      0.1000000      5.3125000      0.0000003
      0.1000000      5.4101562      0.0000002
      0.1000000      5.5078125      0.0000002
      0.1000000      5.6054688      0.0000001
      0.1000000      5.7031250      0.0000001
      0.1000000      5.8007812      0.0000001
      0.1000000      5.8984375      0.0000001
      0.1000000      5.9960938      0.0000001
      0.1000000      6.0937500      0.0000001
      0.1000000      6.1914062      0.0000000
      0.1000000      6.2890625      0.0000000
      0.1000000      6.3867188      0.0000000
      0.1000000      6.4843750      0.0000000
      0.1000000      6.5820312      0.0000000
      0.1000000      6.6796875      0.0000000
      0.1000000      6.7773438      0.0000000
      0.1000000      6.8750000      0.0000000
      0.1000000      6.9726562      0.0000000
      0.1000000      7.0703125      0.0000000
      0.1000000      7.1679688      0.0000000
      0.1000000      7.2656250      0.0000000
      0.1000000      7.3632812      0.0000000
      0.1000000      7.4609375      0.0000000
      0.1000000      7.5585938      0.0000000
      0.1000000      7.6562500      0.0000000
      0.1000000      7.7539062      0.0000000
      0.1000000      7.8515625      0.0000000
      0.1000000      7.9492188      0.0000000
      0.1000000      8.0468750      0.0000000
      0.1000000      8.1445312      0.0000000
      0.1000000      8.2421875      0.0000000
      0.1000000      8.3398438      0.0000000
      0.1000000      8.4375000      0.0000000
      0.1000000      8.5351562      0.0000000
      0.1000000      8.6328125      0.0000000
      0.1000000      8.7304688      0.0000000
      0.1000000      8.8281250      0.0000000
      0.1000000      8.9257812      0.0000000
      0.1000000      9.0234375      0.0000000
      0.1000000      9.1210938      0.0000000
      0.1000000      9.2187500      0.0000000
      0.1000000      9.3164062      0.0000000
      0.1000000      9.4140625      0.0000000
      0.1000000      9.5117188      0.0000000
      0.1000000      9.6093750      0.0000000
      0.1000000      9.7070312      0.0000000
      0.1000000      9.8046875      0.0000000
      0.1000000      9.9023438      0.0000000
      0.1000000     10.0000000      0.0000000
      0.1000000     10.0976562      0.0000000
      0.1000000     10.1953125      0.0000000
      0.1000000     10.2929688      0.0000000
      0.1000000     10.3906250      0.0000000
      0.1000000     10.4882812      0.0000000
      0.1000000     10.5859375      0.0000000
      0.1000000     10.6835938      0.0000000
      0.1000000     10.7812500      0.0000000
      0.1000000     10.8789062      0.0000000
      0.1000000     10.9765625      0.0000000
      0.1000000     11.0742188      0.0000000
      0.1000000     11.1718750      0.0000000
      0.1000000     11.2695312      0.0000000
      0.1000000     11.3671875      0.0000000
      0.1000000     11.4648438      0.0000000
      0.1000000     11.5625000      0.0000000
      0.1000000     11.6601562      0.0000000
      0.1000000     11.7578125      0.0000000
      0.1000000     11.8554688      0.0000000
      0.1000000     11.9531250      0.0000000
      0.1000000     12.0507812      0.0000000
      0.1000000     12.1484375      0.0000000
      0.1000000     12.2460938      0.0000000
      0.1000000     12.3437500      0.0000000
      0.1000000     12.4414062      0.0000000
      0.1000000     12.5390625      0.0000000
      0.1000000     12.6367188      0.0000000
      0.1000000     12.7343750      0.0000000
      0.1000000     12.8320312      0.0000000
      0.1000000     12.9296875      0.0000000
      0.1000000     13.0273438      0.0000000
      0.1000000     13.1250000      0.0000000
      0.1000000     13.2226562      0.0000000
      0.1000000     13.3203125      0.0000000
      0.1000000     13.4179688      0.0000000
      0.1000000     13.5156250      0.0000000
      0.1000000     13.6132812      0.0000000
      0.1000000     13.7109375      0.0000000
      0.1000000     13.8085938      0.0000000
      0.1000000     13.9062500      0.0000000
      0.1000000     14.0039062      0.0000000
      0.1000000     14.1015625      0.0000000
      0.1000000     14.1992188      0.0000000
      0.1000000     14.2968750      0.0000000
      0.1000000     14.3945312      0.0000000
      0.1000000     14.4921875      0.0000000
      0.1000000     14.5898438      0.0000000
      0.1000000     14.6875000      0.0000000
      0.1000000     14.7851562      0.0000000
      0.1000000     14.8828125      0.0000000
      0.1000000     14.9804688      0.0000000
      0.1000000     15.0781250      0.0000000
      0.1000000     15.1757812      0.0000000
      0.1000000     15.2734375      0.0000000
      0.1000000     15.3710938      0.0000000
      0.1000000     15.4687500      0.0000000
      0.1000000     15.5664062      0.0000000
      0.1000000     15.6640625      0.0000000
      0.1000000     15.7617188      0.0000000
      0.1000000     15.8593750      0.0000000
      0.1000000     15.9570312      0.0000000
      0.1000000     16.0546875      0.0000000
      0.1000000     16.1523438      0.0000000
      0.1000000     16.2500000      0.0000000
      0.1000000     16.3476562      0.0000000
      0.1000000     16.4453125      0.0000000
      0.1000000     16.5429688      0.0000000
      0.1000000     16.6406250      0.0000000
      0.1000000     16.7382812      0.0000000
      0.1000000     16.8359375      0.0000000
      0.1000000     16.9335938      0.0000000
      0.1000000     17.0312500      0.0000000
      0.1000000     17.1289062      0.0000000
      0.1000000     17.2265625      0.0000000
      0.1000000     17.3242188      0.0000000
      0.1000000     17.4218750      0.0000000
      0.1000000     17.5195312      0.0000000
      0.1000000     17.6171875      0.0000000
      0.1000000     17.7148438      0.0000000
      0.1000000     17.8125000      0.0000000
      0.1000000     17.9101562      0.0000000
      0.1000000     18.0078125      0.0000000
      0.1000000     18.1054688      0.0000000
      0.1000000     18.2031250      0.0000000
      0.1000000     18.3007812      0.0000000
      0.1000000     18.3984375      0.0000000
      0.1000000     18.4960938      0.0000000
      0.1000000     18.5937500      0.0000000
      0.1000000     18.6914062      0.0000000
      0.1000000     18.7890625      0.0000000
      0.1000000     18.8867188      0.0000000
      0.1000000     18.9843750      0.0000000
      0.1000000     19.0820312      0.0000000
      0.1000000     19.1796875      0.0000000
      0.1000000     19.2773438      0.0000000
      0.1000000     19.3750000      0.0000000
      0.1000000     19.4726562      0.0000000
      0.1000000     19.5703125      0.0000000
      0.1000000     19.6679688      0.0000000
      0.1000000     19.7656250      0.0000000
      0.1000000     19.8632812      0.0000000
      0.1000000     19.9609375      0.0000000


      0.2000000    -19.9804688      0.0000300
      0.2000000    -19.8828125      0.0001821
      0.2000000    -19.7851562      0.0003412
      0.2000000    -19.6875000      0.0005142
      0.2000000    -19.5898438      0.0007053
      0.2000000    -19.4921875      0.0009209
      0.2000000    -19.3945312      0.0011630
      0.2000000    -19.2968750      0.0014339
      0.2000000    -19.1992188      0.0017328
      0.2000000    -19.1015625      0.0020525
      0.2000000    -19.0039062      0.0023882
      0.2000000    -18.9062500      0.0027225
      0.2000000    -18.8085938      0.0030456
      0.2000000    -18.7109375      0.0033456
      0.2000000    -18.6132812      0.0036196
      0.2000000    -18.5156250      0.0038934
      0.2000000    -18.4179688      0.0042059
      0.2000000    -18.3203125      0.0046174
      0.2000000    -18.2226562      0.0051732
      0.2000000    -18.1250000      0.0058556
      0.2000000    -18.0273438      0.0066052
      0.2000000    -17.9296875      0.0073431
      0.2000000    -17.8320312      0.0080241
      0.2000000    -17.7343750      0.0087038
      0.2000000    -17.6367188      0.0095105
      0.2000000    -17.5390625      0.0105256
      0.2000000    -17.4414062      0.0116973
      0.2000000    -17.3437500      0.0128829
      0.2000000    -17.2460938      0.0140143
      0.2000000    -17.1484375      0.0152164
      0.2000000    -17.0507812      0.0166712
      0.2000000    -16.9531250      0.0183422
      0.2000000    -16.8554688      0.0200153
      0.2000000    -16.7578125      0.0216646
      0.2000000    -16.6601562      0.0235342
      0.2000000    -16.5625000      0.0257065
      0.2000000    -16.4648438      0.0279316
      0.2000000    -16.3671875      0.0301461
      0.2000000    -16.2695312      0.0326418
      0.2000000    -16.1718750      0.0354285
      0.2000000    -16.0742188      0.0382112
      0.2000000    -15.9765625      0.0411357
      0.2000000    -15.8789062      0.0444475
      0.2000000    -15.7812500      0.0478449
      0.2000000    -15.6835938      0.0513153
      0.2000000    -15.5859375      0.0551998
      0.2000000    -15.4882812      0.0592130
      0.2000000    -15.3906250      0.0633234
      0.2000000    -15.2929688      0.0678702
      0.2000000    -15.1953125      0.0724925
      0.2000000    -15.0976562      0.0773253
      0.2000000    -15.0000000      0.0825509
      0.2000000    -14.9023438      0.0877906
      0.2000000    -14.8046875      0.0934399
      0.2000000    -14.7070312      0.0992572
      0.2000000    -14.6093750      0.1052627
      0.2000000    -14.5117188      0.1116487
      0.2000000    -14.4140625      0.1180730
      0.2000000    -14.3164062      0.1249451
      0.2000000    -14.2187500      0.1318443
      0.2000000    -14.1210938      0.1391481
      0.2000000    -14.0234375      0.1465233
      0.2000000    -13.9257812      0.1542375
      0.2000000    -13.8281250      0.1620516
      0.2000000    -13.7304688      0.1701644
      0.2000000    -13.6328125      0.1783631
      0.2000000    -13.5351562      0.1868548
      0.2000000    -13.4375000      0.1953777
      0.2000000    -13.3398438      0.2042083
      0.2000000    -13.2421875      0.2130015
      0.2000000    -13.1445312      0.2220921
      0.2000000    -13.0468750      0.2311276
      0.2000000    -12.9492188      0.2403556
      0.2000000    -12.8515625      0.2496269
      0.2000000    -12.7539062      0.2588849
      0.2000000    -12.6562500      0.2683107
      0.2000000    -12.5585938      0.2776016
      0.2000000    -12.4609375      0.2869424
      0.2000000    -12.3632812      0.2962791
      0.2000000    -12.2656250      0.3054282
      0.2000000    -12.1679688      0.3145932
      0.2000000    -12.0703125      0.3236790
      0.2000000    -11.9726562      0.3325134
      0.2000000    -11.8750000      0.3412242
      0.2000000    -11.7773438      0.3498179
      0.2000000    -11.6796875      0.3581423
      0.2000000    -11.5820312      0.3661838
      0.2000000    -11.4843750      0.3740097
      0.2000000    -11.3867188      0.3815997
      0.2000000    -11.2890625      0.3888393
      0.2000000    -11.1914062      0.3956706
      0.2000000    -11.0937500      0.4021840
      0.2000000    -10.9960938      0.4083742
      0.2000000    -10.8984375      0.4141390
      0.2000000    -10.8007812      0.4195144
      0.2000000    -10.7031250      0.4244069
      0.2000000    -10.6054688      0.4288282
      0.2000000    -10.5078125      0.4328069
      0.2000000    -10.4101562      0.4362588
      0.2000000    -10.3125000      0.4392803
      0.2000000    -10.2148438      0.4417368
      0.2000000    -10.1171875      0.4437464
      0.2000000    -10.0195312      0.4451833
      0.2000000     -9.9218750      0.4461283
      0.2000000     -9.8242188      0.4465953
      0.2000000     -9.7265625      0.4464200
      0.2000000     -9.6289062      0.4457210
      0.2000000     -9.5312500      0.4445365
      0.2000000     -9.4335938      0.4428227
      0.2000000     -9.3359375      0.4405848
      0.2000000     -9.2382812      0.4378373
      0.2000000     -9.1406250      0.4345885
      0.2000000     -9.0429688      0.4308510
      0.2000000     -8.9453125      0.4266359
      0.2000000     -8.8476562      0.4219574
      0.2000000     -8.7500000      0.4168337
      0.2000000     -8.6523438      0.4112833
      0.2000000     -8.5546875      0.4053250
      0.2000000     -8.4570312      0.3989776
      0.2000000     -8.3593750      0.3922596
      0.2000000     -8.2617188      0.3851938
      0.2000000     -8.1640625      0.3778080
      0.2000000     -8.0664062      0.3701250
      0.2000000     -7.9687500      0.3621625
      0.2000000     -7.8710938      0.3539475
      0.2000000     -7.7734375      0.3455127
      0.2000000     -7.6757812      0.3368764
      0.2000000     -7.5781250      0.3280583
      0.2000000     -7.4804688      0.3190970
      0.2000000     -7.3828125      0.3100128
      0.2000000     -7.2851562      0.3008198
      0.2000000     -7.1875000      0.2915605
      0.2000000     -7.0898438      0.2822482
      0.2000000     -6.9921875      0.2729005
      0.2000000     -6.8945312      0.2635608
      0.2000000     -6.7968750      0.2542258
      0.2000000     -6.6992188      0.2449357
      0.2000000     -6.6015625      0.2357058
      0.2000000     -6.5039062      0.2265444
      0.2000000     -6.4062500      0.2174948
      0.2000000     -6.3085938      0.2085397
      0.2000000     -6.2109375      0.1997351
      0.2000000     -6.1132812      0.1910545
      0.2000000     -6.0156250      0.1825531
      0.2000000     -5.9179688      0.1742032
      0.2000000     -5.8203125      0.1660566
      0.2000000     -5.7226562      0.1580822
      0.2000000     -5.6250000      0.1503340
      0.2000000     -5.5273438      0.1427697
      0.2000000     -5.4296875      0.1354541
      0.2000000     -5.3320312      0.1283273
      0.2000000     -5.2343750      0.1214655
      0.2000000     -5.1367188      0.1148007
      0.2000000     -5.0390625      0.1083977
      0.2000000     -4.9414062      0.1022194
      0.2000000     -4.8437500      0.0962679
      0.2000000     -4.7460938      0.0905884
      0.2000000     -4.6484375      0.0850939
      0.2000000     -4.5507812      0.0798834
      0.2000000     -4.4531250      0.0748833
      0.2000000     -4.3554688      0.0700888
      0.2000000     -4.2578125      0.0655822
      0.2000000     -4.1601562      0.0612350
      0.2000000     -4.0625000      0.0571160
      0.2000000     -3.9648438      0.0532684
      0.2000000     -3.8671875      0.0495432
      0.2000000     -3.7695312      0.0460393
      0.2000000     -3.6718750      0.0428084
      0.2000000     -3.5742188      0.0396702
      0.2000000     -3.4765625      0.0366970
      0.2000000     -3.3789062      0.0340246
      0.2000000     -3.2812500      0.0314622
      0.2000000     -3.1835938      0.0289397
      0.2000000     -3.0859375      0.0266940
      0.2000000     -2.9882812      0.0247021
      0.2000000     -2.8906250      0.0226757
      0.2000000     -2.7929688      0.0206805
      0.2000000     -2.6953125      0.0190348
      0.2000000     -2.5976562      0.0176359
      0.2000000     -2.5000000      0.0160938
      0.2000000     -2.4023438      0.0144646
      0.2000000     -2.3046875      0.0132011
      0.2000000     -2.2070312      0.0123366
      0.2000000     -2.1093750      0.0113663
      0.2000000     -2.0117188      0.0100750
      0.2000000     -1.9140625      0.0088755
      0.2000000     -1.8164062      0.0081780
      0.2000000     -1.7187500      0.0077399
      0.2000000     -1.6210938      0.0071113
      0.2000000     -1.5234375      0.0062762
      0.2000000     -1.4257812      0.0055155
      0.2000000     -1.3281250      0.0049253
      0.2000000     -1.2304688      0.0043745
      0.2000000     -1.1328125      0.0038739
      0.2000000     -1.0351562      0.0035945
      0.2000000     -0.9375000      0.0034936
      0.2000000     -0.8398438      0.0033215
      0.2000000     -0.7421875      0.0029941
      0.2000000     -0.6445312      0.0026447
      0.2000000     -0.5468750      0.0023671
      0.2000000     -0.4492188      0.0020683
      0.2000000     -0.3515625      0.0016571
      0.2000000     -0.2539062      0.0011989
      0.2000000     -0.1562500      0.0008189
      0.2000000     -0.0585938      0.0005042
      0.2000000      0.0390625      0.0002001
      0.2000000      0.1367188      0.0001437
      0.2000000      0.2343750      0.0001849
      0.2000000      0.3320312      0.0002417
      0.2000000      0.4296875      0.0002976
      0.2000000      0.5273438      0.0003490
      0.2000000      0.6250000      0.0003932
      0.2000000      0.7226562      0.0004283
      0.2000000      0.8203125      0.0004521
      0.2000000      0.9179688      0.0004619
      0.2000000      1.0156250      0.0004562
      0.2000000      1.1132812      0.0004326
      0.2000000      1.2109375      0.0003909
      0.2000000      1.3085938      0.0003321
      0.2000000      1.4062500      0.0002583
      0.2000000      1.5039062      0.0001746
      0.2000000      1.6015625      0.0000889
      0.2000000      1.6992188      0.0000224
      0.2000000      1.7968750      0.0000698
      0.2000000      1.8945312      0.0001157
      0.2000000      1.9921875      0.0001356
      0.2000000      2.0898438      0.0001279
      0.2000000      2.1875000      0.0000960
      0.2000000      2.2851562      0.0000482
      0.2000000      2.3828125      0.0000077
      0.2000000      2.4804688      0.0000458
      0.2000000      2.5781250      0.0000666
      0.2000000      2.6757812      0.0000634
      0.2000000      2.7734375      0.0000403
      0.2000000      2.8710938      0.0000135
      0.2000000      2.9687500      0.0000278
      0.2000000      3.0664062      0.0000406
      0.2000000      3.1640625      0.0000351
      0.2000000      3.2617188      0.0000181
      0.2000000      3.3593750      0.0000171
      0.2000000      3.4570312      0.0000269
      0.2000000      3.5546875      0.0000242
      0.2000000      3.6523438      0.0000139
      0.2000000      3.7500000      0.0000162
      0.2000000      3.8476562      0.0000203
      0.2000000      3.9453125      0.0000153
      0.2000000      4.0429688      0.0000120
      0.2000000      4.1406250      0.0000153
      0.2000000      4.2382812      0.0000132
      0.2000000      4.3359375      0.0000102
      0.2000000      4.4335938      0.0000124
      0.2000000      4.5312500      0.0000111
      0.2000000      4.6289062      0.0000091
      0.2000000      4.7265625      0.0000101
      0.2000000      4.8242188      0.0000089
      0.2000000      4.9218750      0.0000084
      0.2000000      5.0195312      0.0000084
      0.2000000      5.1171875      0.0000073
      0.2000000      5.2148438      0.0000077
      0.2000000      5.3125000      0.0000067
      0.2000000      5.4101562      0.0000067
      0.2000000      5.5078125      0.0000064
      0.2000000      5.6054688      0.0000058
      0.2000000      5.7031250      0.0000060
      0.2000000      5.8007812      0.0000051
      0.2000000      5.8984375      0.0000055
      0.2000000      5.9960938      0.0000047
      0.2000000      6.0937500      0.0000050
      0.2000000      6.1914062      0.0000043
      0.2000000      6.2890625      0.0000045
      0.2000000      6.3867188      0.0000040
      0.2000000      6.4843750      0.0000040
      0.2000000      6.5820312      0.0000039
      0.2000000      6.6796875      0.0000034
      0.2000000      6.7773438      0.0000036
      0.2000000      6.8750000      0.0000034
      0.2000000      6.9726562      0.0000030
      0.2000000      7.0703125      0.0000032
      0.2000000      7.1679688      0.0000031
      0.2000000      7.2656250      0.0000027
      0.2000000      7.3632812      0.0000026
      0.2000000      7.4609375      0.0000027
      0.2000000      7.5585938      0.0000028
      0.2000000      7.6562500      0.0000026
      0.2000000      7.7539062      0.0000023
      0.2000000      7.8515625      0.0000020
      0.2000000      7.9492188      0.0000019
      0.2000000      8.0468750      0.0000019
      0.2000000      8.1445312      0.0000019
      0.2000000      8.2421875      0.0000018
      0.2000000      8.3398438      0.0000017
      0.2000000      8.4375000      0.0000016
      0.2000000      8.5351562      0.0000015
      0.2000000      8.6328125      0.0000014
      0.2000000      8.7304688      0.0000015
      0.2000000      8.8281250      0.0000017
      0.2000000      8.9257812      0.0000019
      0.2000000      9.0234375      0.0000017
      0.2000000      9.1210938      0.0000012
      0.2000000      9.2187500      0.0000013
      0.2000000      9.3164062      0.0000018
      0.2000000      9.4140625      0.0000013
      0.2000000      9.5117188      0.0000012
      0.2000000      9.6093750      0.0000017
      0.2000000      9.7070312      0.0000008
      0.2000000      9.8046875      0.0000017
      0.2000000      9.9023438      0.0000010
      0.2000000     10.0000000      0.0000013
      0.2000000     10.0976562      0.0000020
      0.2000000     10.1953125      0.0000016
      0.2000000     10.2929688      0.0000008
      0.2000000     10.3906250      0.0000003
      0.2000000     10.4882812      0.0000001
      0.2000000     10.5859375      0.0000000
      0.2000000     10.6835938      0.0000000
      0.2000000     10.7812500      0.0000000
      0.2000000     10.8789062      0.0000000
      0.2000000     10.9765625      0.0000000
      0.2000000     11.0742188      0.0000000
      0.2000000     11.1718750      0.0000000
      0.2000000     11.2695312      0.0000000
      0.2000000     11.3671875      0.0000000
      0.2000000     11.4648438      0.0000000
      0.2000000     11.5625000      0.0000000
      0.2000000     11.6601562      0.0000000
      0.2000000     11.7578125      0.0000000
      0.2000000     11.8554688      0.0000000
      0.2000000     11.9531250      0.0000000
      0.2000000     12.0507812      0.0000000
      0.2000000     12.1484375      0.0000000
      0.2000000     12.2460938      0.0000000
      0.2000000     12.3437500      0.0000000
      0.2000000     12.4414062      0.0000000
      0.2000000     12.5390625      0.0000000
      0.2000000     12.6367188      0.0000000
      0.2000000     12.7343750      0.0000000
      0.2000000     12.8320312      0.0000000
      0.2000000     12.9296875      0.0000000
      0.2000000     13.0273438      0.0000000
      0.2000000     13.1250000      0.0000000
      0.2000000     13.2226562      0.0000000
      0.2000000     13.3203125      0.0000000
      0.2000000     13.4179688      0.0000000
      0.2000000     13.5156250      0.0000000
      0.2000000     13.6132812      0.0000000
      0.2000000     13.7109375      0.0000000
      0.2000000     13.8085938      0.0000000
      0.2000000     13.9062500      0.0000000
      0.2000000     14.0039062      0.0000000
      0.2000000     14.1015625      0.0000000
      0.2000000     14.1992188      0.0000000
      0.2000000     14.2968750      0.0000000
      0.2000000     14.3945312      0.0000000
      0.2000000     14.4921875      0.0000000
      0.2000000     14.5898438      0.0000000
      0.2000000     14.6875000      0.0000000
      0.2000000     14.7851562      0.0000000
      0.2000000     14.8828125      0.0000000
      0.2000000     14.9804688      0.0000000
      0.2000000     15.0781250      0.0000000
      0.2000000     15.1757812      0.0000000
      0.2000000     15.2734375      0.0000000
      0.2000000     15.3710938      0.0000000
      0.2000000     15.4687500      0.0000000
      0.2000000     15.5664062      0.0000000
      0.2000000     15.6640625      0.0000000
      0.2000000     15.7617188      0.0000000
      0.2000000     15.8593750      0.0000000
      0.2000000     15.9570312      0.0000000
      0.2000000     16.0546875      0.0000000
      0.2000000     16.1523438      0.0000000
      0.2000000     16.2500000      0.0000000
      0.2000000     16.3476562      0.0000000
      0.2000000     16.4453125      0.0000000
      0.2000000     16.5429688      0.0000000
      0.2000000     16.6406250      0.0000000
      0.2000000     16.7382812      0.0000000
      0.2000000     16.8359375      0.0000000
      0.2000000     16.9335938      0.0000000
      0.2000000     17.0312500      0.0000000
      0.2000000     17.1289062      0.0000000
      0.2000000     17.2265625      0.0000000
      0.2000000     17.3242188      0.0000000
      0.2000000     17.4218750      0.0000000
      0.2000000     17.5195312      0.0000000
      0.2000000     17.6171875      0.0000000
      0.2000000     17.7148438      0.0000000
      0.2000000     17.8125000      0.0000000
      0.2000000     17.9101562      0.0000000
      0.2000000     18.0078125      0.0000000
      0.2000000     18.1054688      0.0000000
      0.2000000     18.2031250      0.0000000
      0.2000000     18.3007812      0.0000000
      0.2000000     18.3984375      0.0000000
      0.2000000     18.4960938      0.0000000
      0.2000000     18.5937500      0.0000000
      0.2000000     18.6914062      0.0000000
      0.2000000     18.7890625      0.0000000
      0.2000000     18.8867188      0.0000000
      0.2000000     18.9843750      0.0000000
      0.2000000     19.0820312      0.0000000
      0.2000000     19.1796875      0.0000000
      0.2000000     19.2773438      0.0000000
      0.2000000     19.3750000      0.0000000
      0.2000000     19.4726562      0.0000000
      0.2000000     19.5703125      0.0000000
      0.2000000     19.6679688      0.0000000
      0.2000000     19.7656250      0.0000000
      0.2000000     19.8632812      0.0000000
      0.2000000     19.9609375      0.0000000


      0.3000000    -19.9804688      0.0000239
      0.3000000    -19.8828125      0.0001446
      0.3000000    -19.7851562      0.0002703
      0.3000000    -19.6875000      0.0004044
      0.3000000    -19.5898438      0.0005517
      0.3000000    -19.4921875      0.0007151
      0.3000000    -19.3945312      0.0008994
      0.3000000    -19.2968750      0.0011070
      0.3000000    -19.1992188      0.0013416
      0.3000000    -19.1015625      0.0016049
      0.3000000    -19.0039062      0.0018971
      0.3000000    -18.9062500      0.0022191
      0.3000000    -18.8085938      0.0025657
      0.3000000    -18.7109375      0.0029358
      0.3000000    -18.6132812      0.0033197
      0.3000000    -18.5156250      0.0037131
      0.3000000    -18.4179688      0.0041097
      0.3000000    -18.3203125      0.0045056
      0.3000000    -18.2226562      0.0049099
      0.3000000    -18.1250000      0.0053340
      0.3000000    -18.0273438      0.0058075
      0.3000000    -17.9296875      0.0063643
      0.3000000    -17.8320312      0.0070309
      0.3000000    -17.7343750      0.0078259
      0.3000000    -17.6367188      0.0087329
      0.3000000    -17.5390625      0.0097174
      0.3000000    -17.4414062      0.0107408
      0.3000000    -17.3437500      0.0117698
      0.3000000    -17.2460938      0.0128159
      0.3000000    -17.1484375      0.0139343
      0.3000000    -17.0507812      0.0151936
      0.3000000    -16.9531250      0.0166479
      0.3000000    -16.8554688      0.0182864
      0.3000000    -16.7578125      0.0200313
      0.3000000    -16.6601562      0.0218137
      0.3000000    -16.5625000      0.0236371
      0.3000000    -16.4648438      0.0255836
      0.3000000    -16.3671875      0.0277612
      0.3000000    -16.2695312      0.0301946
      0.3000000    -16.1718750      0.0327850
      0.3000000    -16.0742188      0.0354279
      0.3000000    -15.9765625      0.0381560
      0.3000000    -15.8789062      0.0411146
      0.3000000    -15.7812500      0.0443822
      0.3000000    -15.6835938      0.0478648
      0.3000000    -15.5859375      0.0514293
      0.3000000    -15.4882812      0.0551130
      0.3000000    -15.3906250      0.0590904
      0.3000000    -15.2929688      0.0634027
      0.3000000    -15.1953125      0.0678786
      0.3000000    -15.0976562      0.0724409
      0.3000000    -15.0000000      0.0772685
      0.3000000    -14.9023438      0.0824673
      0.3000000    -14.8046875      0.0878654
      0.3000000    -14.7070312      0.0933539
      0.3000000    -14.6093750      0.0991362
      0.3000000    -14.5117188      0.1052918
      0.3000000    -14.4140625      0.1115909
      0.3000000    -14.3164062      0.1180124
      0.3000000    -14.2187500      0.1248088
      0.3000000    -14.1210938      0.1318869
      0.3000000    -14.0234375      0.1390248
      0.3000000    -13.9257812      0.1464265
      0.3000000    -13.8281250      0.1541773
      0.3000000    -13.7304688      0.1619932
      0.3000000    -13.6328125      0.1699840
      0.3000000    -13.5351562      0.1783276
      0.3000000    -13.4375000      0.1867243
      0.3000000    -13.3398438      0.1952411
      0.3000000    -13.2421875      0.2040757
      0.3000000    -13.1445312      0.2129107
      0.3000000    -13.0468750      0.2218608
      0.3000000    -12.9492188      0.2310588
      0.3000000    -12.8515625      0.2401725
      0.3000000    -12.7539062      0.2494397
      0.3000000    -12.6562500      0.2588118
      0.3000000    -12.5585938      0.2680557
      0.3000000    -12.4609375      0.2774770
      0.3000000    -12.3632812      0.2867714
      0.3000000    -12.2656250      0.2960275
      0.3000000    -12.1679688      0.3053265
      0.3000000    -12.0703125      0.3143694
      0.3000000    -11.9726562      0.3234731
      0.3000000    -11.8750000      0.3323065
      0.3000000    -11.7773438      0.3410510
      0.3000000    -11.6796875      0.3496059
      0.3000000    -11.5820312      0.3578797
      0.3000000    -11.4843750      0.3660424
      0.3000000    -11.3867188      0.3737842
      0.3000000    -11.2890625      0.3814064
      0.3000000    -11.1914062      0.3885530
      0.3000000    -11.0937500      0.3955261
      0.3000000    -10.9960938      0.4019852
      0.3000000    -10.8984375      0.4082186
      0.3000000    -10.8007812      0.4139111
      0.3000000    -10.7031250      0.4193158
      0.3000000    -10.6054688      0.4241639
      0.3000000    -10.5078125      0.4286778
      0.3000000    -10.4101562      0.4325977
      0.3000000    -10.3125000      0.4361743
      0.3000000    -10.2148438      0.4391028
      0.3000000    -10.1171875      0.4416886
      0.3000000    -10.0195312      0.4435966
      0.3000000     -9.9218750      0.4451306
      0.3000000     -9.8242188      0.4460193
      0.3000000     -9.7265625      0.4464468
      0.3000000     -9.6289062      0.4463350
      0.3000000     -9.5312500      0.4456358
      0.3000000     -9.4335938      0.4445264
      0.3000000     -9.3359375      0.4427477
      0.3000000     -9.2382812      0.4405912
      0.3000000     -9.1406250      0.4378342
      0.3000000     -9.0429688      0.4345793
      0.3000000     -8.9453125      0.4309008
      0.3000000     -8.8476562      0.4266462
      0.3000000     -8.7500000      0.4219996
      0.3000000     -8.6523438      0.4169376
      0.3000000     -8.5546875      0.4113375
      0.3000000     -8.4570312      0.4054420
      0.3000000     -8.3593750      0.3991015
      0.3000000     -8.2617188      0.3923553
      0.3000000     -8.1640625      0.3853365
      0.3000000     -8.0664062      0.3780068
      0.3000000     -7.9687500      0.3702631
      0.3000000     -7.8710938      0.3623276
      0.3000000     -7.7734375      0.3541715
      0.3000000     -7.6757812      0.3457225
      0.3000000     -7.5781250      0.3370679
      0.3000000     -7.4804688      0.3282771
      0.3000000     -7.3828125      0.3193757
      0.3000000     -7.2851562      0.3102505
      0.3000000     -7.1875000      0.3010448
      0.3000000     -7.0898438      0.2918193
      0.3000000     -6.9921875      0.2825424
      0.3000000     -6.8945312      0.2732052
      0.3000000     -6.7968750      0.2638017
      0.3000000     -6.6992188      0.2544924
      0.3000000     -6.6015625      0.2452286
      0.3000000     -6.5039062      0.2359978
      0.3000000     -6.4062500      0.2268898
      0.3000000     -6.3085938      0.2177905
      0.3000000     -6.2109375      0.2088129
      0.3000000     -6.1132812      0.2000136
      0.3000000     -6.0156250      0.1913247
      0.3000000     -5.9179688      0.1828146
      0.3000000     -5.8203125      0.1745077
      0.3000000     -5.7226562      0.1663732
      0.3000000     -5.6250000      0.1583522
      0.3000000     -5.5273438      0.1506694
      0.3000000     -5.4296875      0.1430884
      0.3000000     -5.3320312      0.1357274
      0.3000000     -5.2343750      0.1286183
      0.3000000     -5.1367188      0.1218081
      0.3000000     -5.0390625      0.1150524
      0.3000000     -4.9414062      0.1086255
      0.3000000     -4.8437500      0.1025245
      0.3000000     -4.7460938      0.0964900
      0.3000000     -4.6484375      0.0907093
      0.3000000     -4.5507812      0.0853247
      0.3000000     -4.4531250      0.0801854
      0.3000000     -4.3554688      0.0750986
      0.3000000     -4.2578125      0.0701982
      0.3000000     -4.1601562      0.0657339
      0.3000000     -4.0625000      0.0615541
      0.3000000     -3.9648438      0.0573503
      0.3000000     -3.8671875      0.0532569
      0.3000000     -3.7695312      0.0496337
      0.3000000     -3.6718750      0.0463802
      0.3000000     -3.5742188      0.0430643
      0.3000000     -3.4765625      0.0396723
      0.3000000     -3.3789062      0.0366582
      0.3000000     -3.2812500      0.0341765
      0.3000000     -3.1835938      0.0317963
      0.3000000     -3.0859375      0.0291908
      0.3000000     -2.9882812      0.0266272
      0.3000000     -2.8906250      0.0245177
      0.3000000     -2.7929688      0.0227908
      0.3000000     -2.6953125      0.0210741
      0.3000000     -2.5976562      0.0192636
      0.3000000     -2.5000000      0.0175464
      0.3000000     -2.4023438      0.0160154
      0.3000000     -2.3046875      0.0145896
      0.3000000     -2.2070312      0.0132803
      0.3000000     -2.1093750      0.0122098
      0.3000000     -2.0117188      0.0113298
      0.3000000     -1.9140625      0.0104103
      0.3000000     -1.8164062      0.0093578
      0.3000000     -1.7187500      0.0083258
      0.3000000     -1.6210938      0.0074601
      0.3000000     -1.5234375      0.0067094
      0.3000000     -1.4257812      0.0060008
      0.3000000     -1.3281250      0.0054177
      0.3000000     -1.2304688      0.0050386
      0.3000000     -1.1328125      0.0047476
      0.3000000     -1.0351562      0.0043975
      0.3000000     -0.9375000      0.0040080
      0.3000000     -0.8398438      0.0036719
      0.3000000     -0.7421875      0.0033637
      0.3000000     -0.6445312      0.0029845
      0.3000000     -0.5468750      0.0025328
      0.3000000     -0.4492188      0.0021054
      0.3000000     -0.3515625      0.0017401
      0.3000000     -0.2539062      0.0013619
      0.3000000     -0.1562500      0.0009205
      0.3000000     -0.0585938      0.0004682
      0.3000000      0.0390625      0.0001274
      0.3000000      0.1367188      0.0000866
      0.3000000      0.2343750      0.0001282
      0.3000000      0.3320312      0.0001724
      0.3000000      0.4296875      0.0002154
      0.3000000      0.5273438      0.0002560
      0.3000000      0.6250000      0.0002938
      0.3000000      0.7226562      0.0003276
      0.3000000      0.8203125      0.0003570
      0.3000000      0.9179688      0.0003807
      0.3000000      1.0156250      0.0003979
      0.3000000      1.1132812      0.0004076
      0.3000000      1.2109375      0.0004084
      0.3000000      1.3085938      0.0004000
      0.3000000      1.4062500      0.0003814
      0.3000000      1.5039062      0.0003526
      0.3000000      1.6015625      0.0003144
      0.3000000      1.6992188      0.0002671
      0.3000000      1.7968750      0.0002132
      0.3000000      1.8945312      0.0001553
      0.3000000      1.9921875      0.0000970
      0.3000000      2.0898438      0.0000466
      0.3000000      2.1875000      0.0000379
      0.3000000      2.2851562      0.0000697
      0.3000000      2.3828125      0.0000968
      0.3000000      2.4804688      0.0001109
      0.3000000      2.5781250      0.0001111
      0.3000000      2.6757812      0.0000985
      0.3000000      2.7734375      0.0000764
      0.3000000      2.8710938      0.0000519
      0.3000000      2.9687500      0.0000378
      0.3000000      3.0664062      0.0000437
      0.3000000      3.1640625      0.0000550
      0.3000000      3.2617188      0.0000595
      0.3000000      3.3593750      0.0000549
      0.3000000      3.4570312      0.0000440
      0.3000000      3.5546875      0.0000339
      0.3000000      3.6523438      0.0000323
      0.3000000      3.7500000      0.0000366
      0.3000000      3.8476562      0.0000386
      0.3000000      3.9453125      0.0000353
      0.3000000      4.0429688      0.0000295
      0.3000000      4.1406250      0.0000264
      0.3000000      4.2382812      0.0000275
      0.3000000      4.3359375      0.0000282
      0.3000000      4.4335938      0.0000261
      0.3000000      4.5312500      0.0000228
      0.3000000      4.6289062      0.0000217
      0.3000000      4.7265625      0.0000221
      0.3000000      4.8242188      0.0000214
      0.3000000      4.9218750      0.0000194
      0.3000000      5.0195312      0.0000182
      0.3000000      5.1171875      0.0000181
      0.3000000      5.2148438      0.0000176
      0.3000000      5.3125000      0.0000163
      0.3000000      5.4101562      0.0000154
      0.3000000      5.5078125      0.0000151
      0.3000000      5.6054688      0.0000144
      0.3000000      5.7031250      0.0000134
      0.3000000      5.8007812      0.0000129
      0.3000000      5.8984375      0.0000125
      0.3000000      5.9960938      0.0000120
      0.3000000      6.0937500      0.0000116
      0.3000000      6.1914062      0.0000113
      0.3000000      6.2890625      0.0000107
      0.3000000      6.3867188      0.0000101
      0.3000000      6.4843750      0.0000097
      0.3000000      6.5820312      0.0000095
      0.3000000      6.6796875      0.0000092
      0.3000000      6.7773438      0.0000088
      0.3000000      6.8750000      0.0000083
      0.3000000      6.9726562      0.0000081
      0.3000000      7.0703125      0.0000080
      0.3000000      7.1679688      0.0000076
      0.3000000      7.2656250      0.0000071
      0.3000000      7.3632812      0.0000071
      0.3000000      7.4609375      0.0000069
      0.3000000      7.5585938      0.0000064
      0.3000000      7.6562500      0.0000063
      0.3000000      7.7539062      0.0000063
      0.3000000      7.8515625      0.0000058
      0.3000000      7.9492188      0.0000057
      0.3000000      8.0468750      0.0000056
      0.3000000      8.1445312      0.0000052
      0.3000000      8.2421875      0.0000053
      0.3000000      8.3398438      0.0000049
      0.3000000      8.4375000      0.0000048
      0.3000000      8.5351562      0.0000048
      0.3000000      8.6328125      0.0000044
      0.3000000      8.7304688      0.0000045
      0.3000000      8.8281250      0.0000041
      0.3000000      8.9257812      0.0000043
      0.3000000      9.0234375      0.0000038
      0.3000000      9.1210938      0.0000040
      0.3000000      9.2187500      0.0000036
      0.3000000      9.3164062      0.0000038
      0.3000000      9.4140625      0.0000034
      0.3000000      9.5117188      0.0000035
      0.3000000      9.6093750      0.0000034
      0.3000000      9.7070312      0.0000032
      0.3000000      9.8046875      0.0000033
      0.3000000      9.9023438      0.0000029
      0.3000000     10.0000000      0.0000031
      0.3000000     10.0976562      0.0000030
      0.3000000     10.1953125      0.0000027
      0.3000000     10.2929688      0.0000029
      0.3000000     10.3906250      0.0000027
      0.3000000     10.4882812      0.0000024
      0.3000000     10.5859375      0.0000026
      0.3000000     10.6835938      0.0000026
      0.3000000     10.7812500      0.0000023
      0.3000000     10.8789062      0.0000022
      0.3000000     10.9765625      0.0000024
      0.3000000     11.0742188      0.0000024
      0.3000000     11.1718750      0.0000021
      0.3000000     11.2695312      0.0000019
      0.3000000     11.3671875      0.0000020
      0.3000000     11.4648438      0.0000021
      0.3000000     11.5625000      0.0000021
      0.3000000     11.6601562      0.0000021
      0.3000000     11.7578125      0.0000019
      0.3000000     11.8554688      0.0000017
      0.3000000     11.9531250      0.0000016
      0.3000000     12.0507812      0.0000015
      0.3000000     12.1484375      0.0000015
      0.3000000     12.2460938      0.0000015
      0.3000000     12.3437500      0.0000014
      0.3000000     12.4414062      0.0000014
      0.3000000     12.5390625      0.0000014
      0.3000000     12.6367188      0.0000013
      0.3000000     12.7343750      0.0000012
      0.3000000     12.8320312      0.0000012
      0.3000000     12.9296875      0.0000013
      0.3000000     13.0273438      0.0000014
      0.3000000     13.1250000      0.0000015
      0.3000000     13.2226562      0.0000016
      0.3000000     13.3203125      0.0000014
      0.3000000     13.4179688      0.0000011
      0.3000000     13.5156250      0.0000010
      0.3000000     13.6132812      0.0000013
      0.3000000     13.7109375      0.0000015
      0.3000000     13.8085938      0.0000011
      0.3000000     13.9062500      0.0000009
      0.3000000     14.0039062      0.0000014
      0.3000000     14.1015625      0.0000012
      0.3000000     14.1992188      0.0000009
      0.3000000     14.2968750      0.0000014
      0.3000000     14.3945312      0.0000008
      0.3000000     14.4921875      0.0000013
      0.3000000     14.5898438      0.0000008
      0.3000000     14.6875000      0.0000013
      0.3000000     14.7851562      0.0000007
      0.3000000     14.8828125      0.0000015
      0.3000000     14.9804688      0.0000007
      0.3000000     15.0781250      0.0000010
      0.3000000     15.1757812      0.0000017
      0.3000000     15.2734375      0.0000016
      0.3000000     15.3710938      0.0000010
      0.3000000     15.4687500      0.0000005
      0.3000000     15.5664062      0.0000002
      0.3000000     15.6640625      0.0000001
      0.3000000     15.7617188      0.0000000
      0.3000000     15.8593750      0.0000000
      0.3000000     15.9570312      0.0000000
      0.3000000     16.0546875      0.0000000
      0.3000000     16.1523438      0.0000000
      0.3000000     16.2500000      0.0000000
      0.3000000     16.3476562      0.0000000
      0.3000000     16.4453125      0.0000000
      0.3000000     16.5429688      0.0000000
      0.3000000     16.6406250      0.0000000
      0.3000000     16.7382812      0.0000000
      0.3000000     16.8359375      0.0000000
      0.3000000     16.9335938      0.0000000
      0.3000000     17.0312500      0.0000000
      0.3000000     17.1289062      0.0000000
      0.3000000     17.2265625      0.0000000
      0.3000000     17.3242188      0.0000000
      0.3000000     17.4218750      0.0000000
      0.3000000     17.5195312      0.0000000
      0.3000000     17.6171875      0.0000000
      0.3000000     17.7148438      0.0000000
      0.3000000     17.8125000      0.0000000
      0.3000000     17.9101562      0.0000000
      0.3000000     18.0078125      0.0000000
      0.3000000     18.1054688      0.0000000
      0.3000000     18.2031250      0.0000000
      0.3000000     18.3007812      0.0000000
      0.3000000     18.3984375      0.0000000
      0.3000000     18.4960938      0.0000000
      0.3000000     18.5937500      0.0000000
      0.3000000     18.6914062      0.0000000
      0.3000000     18.7890625      0.0000000
      0.3000000     18.8867188      0.0000000
      0.3000000     18.9843750      0.0000000
      0.3000000     19.0820312      0.0000000
      0.3000000     19.1796875      0.0000000
      0.3000000     19.2773438      0.0000000
      0.3000000     19.3750000      0.0000000
      0.3000000     19.4726562      0.0000000
      0.3000000     19.5703125      0.0000000
      0.3000000     19.6679688      0.0000000
      0.3000000     19.7656250      0.0000000
      0.3000000     19.8632812      0.0000000
      0.3000000     19.9609375      0.0000000


      0.4000000    -19.9804688      0.0000180
      0.4000000    -19.8828125      0.0001208
      0.4000000    -19.7851562      0.0002251
      0.4000000    -19.6875000      0.0003386
      0.4000000    -19.5898438      0.0004597
      0.4000000    -19.4921875      0.0005915
      0.4000000    -19.3945312      0.0007397
      0.4000000    -19.2968750      0.0009078
      0.4000000    -19.1992188      0.0010961
      0.4000000    -19.1015625      0.0013097
      0.4000000    -19.0039062      0.0015495
      0.4000000    -18.9062500      0.0018196
      0.4000000    -18.8085938      0.0021200
      0.4000000    -18.7109375      0.0024522
      0.4000000    -18.6132812      0.0028165
      0.4000000    -18.5156250      0.0032091
      0.4000000    -18.4179688      0.0036310
      0.4000000    -18.3203125      0.0040750
      0.4000000    -18.2226562      0.0045396
      0.4000000    -18.1250000      0.0050226
      0.4000000    -18.0273438      0.0055207
      0.4000000    -17.9296875      0.0060427
      0.4000000    -17.8320312      0.0065946
      0.4000000    -17.7343750      0.0071942
      0.4000000    -17.6367188      0.0078630
      0.4000000    -17.5390625      0.0086217
      0.4000000    -17.4414062      0.0094937
      0.4000000    -17.3437500      0.0104874
      0.4000000    -17.2460938      0.0116038
      0.4000000    -17.1484375      0.0128259
      0.4000000    -17.0507812      0.0141231
      0.4000000    -16.9531250      0.0154765
      0.4000000    -16.8554688      0.0168761
      0.4000000    -16.7578125      0.0183374
      0.4000000    -16.6601562      0.0199042
      0.4000000    -16.5625000      0.0216207
      0.4000000    -16.4648438      0.0235278
      0.4000000    -16.3671875      0.0256405
      0.4000000    -16.2695312      0.0279240
      0.4000000    -16.1718750      0.0303258
      0.4000000    -16.0742188      0.0328128
      0.4000000    -15.9765625      0.0353971
      0.4000000    -15.8789062      0.0381438
      0.4000000    -15.7812500      0.0411256
      0.4000000    -15.6835938      0.0443720
      0.4000000    -15.5859375      0.0478532
      0.4000000    -15.4882812      0.0514915
      0.4000000    -15.3906250      0.0552360
      0.4000000    -15.2929688      0.0591375
      0.4000000    -15.1953125      0.0632992
      0.4000000    -15.0976562      0.0677712
      0.4000000    -15.0000000      0.0725147
      0.4000000    -14.9023438      0.0774322
      0.4000000    -14.8046875      0.0824754
      0.4000000    -14.7070312      0.0877313
      0.4000000    -14.6093750      0.0933136
      0.4000000    -14.5117188      0.0992140
      0.4000000    -14.4140625      0.1053212
      0.4000000    -14.3164062      0.1115501
      0.4000000    -14.2187500      0.1179817
      0.4000000    -14.1210938      0.1247604
      0.4000000    -14.0234375      0.1318382
      0.4000000    -13.9257812      0.1390642
      0.4000000    -13.8281250      0.1464117
      0.4000000    -13.7304688      0.1540086
      0.4000000    -13.6328125      0.1619410
      0.4000000    -13.5351562      0.1700468
      0.4000000    -13.4375000      0.1782127
      0.4000000    -13.3398438      0.1865670
      0.4000000    -13.2421875      0.1952063
      0.4000000    -13.1445312      0.2040080
      0.4000000    -13.0468750      0.2128021
      0.4000000    -12.9492188      0.2217363
      0.4000000    -12.8515625      0.2309082
      0.4000000    -12.7539062      0.2401318
      0.4000000    -12.6562500      0.2493009
      0.4000000    -12.5585938      0.2585778
      0.4000000    -12.4609375      0.2680010
      0.4000000    -12.3632812      0.2773064
      0.4000000    -12.2656250      0.2865560
      0.4000000    -12.1679688      0.2958896
      0.4000000    -12.0703125      0.3051568
      0.4000000    -11.9726562      0.3141891
      0.4000000    -11.8750000      0.3232287
      0.4000000    -11.7773438      0.3321803
      0.4000000    -11.6796875      0.3408411
      0.4000000    -11.5820312      0.3493484
      0.4000000    -11.4843750      0.3577638
      0.4000000    -11.3867188      0.3657804
      0.4000000    -11.2890625      0.3735817
      0.4000000    -11.1914062      0.3811927
      0.4000000    -11.0937500      0.3883750
      0.4000000    -10.9960938      0.3952366
      0.4000000    -10.8984375      0.4018677
      0.4000000    -10.8007812      0.4079476
      0.4000000    -10.7031250      0.4137234
      0.4000000    -10.6054688      0.4191235
      0.4000000    -10.5078125      0.4239489
      0.4000000    -10.4101562      0.4284603
      0.4000000    -10.3125000      0.4324544
      0.4000000    -10.2148438      0.4359106
      0.4000000    -10.1171875      0.4389936
      0.4000000    -10.0195312      0.4414647
      0.4000000     -9.9218750      0.4434565
      0.4000000     -9.8242188      0.4449838
      0.4000000     -9.7265625      0.4458644
      0.4000000     -9.6289062      0.4463482
      0.4000000     -9.5312500      0.4462068
      0.4000000     -9.4335938      0.4455617
      0.4000000     -9.3359375      0.4444313
      0.4000000     -9.2382812      0.4426860
      0.4000000     -9.1406250      0.4405354
      0.4000000     -9.0429688      0.4377631
      0.4000000     -8.9453125      0.4345930
      0.4000000     -8.8476562      0.4308425
      0.4000000     -8.7500000      0.4266926
      0.4000000     -8.6523438      0.4220362
      0.4000000     -8.5546875      0.4169225
      0.4000000     -8.4570312      0.4114680
      0.4000000     -8.3593750      0.4054485
      0.4000000     -8.2617188      0.3992234
      0.4000000     -8.1640625      0.3924689
      0.4000000     -8.0664062      0.3854799
      0.4000000     -7.9687500      0.3780802
      0.4000000     -7.8710938      0.3704954
      0.4000000     -7.7734375      0.3624597
      0.4000000     -7.6757812      0.3543744
      0.4000000     -7.5781250      0.3459042
      0.4000000     -7.4804688      0.3373158
      0.4000000     -7.3828125      0.3284877
      0.4000000     -7.2851562      0.3196404
      0.4000000     -7.1875000      0.3104569
      0.4000000     -7.0898438      0.3013655
      0.4000000     -6.9921875      0.2921066
      0.4000000     -6.8945312      0.2828308
      0.4000000     -6.7968750      0.2734156
      0.4000000     -6.6992188      0.2641843
      0.4000000     -6.6015625      0.2548504
      0.4000000     -6.5039062      0.2454927
      0.4000000     -6.4062500      0.2363017
      0.4000000     -6.3085938      0.2271925
      0.4000000     -6.2109375      0.2181525
      0.4000000     -6.1132812      0.2090664
      0.4000000     -6.0156250      0.2003747
      0.4000000     -5.9179688      0.1917626
      0.4000000     -5.8203125      0.1831676
      0.4000000     -5.7226562      0.1747565
      0.4000000     -5.6250000      0.1666358
      0.4000000     -5.5273438      0.1588349
      0.4000000     -5.4296875      0.1509260
      0.4000000     -5.3320312      0.1432206
      0.4000000     -5.2343750      0.1360279
      0.4000000     -5.1367188      0.1290424
      0.4000000     -5.0390625      0.1221058
      0.4000000     -4.9414062      0.1152165
      0.4000000     -4.8437500      0.1087635
      0.4000000     -4.7460938      0.1028881
      0.4000000     -4.6484375      0.0969963
      0.4000000     -4.5507812      0.0909881
      0.4000000     -4.4531250      0.0853753
      0.4000000     -4.3554688      0.0802972
      0.4000000     -4.2578125      0.0755044
      0.4000000     -4.1601562      0.0707130
      0.4000000     -4.0625000      0.0658971
      0.4000000     -3.9648438      0.0614245
      0.4000000     -3.8671875      0.0574820
      0.4000000     -3.7695312      0.0537429
      0.4000000     -3.6718750      0.0499921
      0.4000000     -3.5742188      0.0464158
      0.4000000     -3.4765625      0.0431059
      0.4000000     -3.3789062      0.0399177
      0.4000000     -3.2812500      0.0368728
      0.4000000     -3.1835938      0.0341828
      0.4000000     -3.0859375      0.0318205
      0.4000000     -2.9882812      0.0294777
      0.4000000     -2.8906250      0.0270359
      0.4000000     -2.7929688      0.0247277
      0.4000000     -2.6953125      0.0227232
      0.4000000     -2.5976562      0.0208997
      0.4000000     -2.5000000      0.0191676
      0.4000000     -2.4023438      0.0176114
      0.4000000     -2.3046875      0.0162585
      0.4000000     -2.2070312      0.0150161
      0.4000000     -2.1093750      0.0137373
      0.4000000     -2.0117188      0.0123871
      0.4000000     -1.9140625      0.0111521
      0.4000000     -1.8164062      0.0100754
      0.4000000     -1.7187500      0.0090604
      0.4000000     -1.6210938      0.0081741
      0.4000000     -1.5234375      0.0074384
      0.4000000     -1.4257812      0.0068795
      0.4000000     -1.3281250      0.0063750
      0.4000000     -1.2304688      0.0058313
      0.4000000     -1.1328125      0.0053756
      0.4000000     -1.0351562      0.0049527
      0.4000000     -0.9375000      0.0045718
      0.4000000     -0.8398438      0.0040897
      0.4000000     -0.7421875      0.0036343
      0.4000000     -0.6445312      0.0031957
      0.4000000     -0.5468750      0.0028041
      0.4000000     -0.4492188      0.0023321
      0.4000000     -0.3515625      0.0018631
      0.4000000     -0.2539062      0.0013834
      0.4000000     -0.1562500      0.0009993
      0.4000000     -0.0585938      0.0005366
      0.4000000      0.0390625      0.0001728
      0.4000000      0.1367188      0.0000644
      0.4000000      0.2343750      0.0001397
      0.4000000      0.3320312      0.0001373
      0.4000000      0.4296875      0.0001209
      0.4000000      0.5273438      0.0001906
      0.4000000      0.6250000      0.0002439
      0.4000000      0.7226562      0.0002669
      0.4000000      0.8203125      0.0002869
      0.4000000      0.9179688      0.0003106
      0.4000000      1.0156250      0.0003322
      0.4000000      1.1132812      0.0003492
      0.4000000      1.2109375      0.0003614
      0.4000000      1.3085938      0.0003687
      0.4000000      1.4062500      0.0003705
      0.4000000      1.5039062      0.0003662
      0.4000000      1.6015625      0.0003558
      0.4000000      1.6992188      0.0003388
      0.4000000      1.7968750      0.0003155
      0.4000000      1.8945312      0.0002864
      0.4000000      1.9921875      0.0002520
      0.4000000      2.0898438      0.0002137
      0.4000000      2.1875000      0.0001732
      0.4000000      2.2851562      0.0001326
      0.4000000      2.3828125      0.0000960
      0.4000000      2.4804688      0.0000701
      0.4000000      2.5781250      0.0000633
      0.4000000      2.6757812      0.0000734
      0.4000000      2.7734375      0.0000880
      0.4000000      2.8710938      0.0000988
      0.4000000      2.9687500      0.0001028
      0.4000000      3.0664062      0.0000996
      0.4000000      3.1640625      0.0000906
      0.4000000      3.2617188      0.0000776
      0.4000000      3.3593750      0.0000641
      0.4000000      3.4570312      0.0000548
      0.4000000      3.5546875      0.0000526
      0.4000000      3.6523438      0.0000552
      0.4000000      3.7500000      0.0000580
      0.4000000      3.8476562      0.0000580
      0.4000000      3.9453125      0.0000547
      0.4000000      4.0429688      0.0000494
      0.4000000      4.1406250      0.0000441
      0.4000000      4.2382812      0.0000411
      0.4000000      4.3359375      0.0000405
      0.4000000      4.4335938      0.0000407
      0.4000000      4.5312500      0.0000399
      0.4000000      4.6289062      0.0000377
      0.4000000      4.7265625      0.0000349
      0.4000000      4.8242188      0.0000329
      0.4000000      4.9218750      0.0000319
      0.4000000      5.0195312      0.0000314
      0.4000000      5.1171875      0.0000304
      0.4000000      5.2148438      0.0000287
      0.4000000      5.3125000      0.0000270
      0.4000000      5.4101562      0.0000259
      0.4000000      5.5078125      0.0000252
      0.4000000      5.6054688      0.0000245
      0.4000000      5.7031250      0.0000234
      0.4000000      5.8007812      0.0000224
      0.4000000      5.8984375      0.0000216
      0.4000000      5.9960938      0.0000210
      0.4000000      6.0937500      0.0000203
      0.4000000      6.1914062      0.0000195
      0.4000000      6.2890625      0.0000187
      0.4000000      6.3867188      0.0000181
      0.4000000      6.4843750      0.0000175
      0.4000000      6.5820312      0.0000169
      0.4000000      6.6796875      0.0000162
      0.4000000      6.7773438      0.0000157
      0.4000000      6.8750000      0.0000151
      0.4000000      6.9726562      0.0000146
      0.4000000      7.0703125      0.0000140
      0.4000000      7.1679688      0.0000136
      0.4000000      7.2656250      0.0000131
      0.4000000      7.3632812      0.0000127
      0.4000000      7.4609375      0.0000124
      0.4000000      7.5585938      0.0000121
      0.4000000      7.6562500      0.0000118
      0.4000000      7.7539062      0.0000114
      0.4000000      7.8515625      0.0000110
      0.4000000      7.9492188      0.0000105
      0.4000000      8.0468750      0.0000101
      0.4000000      8.1445312      0.0000098
      0.4000000      8.2421875      0.0000097
      0.4000000      8.3398438      0.0000095
      0.4000000      8.4375000      0.0000092
      0.4000000      8.5351562      0.0000088
      0.4000000      8.6328125      0.0000084
      0.4000000      8.7304688      0.0000082
      0.4000000      8.8281250      0.0000082
      0.4000000      8.9257812      0.0000080
      0.4000000      9.0234375      0.0000076
      0.4000000      9.1210938      0.0000073
      0.4000000      9.2187500      0.0000072
      0.4000000      9.3164062      0.0000071
      0.4000000      9.4140625      0.0000068
      0.4000000      9.5117188      0.0000065
      0.4000000      9.6093750      0.0000065
      0.4000000      9.7070312      0.0000064
      0.4000000      9.8046875      0.0000060
      0.4000000      9.9023438      0.0000059
      0.4000000     10.0000000      0.0000059
      0.4000000     10.0976562      0.0000056
      0.4000000     10.1953125      0.0000054
      0.4000000     10.2929688      0.0000055
      0.4000000     10.3906250      0.0000052
      0.4000000     10.4882812      0.0000050
      0.4000000     10.5859375      0.0000051
      0.4000000     10.6835938      0.0000047
      0.4000000     10.7812500      0.0000047
      0.4000000     10.8789062      0.0000047
      0.4000000     10.9765625      0.0000044
      0.4000000     11.0742188      0.0000045
      0.4000000     11.1718750      0.0000042
      0.4000000     11.2695312      0.0000042
      0.4000000     11.3671875      0.0000041
      0.4000000     11.4648438      0.0000039
      0.4000000     11.5625000      0.0000040
      0.4000000     11.6601562      0.0000037
      0.4000000     11.7578125      0.0000038
      0.4000000     11.8554688      0.0000035
      0.4000000     11.9531250      0.0000037
      0.4000000     12.0507812      0.0000033
      0.4000000     12.1484375      0.0000035
      0.4000000     12.2460938      0.0000032
      0.4000000     12.3437500      0.0000034
      0.4000000     12.4414062      0.0000031
      0.4000000     12.5390625      0.0000032
      0.4000000     12.6367188      0.0000030
      0.4000000     12.7343750      0.0000029
      0.4000000     12.8320312      0.0000030
      0.4000000     12.9296875      0.0000027
      0.4000000     13.0273438      0.0000029
      0.4000000     13.1250000      0.0000026
      0.4000000     13.2226562      0.0000027
      0.4000000     13.3203125      0.0000027
      0.4000000     13.4179688      0.0000024
      0.4000000     13.5156250      0.0000026
      0.4000000     13.6132812      0.0000025
      0.4000000     13.7109375      0.0000022
      0.4000000     13.8085938      0.0000024
      0.4000000     13.9062500      0.0000024
      0.4000000     14.0039062      0.0000021
      0.4000000     14.1015625      0.0000022
      0.4000000     14.1992188      0.0000023
      0.4000000     14.2968750      0.0000020
      0.4000000     14.3945312      0.0000020
      0.4000000     14.4921875      0.0000021
      0.4000000     14.5898438      0.0000021
      0.4000000     14.6875000      0.0000019
      0.4000000     14.7851562      0.0000018
      0.4000000     14.8828125      0.0000019
      0.4000000     14.9804688      0.0000020
      0.4000000     15.0781250      0.0000019
      0.4000000     15.1757812      0.0000017
      0.4000000     15.2734375      0.0000016
      0.4000000     15.3710938      0.0000016
      0.4000000     15.4687500      0.0000017
      0.4000000     15.5664062      0.0000018
      0.4000000     15.6640625      0.0000018
      0.4000000     15.7617188      0.0000017
      0.4000000     15.8593750      0.0000016
      0.4000000     15.9570312      0.0000015
      0.4000000     16.0546875      0.0000014
      0.4000000     16.1523438      0.0000013
      0.4000000     16.2500000      0.0000013
      0.4000000     16.3476562      0.0000012
      0.4000000     16.4453125      0.0000012
      0.4000000     16.5429688      0.0000012
      0.4000000     16.6406250      0.0000012
      0.4000000     16.7382812      0.0000011
      0.4000000     16.8359375      0.0000011
      0.4000000     16.9335938      0.0000011
      0.4000000     17.0312500      0.0000011
      0.4000000     17.1289062      0.0000011
      0.4000000     17.2265625      0.0000012
      0.4000000     17.3242188      0.0000013
      0.4000000     17.4218750      0.0000014
      0.4000000     17.5195312      0.0000014
      0.4000000     17.6171875      0.0000012
      0.4000000     17.7148438      0.0000010
      0.4000000     17.8125000      0.0000009
      0.4000000     17.9101562      0.0000011
      0.4000000     18.0078125      0.0000013
      0.4000000     18.1054688      0.0000012
      0.4000000     18.2031250      0.0000008
      0.4000000     18.3007812      0.0000009
      0.4000000     18.3984375      0.0000012
      0.4000000     18.4960938      0.0000011
      0.4000000     18.5937500      0.0000007
      0.4000000     18.6914062      0.0000011
      0.4000000     18.7890625      0.0000011
      0.4000000     18.8867188      0.0000007
      0.4000000     18.9843750      0.0000012
      0.4000000     19.0820312      0.0000008
      0.4000000     19.1796875      0.0000010
      0.4000000     19.2773438      0.0000012
      0.4000000     19.3750000      0.0000004
      0.4000000     19.4726562      0.0000005
      0.4000000     19.5703125      0.0000019
      0.4000000     19.6679688      0.0000026
      0.4000000     19.7656250      0.0000007
      0.4000000     19.8632812      0.0000001
      0.4000000     19.9609375      0.0000006


      0.5000000    -19.9804688      0.0000162
      0.5000000    -19.8828125      0.0001077
      0.5000000    -19.7851562      0.0001975
      0.5000000    -19.6875000      0.0002906
      0.5000000    -19.5898438      0.0003961
      0.5000000    -19.4921875      0.0005101
      0.5000000    -19.3945312      0.0006331
      0.5000000    -19.2968750      0.0007727
      0.5000000    -19.1992188      0.0009304
      0.5000000    -19.1015625      0.0011067
      0.5000000    -19.0039062      0.0013088
      0.5000000    -18.9062500      0.0015335
      0.5000000    -18.8085938      0.0017847
      0.5000000    -18.7109375      0.0020726
      0.5000000    -18.6132812      0.0023899
      0.5000000    -18.5156250      0.0027360
      0.5000000    -18.4179688      0.0031226
      0.5000000    -18.3203125      0.0035447
      0.5000000    -18.2226562      0.0039959
      0.5000000    -18.1250000      0.0044859
      0.5000000    -18.0273438      0.0050018
      0.5000000    -17.9296875      0.0055470
      0.5000000    -17.8320312      0.0061305
      0.5000000    -17.7343750      0.0067358
      0.5000000    -17.6367188      0.0073798
      0.5000000    -17.5390625      0.0080677
      0.5000000    -17.4414062      0.0088036
      0.5000000    -17.3437500      0.0096210
      0.5000000    -17.2460938      0.0105222
      0.5000000    -17.1484375      0.0115332
      0.5000000    -17.0507812      0.0126707
      0.5000000    -16.9531250      0.0139282
      0.5000000    -16.8554688      0.0153232
      0.5000000    -16.7578125      0.0168258
      0.5000000    -16.6601562      0.0184338
      0.5000000    -16.5625000      0.0201299
      0.5000000    -16.4648438      0.0218970
      0.5000000    -16.3671875      0.0237635
      0.5000000    -16.2695312      0.0257259
      0.5000000    -16.1718750      0.0278477
      0.5000000    -16.0742188      0.0301461
      0.5000000    -15.9765625      0.0326583
      0.5000000    -15.8789062      0.0353851
      0.5000000    -15.7812500      0.0382993
      0.5000000    -15.6835938      0.0413752
      0.5000000    -15.5859375      0.0445744
      0.5000000    -15.4882812      0.0479146
      0.5000000    -15.3906250      0.0514090
      0.5000000    -15.2929688      0.0551427
      0.5000000    -15.1953125      0.0591304
      0.5000000    -15.0976562      0.0634077
      0.5000000    -15.0000000      0.0679125
      0.5000000    -14.9023438      0.0726119
      0.5000000    -14.8046875      0.0774499
      0.5000000    -14.7070312      0.0824862
      0.5000000    -14.6093750      0.0877522
      0.5000000    -14.5117188      0.0933396
      0.5000000    -14.4140625      0.0992185
      0.5000000    -14.3164062      0.1053479
      0.5000000    -14.2187500      0.1116234
      0.5000000    -14.1210938      0.1180809
      0.5000000    -14.0234375      0.1247492
      0.5000000    -13.9257812      0.1317380
      0.5000000    -13.8281250      0.1390072
      0.5000000    -13.7304688      0.1465091
      0.5000000    -13.6328125      0.1541182
      0.5000000    -13.5351562      0.1618853
      0.5000000    -13.4375000      0.1698789
      0.5000000    -13.3398438      0.1781611
      0.5000000    -13.2421875      0.1866471
      0.5000000    -13.1445312      0.1952143
      0.5000000    -13.0468750      0.2038692
      0.5000000    -12.9492188      0.2126670
      0.5000000    -12.8515625      0.2217102
      0.5000000    -12.7539062      0.2308598
      0.5000000    -12.6562500      0.2400279
      0.5000000    -12.5585938      0.2491827
      0.5000000    -12.4609375      0.2584483
      0.5000000    -12.3632812      0.2678533
      0.5000000    -12.2656250      0.2772074
      0.5000000    -12.1679688      0.2864666
      0.5000000    -12.0703125      0.2956654
      0.5000000    -11.9726562      0.3049273
      0.5000000    -11.8750000      0.3141253
      0.5000000    -11.7773438      0.3230758
      0.5000000    -11.6796875      0.3318953
      0.5000000    -11.5820312      0.3406362
      0.5000000    -11.4843750      0.3492342
      0.5000000    -11.3867188      0.3575211
      0.5000000    -11.2890625      0.3655133
      0.5000000    -11.1914062      0.3733971
      0.5000000    -11.0937500      0.3809845
      0.5000000    -10.9960938      0.3881326
      0.5000000    -10.8984375      0.3950052
      0.5000000    -10.8007812      0.4015988
      0.5000000    -10.7031250      0.4077737
      0.5000000    -10.6054688      0.4134758
      0.5000000    -10.5078125      0.4188123
      0.5000000    -10.4101562      0.4238094
      0.5000000    -10.3125000      0.4282389
      0.5000000    -10.2148438      0.4321555
      0.5000000    -10.1171875      0.4357583
      0.5000000    -10.0195312      0.4387961
      0.5000000     -9.9218750      0.4412082
      0.5000000     -9.8242188      0.4432824
      0.5000000     -9.7265625      0.4448260
      0.5000000     -9.6289062      0.4456739
      0.5000000     -9.5312500      0.4461430
      0.5000000     -9.4335938      0.4461295
      0.5000000     -9.3359375      0.4453953
      0.5000000     -9.2382812      0.4442570
      0.5000000     -9.1406250      0.4426863
      0.5000000     -9.0429688      0.4403914
      0.5000000     -8.9453125      0.4376783
      0.5000000     -8.8476562      0.4345869
      0.5000000     -8.7500000      0.4308111
      0.5000000     -8.6523438      0.4266194
      0.5000000     -8.5546875      0.4220835
      0.5000000     -8.4570312      0.4169674
      0.5000000     -8.3593750      0.4114551
      0.5000000     -8.2617188      0.4055596
      0.5000000     -8.1640625      0.3992618
      0.5000000     -8.0664062      0.3926457
      0.5000000     -7.9687500      0.3855327
      0.5000000     -7.8710938      0.3782040
      0.5000000     -7.7734375      0.3707030
      0.5000000     -7.6757812      0.3626585
      0.5000000     -7.5781250      0.3544584
      0.5000000     -7.4804688      0.3461608
      0.5000000     -7.3828125      0.3375743
      0.5000000     -7.2851562      0.3287801
      0.5000000     -7.1875000      0.3197243
      0.5000000     -7.0898438      0.3108003
      0.5000000     -6.9921875      0.3017531
      0.5000000     -6.8945312      0.2923467
      0.5000000     -6.7968750      0.2830213
      0.5000000     -6.6992188      0.2737588
      0.5000000     -6.6015625      0.2646189
      0.5000000     -6.5039062      0.2551848
      0.5000000     -6.4062500      0.2457075
      0.5000000     -6.3085938      0.2366161
      0.5000000     -6.2109375      0.2276322
      0.5000000     -6.1132812      0.2186272
      0.5000000     -6.0156250      0.2093743
      0.5000000     -5.9179688      0.2005571
      0.5000000     -5.8203125      0.1920957
      0.5000000     -5.7226562      0.1837507
      0.5000000     -5.6250000      0.1752268
      0.5000000     -5.5273438      0.1668166
      0.5000000     -5.4296875      0.1589573
      0.5000000     -5.3320312      0.1513810
      0.5000000     -5.2343750      0.1439210
      0.5000000     -5.1367188      0.1363426
      0.5000000     -5.0390625      0.1291572
      0.5000000     -4.9414062      0.1222485
      0.5000000     -4.8437500      0.1157417
      0.5000000     -4.7460938      0.1092807
      0.5000000     -4.6484375      0.1031582
      0.5000000     -4.5507812      0.0971245
      0.5000000     -4.4531250      0.0913732
      0.5000000     -4.3554688      0.0857113
      0.5000000     -4.2578125      0.0805475
      0.5000000     -4.1601562      0.0756384
      0.5000000     -4.0625000      0.0710210
      0.5000000     -3.9648438      0.0663168
      0.5000000     -3.8671875      0.0618696
      0.5000000     -3.7695312      0.0576223
      0.5000000     -3.6718750      0.0537698
      0.5000000     -3.5742188      0.0500570
      0.5000000     -3.4765625      0.0466202
      0.5000000     -3.3789062      0.0434035
      0.5000000     -3.2812500      0.0403368
      0.5000000     -3.1835938      0.0373482
      0.5000000     -3.0859375      0.0343711
      0.5000000     -2.9882812      0.0317200
      0.5000000     -2.8906250      0.0292294
      0.5000000     -2.7929688      0.0270340
      0.5000000     -2.6953125      0.0249036
      0.5000000     -2.5976562      0.0230143
      0.5000000     -2.5000000      0.0213001
      0.5000000     -2.4023438      0.0195867
      0.5000000     -2.3046875      0.0179613
      0.5000000     -2.2070312      0.0163055
      0.5000000     -2.1093750      0.0148694
      0.5000000     -2.0117188      0.0135064
      0.5000000     -1.9140625      0.0121777
      0.5000000     -1.8164062      0.0110563
      0.5000000     -1.7187500      0.0100305
      0.5000000     -1.6210938      0.0092163
      0.5000000     -1.5234375      0.0084625
      0.5000000     -1.4257812      0.0077168
      0.5000000     -1.3281250      0.0071756
      0.5000000     -1.2304688      0.0066454
      0.5000000     -1.1328125      0.0060942
      0.5000000     -1.0351562      0.0055900
      0.5000000     -0.9375000      0.0050468
      0.5000000     -0.8398438      0.0045738
      0.5000000     -0.7421875      0.0041401
      0.5000000     -0.6445312      0.0035865
      0.5000000     -0.5468750      0.0030531
      0.5000000     -0.4492188      0.0026149
      0.5000000     -0.3515625      0.0021230
      0.5000000     -0.2539062      0.0015952
      0.5000000     -0.1562500      0.0011101
      0.5000000     -0.0585938      0.0006114
      0.5000000      0.0390625      0.0001661
      0.5000000      0.1367188      0.0001092
      0.5000000      0.2343750      0.0001141
      0.5000000      0.3320312      0.0000860
      0.5000000      0.4296875      0.0001356
      0.5000000      0.5273438      0.0001904
      0.5000000      0.6250000      0.0001785
      0.5000000      0.7226562      0.0001975
      0.5000000      0.8203125      0.0002622
      0.5000000      0.9179688      0.0002663
      0.5000000      1.0156250      0.0002526
      0.5000000      1.1132812      0.0003094
      0.5000000      1.2109375      0.0003375
      0.5000000      1.3085938      0.0003017
      0.5000000      1.4062500      0.0003232
      0.5000000      1.5039062      0.0003685
      0.5000000      1.6015625      0.0003397
      0.5000000      1.6992188      0.0003166
      0.5000000      1.7968750      0.0003344
      0.5000000      1.8945312      0.0003362
      0.5000000      1.9921875      0.0003095
      0.5000000      2.0898438      0.0002556
      0.5000000      2.1875000      0.0002653
      0.5000000      2.2851562      0.0002594
      0.5000000      2.3828125      0.0001984
      0.5000000      2.4804688      0.0001585
      0.5000000      2.5781250      0.0001388
      0.5000000      2.6757812      0.0001493
      0.5000000      2.7734375      0.0000899
      0.5000000      2.8710938      0.0000694
      0.5000000      2.9687500      0.0000818
      0.5000000      3.0664062      0.0001150
      0.5000000      3.1640625      0.0000816
      0.5000000      3.2617188      0.0000795
      0.5000000      3.3593750      0.0000938
      0.5000000      3.4570312      0.0001189
      0.5000000      3.5546875      0.0001099
      0.5000000      3.6523438      0.0000762
      0.5000000      3.7500000      0.0000621
      0.5000000      3.8476562      0.0000567
      0.5000000      3.9453125      0.0000897
      0.5000000      4.0429688      0.0000789
      0.5000000      4.1406250      0.0000544
      0.5000000      4.2382812      0.0000498
      0.5000000      4.3359375      0.0000471
      0.5000000      4.4335938      0.0000560
      0.5000000      4.5312500      0.0000891
      0.5000000      4.6289062      0.0000698
      0.5000000      4.7265625      0.0000512
      0.5000000      4.8242188      0.0000529
      0.5000000      4.9218750      0.0000327
      0.5000000      5.0195312      0.0000254
      0.5000000      5.1171875      0.0000190
      0.5000000      5.2148438      0.0000465
      0.5000000      5.3125000      0.0000746
      0.5000000      5.4101562      0.0000809
      0.5000000      5.5078125      0.0000690
      0.5000000      5.6054688      0.0000506
      0.5000000      5.7031250      0.0000362
      0.5000000      5.8007812      0.0000299
      0.5000000      5.8984375      0.0000289
      0.5000000      5.9960938      0.0000288
      0.5000000      6.0937500      0.0000286
      0.5000000      6.1914062      0.0000281
      0.5000000      6.2890625      0.0000275
      0.5000000      6.3867188      0.0000267
      0.5000000      6.4843750      0.0000259
      0.5000000      6.5820312      0.0000251
      0.5000000      6.6796875      0.0000244
      0.5000000      6.7773438      0.0000236
      0.5000000      6.8750000      0.0000229
      0.5000000      6.9726562      0.0000221
      0.5000000      7.0703125      0.0000214
      0.5000000      7.1679688      0.0000207
      0.5000000      7.2656250      0.0000200
      0.5000000      7.3632812      0.0000194
      0.5000000      7.4609375      0.0000188
      0.5000000      7.5585938      0.0000182
      0.5000000      7.6562500      0.0000177
      0.5000000      7.7539062      0.0000172
      0.5000000      7.8515625      0.0000167
      0.5000000      7.9492188      0.0000162
      0.5000000      8.0468750      0.0000158
      0.5000000      8.1445312      0.0000153
      0.5000000      8.2421875      0.0000149
      0.5000000      8.3398438      0.0000145
      0.5000000      8.4375000      0.0000141
      0.5000000      8.5351562      0.0000137
      0.5000000      8.6328125      0.0000134
      0.5000000      8.7304688      0.0000131
      0.5000000      8.8281250      0.0000128
      0.5000000      8.9257812      0.0000125
      0.5000000      9.0234375      0.0000122
      0.5000000      9.1210938      0.0000118
      0.5000000      9.2187500      0.0000115
      0.5000000      9.3164062      0.0000112
      0.5000000      9.4140625      0.0000108
      0.5000000      9.5117188      0.0000105
      0.5000000      9.6093750      0.0000102
      0.5000000      9.7070312      0.0000100
      0.5000000      9.8046875      0.0000098
      0.5000000      9.9023438      0.0000097
      0.5000000     10.0000000      0.0000094
      0.5000000     10.0976562      0.0000091
      0.5000000     10.1953125      0.0000088
      0.5000000     10.2929688      0.0000085
      0.5000000     10.3906250      0.0000084
      0.5000000     10.4882812      0.0000083
      0.5000000     10.5859375      0.0000082
      0.5000000     10.6835938      0.0000079
      0.5000000     10.7812500      0.0000076
      0.5000000     10.8789062      0.0000074
      0.5000000     10.9765625      0.0000073
      0.5000000     11.0742188      0.0000073
      0.5000000     11.1718750      0.0000070
      0.5000000     11.2695312      0.0000067
      0.5000000     11.3671875      0.0000066
      0.5000000     11.4648438      0.0000066
      0.5000000     11.5625000      0.0000065
      0.5000000     11.6601562      0.0000062
      0.5000000     11.7578125      0.0000060
      0.5000000     11.8554688      0.0000061
      0.5000000     11.9531250      0.0000059
      0.5000000     12.0507812      0.0000056
      0.5000000     12.1484375      0.0000056
      0.5000000     12.2460938      0.0000056
      0.5000000     12.3437500      0.0000053
      0.5000000     12.4414062      0.0000052
      0.5000000     12.5390625      0.0000053
      0.5000000     12.6367188      0.0000050
      0.5000000     12.7343750      0.0000048
      0.5000000     12.8320312      0.0000049
      0.5000000     12.9296875      0.0000047
      0.5000000     13.0273438      0.0000045
      0.5000000     13.1250000      0.0000047
      0.5000000     13.2226562      0.0000044
      0.5000000     13.3203125      0.0000043
      0.5000000     13.4179688      0.0000044
      0.5000000     13.5156250      0.0000041
      0.5000000     13.6132812      0.0000042
      0.5000000     13.7109375      0.0000041
      0.5000000     13.8085938      0.0000039
      0.5000000     13.9062500      0.0000040
      0.5000000     14.0039062      0.0000037
      0.5000000     14.1015625      0.0000039
      0.5000000     14.1992188      0.0000035
      0.5000000     14.2968750      0.0000032
      0.5000000     14.3945312      0.0000043
      0.5000000     14.4921875      0.0000042
      0.5000000     14.5898438      0.0000021
      0.5000000     14.6875000      0.0000033
      0.5000000     14.7851562      0.0000037
      0.5000000     14.8828125      0.0000028
      0.5000000     14.9804688      0.0000045
      0.5000000     15.0781250      0.0000027
      0.5000000     15.1757812      0.0000040
      0.5000000     15.2734375      0.0000030
      0.5000000     15.3710938      0.0000034
      0.5000000     15.4687500      0.0000033
      0.5000000     15.5664062      0.0000028
      0.5000000     15.6640625      0.0000035
      0.5000000     15.7617188      0.0000025
      0.5000000     15.8593750      0.0000036
      0.5000000     15.9570312      0.0000023
      0.5000000     16.0546875      0.0000036
      0.5000000     16.1523438      0.0000021
      0.5000000     16.2500000      0.0000032
      0.5000000     16.3476562      0.0000018
      0.5000000     16.4453125      0.0000027
      0.5000000     16.5429688      0.0000019
      0.5000000     16.6406250      0.0000028
      0.5000000     16.7382812      0.0000024
      0.5000000     16.8359375      0.0000028
      0.5000000     16.9335938      0.0000024
      0.5000000     17.0312500      0.0000020
      0.5000000     17.1289062      0.0000025
      0.5000000     17.2265625      0.0000018
      0.5000000     17.3242188      0.0000032
      0.5000000     17.4218750      0.0000012
      0.5000000     17.5195312      0.0000026
      0.5000000     17.6171875      0.0000011
      0.5000000     17.7148438      0.0000032
      0.5000000     17.8125000      0.0000014
      0.5000000     17.9101562      0.0000022
      0.5000000     18.0078125      0.0000023
      0.5000000     18.1054688      0.0000019
      0.5000000     18.2031250      0.0000023
      0.5000000     18.3007812      0.0000010
      0.5000000     18.3984375      0.0000030
      0.5000000     18.4960938      0.0000006
      0.5000000     18.5937500      0.0000029
      0.5000000     18.6914062      0.0000015
      0.5000000     18.7890625      0.0000019
      0.5000000     18.8867188      0.0000025
      0.5000000     18.9843750      0.0000011
      0.5000000     19.0820312      0.0000028
      0.5000000     19.1796875      0.0000003
      0.5000000     19.2773438      0.0000024
      0.5000000     19.3750000      0.0000013
      0.5000000     19.4726562      0.0000019
      0.5000000     19.5703125      0.0000024
      0.5000000     19.6679688      0.0000011
      0.5000000     19.7656250      0.0000029
      0.5000000     19.8632812      0.0000001
      0.5000000     19.9609375      0.0000028


      0.6000000    -19.9804688      0.0000184
      0.6000000    -19.8828125      0.0000904
      0.6000000    -19.7851562      0.0001783
      0.6000000    -19.6875000      0.0002551
      0.6000000    -19.5898438      0.0003517
      0.6000000    -19.4921875      0.0004451
      0.6000000    -19.3945312      0.0005548
      0.6000000    -19.2968750      0.0006747
      0.6000000    -19.1992188      0.0008068
      0.6000000    -19.1015625      0.0009601
      0.6000000    -19.0039062      0.0011274
      0.6000000    -18.9062500      0.0013209
      0.6000000    -18.8085938      0.0015359
      0.6000000    -18.7109375      0.0017798
      0.6000000    -18.6132812      0.0020506
      0.6000000    -18.5156250      0.0023588
      0.6000000    -18.4179688      0.0026912
      0.6000000    -18.3203125      0.0030746
      0.6000000    -18.2226562      0.0034773
      0.6000000    -18.1250000      0.0039379
      0.6000000    -18.0273438      0.0044207
      0.6000000    -17.9296875      0.0049552
      0.6000000    -17.8320312      0.0055205
      0.6000000    -17.7343750      0.0061313
      0.6000000    -17.6367188      0.0067727
      0.6000000    -17.5390625      0.0074679
      0.6000000    -17.4414062      0.0081879
      0.6000000    -17.3437500      0.0089755
      0.6000000    -17.2460938      0.0098012
      0.6000000    -17.1484375      0.0107062
      0.6000000    -17.0507812      0.0116818
      0.6000000    -16.9531250      0.0127649
      0.6000000    -16.8554688      0.0139433
      0.6000000    -16.7578125      0.0152684
      0.6000000    -16.6601562      0.0167074
      0.6000000    -16.5625000      0.0183034
      0.6000000    -16.4648438      0.0200216
      0.6000000    -16.3671875      0.0218821
      0.6000000    -16.2695312      0.0238451
      0.6000000    -16.1718750      0.0259293
      0.6000000    -16.0742188      0.0281166
      0.6000000    -15.9765625      0.0304104
      0.6000000    -15.8789062      0.0328515
      0.6000000    -15.7812500      0.0354381
      0.6000000    -15.6835938      0.0382335
      0.6000000    -15.5859375      0.0412276
      0.6000000    -15.4882812      0.0444733
      0.6000000    -15.3906250      0.0479219
      0.6000000    -15.2929688      0.0515811
      0.6000000    -15.1953125      0.0554160
      0.6000000    -15.0976562      0.0594028
      0.6000000    -15.0000000      0.0635721
      0.6000000    -14.9023438      0.0679089
      0.6000000    -14.8046875      0.0725131
      0.6000000    -14.7070312      0.0773727
      0.6000000    -14.6093750      0.0825183
      0.6000000    -14.5117188      0.0879405
      0.6000000    -14.4140625      0.0935595
      0.6000000    -14.3164062      0.0993904
      0.6000000    -14.2187500      0.1053754
      0.6000000    -14.1210938      0.1115771
      0.6000000    -14.0234375      0.1180511
      0.6000000    -13.9257812      0.1247976
      0.6000000    -13.8281250      0.1318556
      0.6000000    -13.7304688      0.1391141
      0.6000000    -13.6328125      0.1465402
      0.6000000    -13.5351562      0.1541353
      0.6000000    -13.4375000      0.1618777
      0.6000000    -13.3398438      0.1698904
      0.6000000    -13.2421875      0.1781587
      0.6000000    -13.1445312      0.1866103
      0.6000000    -13.0468750      0.1952290
      0.6000000    -12.9492188      0.2038977
      0.6000000    -12.8515625      0.2126576
      0.6000000    -12.7539062      0.2216155
      0.6000000    -12.6562500      0.2307191
      0.6000000    -12.5585938      0.2399512
      0.6000000    -12.4609375      0.2492212
      0.6000000    -12.3632812      0.2584187
      0.6000000    -12.2656250      0.2676612
      0.6000000    -12.1679688      0.2769975
      0.6000000    -12.0703125      0.2863404
      0.6000000    -11.9726562      0.2956554
      0.6000000    -11.8750000      0.3048310
      0.6000000    -11.7773438      0.3138359
      0.6000000    -11.6796875      0.3228351
      0.6000000    -11.5820312      0.3317951
      0.6000000    -11.4843750      0.3405125
      0.6000000    -11.3867188      0.3489827
      0.6000000    -11.2890625      0.3572524
      0.6000000    -11.1914062      0.3653103
      0.6000000    -11.0937500      0.3731835
      0.6000000    -10.9960938      0.3807639
      0.6000000    -10.8984375      0.3878976
      0.6000000    -10.8007812      0.3947140
      0.6000000    -10.7031250      0.4013398
      0.6000000    -10.6054688      0.4075589
      0.6000000    -10.5078125      0.4132327
      0.6000000    -10.4101562      0.4185342
      0.6000000    -10.3125000      0.4235175
      0.6000000    -10.2148438      0.4280082
      0.6000000    -10.1171875      0.4319569
      0.6000000    -10.0195312      0.4354624
      0.6000000     -9.9218750      0.4385119
      0.6000000     -9.8242188      0.4410450
      0.6000000     -9.7265625      0.4430567
      0.6000000     -9.6289062      0.4445451
      0.6000000     -9.5312500      0.4455087
      0.6000000     -9.4335938      0.4459630
      0.6000000     -9.3359375      0.4458969
      0.6000000     -9.2382812      0.4452779
      0.6000000     -9.1406250      0.4441211
      0.6000000     -9.0429688      0.4424620
      0.6000000     -8.9453125      0.4403103
      0.6000000     -8.8476562      0.4376466
      0.6000000     -8.7500000      0.4344346
      0.6000000     -8.6523438      0.4307131
      0.6000000     -8.5546875      0.4266130
      0.6000000     -8.4570312      0.4221021
      0.6000000     -8.3593750      0.4169769
      0.6000000     -8.2617188      0.4113592
      0.6000000     -8.1640625      0.4055872
      0.6000000     -8.0664062      0.3994850
      0.6000000     -7.9687500      0.3926818
      0.6000000     -7.8710938      0.3855005
      0.6000000     -7.7734375      0.3783652
      0.6000000     -7.6757812      0.3709297
      0.6000000     -7.5781250      0.3628820
      0.6000000     -7.4804688      0.3545675
      0.6000000     -7.3828125      0.3462505
      0.6000000     -7.2851562      0.3378416
      0.6000000     -7.1875000      0.3291694
      0.6000000     -7.0898438      0.3200676
      0.6000000     -6.9921875      0.3108229
      0.6000000     -6.8945312      0.3018917
      0.6000000     -6.7968750      0.2929221
      0.6000000     -6.6992188      0.2834968
      0.6000000     -6.6015625      0.2740010
      0.6000000     -6.5039062      0.2646942
      0.6000000     -6.4062500      0.2555029
      0.6000000     -6.3085938      0.2463893
      0.6000000     -6.2109375      0.2371142
      0.6000000     -6.1132812      0.2278087
      0.6000000     -6.0156250      0.2188112
      0.6000000     -5.9179688      0.2098907
      0.6000000     -5.8203125      0.2010796
      0.6000000     -5.7226562      0.1925452
      0.6000000     -5.6250000      0.1840283
      0.6000000     -5.5273438      0.1756169
      0.6000000     -5.4296875      0.1673527
      0.6000000     -5.3320312      0.1592812
      0.6000000     -5.2343750      0.1517048
      0.6000000     -5.1367188      0.1442722
      0.6000000     -5.0390625      0.1368615
      0.6000000     -4.9414062      0.1296694
      0.6000000     -4.8437500      0.1226297
      0.6000000     -4.7460938      0.1159924
      0.6000000     -4.6484375      0.1095804
      0.6000000     -4.5507812      0.1033761
      0.6000000     -4.4531250      0.0975703
      0.6000000     -4.3554688      0.0918483
      0.6000000     -4.2578125      0.0863252
      0.6000000     -4.1601562      0.0809019
      0.6000000     -4.0625000      0.0757508
      0.6000000     -3.9648438      0.0710324
      0.6000000     -3.8671875      0.0664602
      0.6000000     -3.7695312      0.0622161
      0.6000000     -3.6718750      0.0581001
      0.6000000     -3.5742188      0.0542587
      0.6000000     -3.4765625      0.0505334
      0.6000000     -3.3789062      0.0468587
      0.6000000     -3.2812500      0.0434514
      0.6000000     -3.1835938      0.0402033
      0.6000000     -3.0859375      0.0373227
      0.6000000     -2.9882812      0.0345077
      0.6000000     -2.8906250      0.0319930
      0.6000000     -2.7929688      0.0296252
      0.6000000     -2.6953125      0.0274676
      0.6000000     -2.5976562      0.0253511
      0.6000000     -2.5000000      0.0232834
      0.6000000     -2.4023438      0.0213787
      0.6000000     -2.3046875      0.0195418
      0.6000000     -2.2070312      0.0178592
      0.6000000     -2.1093750      0.0161777
      0.6000000     -2.0117188      0.0147591
      0.6000000     -1.9140625      0.0134184
      0.6000000     -1.8164062      0.0123184
      0.6000000     -1.7187500      0.0111925
      0.6000000     -1.6210938      0.0103132
      0.6000000     -1.5234375      0.0094618
      0.6000000     -1.4257812      0.0087966
      0.6000000     -1.3281250      0.0080370
      0.6000000     -1.2304688      0.0074356
      0.6000000     -1.1328125      0.0067890
      0.6000000     -1.0351562      0.0062888
      0.6000000     -0.9375000      0.0056541
      0.6000000     -0.8398438      0.0051178
      0.6000000     -0.7421875      0.0045238
      0.6000000     -0.6445312      0.0040366
      0.6000000     -0.5468750      0.0034607
      0.6000000     -0.4492188      0.0029001
      0.6000000     -0.3515625      0.0023351
      0.6000000     -0.2539062      0.0017918
      0.6000000     -0.1562500      0.0012784
      0.6000000     -0.0585938      0.0006653
      0.6000000      0.0390625      0.0002078
      0.6000000      0.1367188      0.0000233
      0.6000000      0.2343750      0.0000329
      0.6000000      0.3320312      0.0001142
      0.6000000      0.4296875      0.0000942
      0.6000000      0.5273438      0.0001527
      0.6000000      0.6250000      0.0001449
      0.6000000      0.7226562      0.0001894
      0.6000000      0.8203125      0.0002027
      0.6000000      0.9179688      0.0002231
      0.6000000      1.0156250      0.0002544
      0.6000000      1.1132812      0.0002412
      0.6000000      1.2109375      0.0002895
      0.6000000      1.3085938      0.0002588
      0.6000000      1.4062500      0.0003233
      0.6000000      1.5039062      0.0002848
      0.6000000      1.6015625      0.0003367
      0.6000000      1.6992188      0.0002979
      0.6000000      1.7968750      0.0003229
      0.6000000      1.8945312      0.0003145
      0.6000000      1.9921875      0.0003059
      0.6000000      2.0898438      0.0003200
      0.6000000      2.1875000      0.0002639
      0.6000000      2.2851562      0.0002956
      0.6000000      2.3828125      0.0002362
      0.6000000      2.4804688      0.0002599
      0.6000000      2.5781250      0.0002055
      0.6000000      2.6757812      0.0001912
      0.6000000      2.7734375      0.0001822
      0.6000000      2.8710938      0.0001355
      0.6000000      2.9687500      0.0001462
      0.6000000      3.0664062      0.0000853
      0.6000000      3.1640625      0.0001267
      0.6000000      3.2617188      0.0000722
      0.6000000      3.3593750      0.0001051
      0.6000000      3.4570312      0.0000903
      0.6000000      3.5546875      0.0000954
      0.6000000      3.6523438      0.0001046
      0.6000000      3.7500000      0.0000834
      0.6000000      3.8476562      0.0001182
      0.6000000      3.9453125      0.0000659
      0.6000000      4.0429688      0.0001059
      0.6000000      4.1406250      0.0000813
      0.6000000      4.2382812      0.0000668
      0.6000000      4.3359375      0.0000936
      0.6000000      4.4335938      0.0000402
      0.6000000      4.5312500      0.0000871
      0.6000000      4.6289062      0.0000563
      0.6000000      4.7265625      0.0000647
      0.6000000      4.8242188      0.0000784
      0.6000000      4.9218750      0.0000366
      0.6000000      5.0195312      0.0000799
      0.6000000      5.1171875      0.0000447
      0.6000000      5.2148438      0.0000582
      0.6000000      5.3125000      0.0000678
      0.6000000      5.4101562      0.0000255
      0.6000000      5.5078125      0.0000745
      0.6000000      5.6054688      0.0000328
      0.6000000      5.7031250      0.0000558
      0.6000000      5.8007812      0.0000577
      0.6000000      5.8984375      0.0000245
      0.6000000      5.9960938      0.0000565
      0.6000000      6.0937500      0.0000383
      0.6000000      6.1914062      0.0000282
      0.6000000      6.2890625      0.0000588
      0.6000000      6.3867188      0.0000232
      0.6000000      6.4843750      0.0000496
      0.6000000      6.5820312      0.0000478
      0.6000000      6.6796875      0.0000181
      0.6000000      6.7773438      0.0000419
      0.6000000      6.8750000      0.0000442
      0.6000000      6.9726562      0.0000139
      0.6000000      7.0703125      0.0000546
      0.6000000      7.1679688      0.0000230
      0.6000000      7.2656250      0.0000167
      0.6000000      7.3632812      0.0000522
      0.6000000      7.4609375      0.0000231
      0.6000000      7.5585938      0.0000277
      0.6000000      7.6562500      0.0000412
      0.6000000      7.7539062      0.0000287
      0.6000000      7.8515625      0.0000293
      0.6000000      7.9492188      0.0000351
      0.6000000      8.0468750      0.0000328
      0.6000000      8.1445312      0.0000245
      0.6000000      8.2421875      0.0000320
      0.6000000      8.3398438      0.0000383
      0.6000000      8.4375000      0.0000148
      0.6000000      8.5351562      0.0000301
      0.6000000      8.6328125      0.0000409
      0.6000000      8.7304688      0.0000102
      0.6000000      8.8281250      0.0000318
      0.6000000      8.9257812      0.0000304
      0.6000000      9.0234375      0.0000345
      0.6000000      9.1210938      0.0000152
      0.6000000      9.2187500      0.0000351
      0.6000000      9.3164062      0.0000278
      0.6000000      9.4140625      0.0000301
      0.6000000      9.5117188      0.0000136
      0.6000000      9.6093750      0.0000440
      0.6000000      9.7070312      0.0000252
      0.6000000      9.8046875      0.0000259
      0.6000000      9.9023438      0.0000160
      0.6000000     10.0000000      0.0000213
      0.6000000     10.0976562      0.0000498
      0.6000000     10.1953125      0.0000453
      0.6000000     10.2929688      0.0000126
      0.6000000     10.3906250      0.0000230
      0.6000000     10.4882812      0.0000416
      0.6000000     10.5859375      0.0000444
      0.6000000     10.6835938      0.0000391
      0.6000000     10.7812500      0.0000310
      0.6000000     10.8789062      0.0000230
      0.6000000     10.9765625      0.0000169
      0.6000000     11.0742188      0.0000133
      0.6000000     11.1718750      0.0000121
      0.6000000     11.2695312      0.0000106
      0.6000000     11.3671875      0.0000090
      0.6000000     11.4648438      0.0000092
      0.6000000     11.5625000      0.0000102
      0.6000000     11.6601562      0.0000098
      0.6000000     11.7578125      0.0000085
      0.6000000     11.8554688      0.0000084
      0.6000000     11.9531250      0.0000092
      0.6000000     12.0507812      0.0000089
      0.6000000     12.1484375      0.0000077
      0.6000000     12.2460938      0.0000073
      0.6000000     12.3437500      0.0000080
      0.6000000     12.4414062      0.0000084
      0.6000000     12.5390625      0.0000076
      0.6000000     12.6367188      0.0000066
      0.6000000     12.7343750      0.0000070
      0.6000000     12.8320312      0.0000079
      0.6000000     12.9296875      0.0000079
      0.6000000     13.0273438      0.0000068
      0.6000000     13.1250000      0.0000059
      0.6000000     13.2226562      0.0000064
      0.6000000     13.3203125      0.0000073
      0.6000000     13.4179688      0.0000072
      0.6000000     13.5156250      0.0000062
      0.6000000     13.6132812      0.0000052
      0.6000000     13.7109375      0.0000054
      0.6000000     13.8085938      0.0000062
      0.6000000     13.9062500      0.0000065
      0.6000000     14.0039062      0.0000059
      0.6000000     14.1015625      0.0000049
      0.6000000     14.1992188      0.0000045
      0.6000000     14.2968750      0.0000053
      0.6000000     14.3945312      0.0000063
      0.6000000     14.4921875      0.0000064
      0.6000000     14.5898438      0.0000054
      0.6000000     14.6875000      0.0000041
      0.6000000     14.7851562      0.0000040
      0.6000000     14.8828125      0.0000047
      0.6000000     14.9804688      0.0000055
      0.6000000     15.0781250      0.0000058
      0.6000000     15.1757812      0.0000051
      0.6000000     15.2734375      0.0000038
      0.6000000     15.3710938      0.0000034
      0.6000000     15.4687500      0.0000040
      0.6000000     15.5664062      0.0000049
      0.6000000     15.6640625      0.0000056
      0.6000000     15.7617188      0.0000051
      0.6000000     15.8593750      0.0000037
      0.6000000     15.9570312      0.0000028
      0.6000000     16.0546875      0.0000031
      0.6000000     16.1523438      0.0000043
      0.6000000     16.2500000      0.0000051
      0.6000000     16.3476562      0.0000047
      0.6000000     16.4453125      0.0000042
      0.6000000     16.5429688      0.0000031
      0.6000000     16.6406250      0.0000022
      0.6000000     16.7382812      0.0000028
      0.6000000     16.8359375      0.0000039
      0.6000000     16.9335938      0.0000049
      0.6000000     17.0312500      0.0000046
      0.6000000     17.1289062      0.0000038
      0.6000000     17.2265625      0.0000028
      0.6000000     17.3242188      0.0000017
      0.6000000     17.4218750      0.0000022
      0.6000000     17.5195312      0.0000036
      0.6000000     17.6171875      0.0000044
      0.6000000     17.7148438      0.0000043
      0.6000000     17.8125000      0.0000042
      0.6000000     17.9101562      0.0000028
      0.6000000     18.0078125      0.0000015
      0.6000000     18.1054688      0.0000015
      0.6000000     18.2031250      0.0000027
      0.6000000     18.3007812      0.0000038
      0.6000000     18.3984375      0.0000045
      0.6000000     18.4960938      0.0000039
      0.6000000     18.5937500      0.0000035
      0.6000000     18.6914062      0.0000019
      0.6000000     18.7890625      0.0000008
      0.6000000     18.8867188      0.0000018
      0.6000000     18.9843750      0.0000029
      0.6000000     19.0820312      0.0000042
      0.6000000     19.1796875      0.0000040
      0.6000000     19.2773438      0.0000040
      0.6000000     19.3750000      0.0000027
      0.6000000     19.4726562      0.0000014
      0.6000000     19.5703125      0.0000005
      0.6000000     19.6679688      0.0000021
      0.6000000     19.7656250      0.0000034
      0.6000000     19.8632812      0.0000041
      0.6000000     19.9609375      0.0000042


      0.7000000    -19.9804688      0.0000120
      0.7000000    -19.8828125      0.0000861
      0.7000000    -19.7851562      0.0001556
      0.7000000    -19.6875000      0.0002315
      0.7000000    -19.5898438      0.0003129
      0.7000000    -19.4921875      0.0003965
      0.7000000    -19.3945312      0.0004954
      0.7000000    -19.2968750      0.0005951
      0.7000000    -19.1992188      0.0007168
      0.7000000    -19.1015625      0.0008428
      0.7000000    -19.0039062      0.0009928
      0.7000000    -18.9062500      0.0011566
      0.7000000    -18.8085938      0.0013417
      0.7000000    -18.7109375      0.0015550
      0.7000000    -18.6132812      0.0017843
      0.7000000    -18.5156250      0.0020574
      0.7000000    -18.4179688      0.0023428
      0.7000000    -18.3203125      0.0026833
      0.7000000    -18.2226562      0.0030393
      0.7000000    -18.1250000      0.0034516
      0.7000000    -18.0273438      0.0038923
      0.7000000    -17.9296875      0.0043797
      0.7000000    -17.8320312      0.0049146
      0.7000000    -17.7343750      0.0054826
      0.7000000    -17.6367188      0.0061125
      0.7000000    -17.5390625      0.0067712
      0.7000000    -17.4414062      0.0074901
      0.7000000    -17.3437500      0.0082537
      0.7000000    -17.2460938      0.0090595
      0.7000000    -17.1484375      0.0099423
      0.7000000    -17.0507812      0.0108542
      0.7000000    -16.9531250      0.0118699
      0.7000000    -16.8554688      0.0129356
      0.7000000    -16.7578125      0.0141090
      0.7000000    -16.6601562      0.0153902
      0.7000000    -16.5625000      0.0167732
      0.7000000    -16.4648438      0.0183157
      0.7000000    -16.3671875      0.0199772
      0.7000000    -16.2695312      0.0217990
      0.7000000    -16.1718750      0.0237766
      0.7000000    -16.0742188      0.0258827
      0.7000000    -15.9765625      0.0281494
      0.7000000    -15.8789062      0.0305428
      0.7000000    -15.7812500      0.0330541
      0.7000000    -15.6835938      0.0357220
      0.7000000    -15.5859375      0.0385060
      0.7000000    -15.4882812      0.0414584
      0.7000000    -15.3906250      0.0446088
      0.7000000    -15.2929688      0.0479325
      0.7000000    -15.1953125      0.0515192
      0.7000000    -15.0976562      0.0553370
      0.7000000    -15.0000000      0.0593712
      0.7000000    -14.9023438      0.0636724
      0.7000000    -14.8046875      0.0681458
      0.7000000    -14.7070312      0.0728051
      0.7000000    -14.6093750      0.0776814
      0.7000000    -14.5117188      0.0827100
      0.7000000    -14.4140625      0.0879759
      0.7000000    -14.3164062      0.0935202
      0.7000000    -14.2187500      0.0993029
      0.7000000    -14.1210938      0.1053864
      0.7000000    -14.0234375      0.1117518
      0.7000000    -13.9257812      0.1182979
      0.7000000    -13.8281250      0.1250536
      0.7000000    -13.7304688      0.1320094
      0.7000000    -13.6328125      0.1391132
      0.7000000    -13.5351562      0.1464592
      0.7000000    -13.4375000      0.1540971
      0.7000000    -13.3398438      0.1619476
      0.7000000    -13.2421875      0.1700275
      0.7000000    -13.1445312      0.1783227
      0.7000000    -13.0468750      0.1866926
      0.7000000    -12.9492188      0.1951604
      0.7000000    -12.8515625      0.2038271
      0.7000000    -12.7539062      0.2126390
      0.7000000    -12.6562500      0.2215936
      0.7000000    -12.5585938      0.2307497
      0.7000000    -12.4609375      0.2399700
      0.7000000    -12.3632812      0.2491265
      0.7000000    -12.2656250      0.2583237
      0.7000000    -12.1679688      0.2676054
      0.7000000    -12.0703125      0.2768838
      0.7000000    -11.9726562      0.2861936
      0.7000000    -11.8750000      0.2955419
      0.7000000    -11.7773438      0.3047365
      0.7000000    -11.6796875      0.3137134
      0.7000000    -11.5820312      0.3226466
      0.7000000    -11.4843750      0.3315641
      0.7000000    -11.3867188      0.3402950
      0.7000000    -11.2890625      0.3487956
      0.7000000    -11.1914062      0.3571101
      0.7000000    -11.0937500      0.3651457
      0.7000000    -10.9960938      0.3728532
      0.7000000    -10.8984375      0.3803768
      0.7000000    -10.8007812      0.3877261
      0.7000000    -10.7031250      0.3946391
      0.7000000    -10.6054688      0.4010169
      0.7000000    -10.5078125      0.4070964
      0.7000000    -10.4101562      0.4129802
      0.7000000    -10.3125000      0.4184138
      0.7000000    -10.2148438      0.4232310
      0.7000000    -10.1171875      0.4276084
      0.7000000    -10.0195312      0.4316775
      0.7000000     -9.9218750      0.4352681
      0.7000000     -9.8242188      0.4382393
      0.7000000     -9.7265625      0.4407180
      0.7000000     -9.6289062      0.4428042
      0.7000000     -9.5312500      0.4443535
      0.7000000     -9.4335938      0.4452587
      0.7000000     -9.3359375      0.4456639
      0.7000000     -9.2382812      0.4456822
      0.7000000     -9.1406250      0.4451592
      0.7000000     -9.0429688      0.4439505
      0.7000000     -8.9453125      0.4422023
      0.7000000     -8.8476562      0.4401117
      0.7000000     -8.7500000      0.4375863
      0.7000000     -8.6523438      0.4344021
      0.7000000     -8.5546875      0.4305927
      0.7000000     -8.4570312      0.4264239
      0.7000000     -8.3593750      0.4219925
      0.7000000     -8.2617188      0.4170873
      0.7000000     -8.1640625      0.4115275
      0.7000000     -8.0664062      0.4054738
      0.7000000     -7.9687500      0.3992401
      0.7000000     -7.8710938      0.3928362
      0.7000000     -7.7734375      0.3859486
      0.7000000     -7.6757812      0.3784663
      0.7000000     -7.5781250      0.3707157
      0.7000000     -7.4804688      0.3629614
      0.7000000     -7.3828125      0.3550037
      0.7000000     -7.2851562      0.3466087
      0.7000000     -7.1875000      0.3379528
      0.7000000     -7.0898438      0.3292355
      0.7000000     -6.9921875      0.3203419
      0.7000000     -6.8945312      0.3112514
      0.7000000     -6.7968750      0.3022053
      0.7000000     -6.6992188      0.2931750
      0.7000000     -6.6015625      0.2838681
      0.7000000     -6.5039062      0.2743721
      0.7000000     -6.4062500      0.2650364
      0.7000000     -6.3085938      0.2558690
      0.7000000     -6.2109375      0.2466985
      0.7000000     -6.1132812      0.2375416
      0.7000000     -6.0156250      0.2283871
      0.7000000     -5.9179688      0.2192252
      0.7000000     -5.8203125      0.2102453
      0.7000000     -5.7226562      0.2015013
      0.7000000     -5.6250000      0.1928484
      0.7000000     -5.5273438      0.1843903
      0.7000000     -5.4296875      0.1761946
      0.7000000     -5.3320312      0.1679944
      0.7000000     -5.2343750      0.1598207
      0.7000000     -5.1367188      0.1520025
      0.7000000     -5.0390625      0.1444817
      0.7000000     -4.9414062      0.1371422
      0.7000000     -4.8437500      0.1301111
      0.7000000     -4.7460938      0.1232741
      0.7000000     -4.6484375      0.1165692
      0.7000000     -4.5507812      0.1101363
      0.7000000     -4.4531250      0.1038186
      0.7000000     -4.3554688      0.0976653
      0.7000000     -4.2578125      0.0919718
      0.7000000     -4.1601562      0.0865418
      0.7000000     -4.0625000      0.0812807
      0.7000000     -3.9648438      0.0763525
      0.7000000     -3.8671875      0.0715875
      0.7000000     -3.7695312      0.0669958
      0.7000000     -3.6718750      0.0626305
      0.7000000     -3.5742188      0.0583130
      0.7000000     -3.4765625      0.0542676
      0.7000000     -3.3789062      0.0505571
      0.7000000     -3.2812500      0.0469603
      0.7000000     -3.1835938      0.0436563
      0.7000000     -3.0859375      0.0405959
      0.7000000     -2.9882812      0.0376930
      0.7000000     -2.8906250      0.0350597
      0.7000000     -2.7929688      0.0324344
      0.7000000     -2.6953125      0.0299419
      0.7000000     -2.5976562      0.0276722
      0.7000000     -2.5000000      0.0253976
      0.7000000     -2.4023438      0.0233132
      0.7000000     -2.3046875      0.0213009
      0.7000000     -2.2070312      0.0194441
      0.7000000     -2.1093750      0.0178423
      0.7000000     -2.0117188      0.0162440
      0.7000000     -1.9140625      0.0148734
      0.7000000     -1.8164062      0.0136347
      0.7000000     -1.7187500      0.0125198
      0.7000000     -1.6210938      0.0115719
      0.7000000     -1.5234375      0.0105835
      0.7000000     -1.4257812      0.0097959
      0.7000000     -1.3281250      0.0090350
      0.7000000     -1.2304688      0.0083134
      0.7000000     -1.1328125      0.0076442
      0.7000000     -1.0351562      0.0069212
      0.7000000     -0.9375000      0.0063654
      0.7000000     -0.8398438      0.0056963
      0.7000000     -0.7421875      0.0051108
      0.7000000     -0.6445312      0.0044471
      0.7000000     -0.5468750      0.0038567
      0.7000000     -0.4492188      0.0032705
      0.7000000     -0.3515625      0.0026278
      0.7000000     -0.2539062      0.0020226
      0.7000000     -0.1562500      0.0013544
      0.7000000     -0.0585938      0.0008015
      0.7000000      0.0390625      0.0002156
      0.7000000      0.1367188      0.0001173
      0.7000000      0.2343750      0.0000426
      0.7000000      0.3320312      0.0001032
      0.7000000      0.4296875      0.0000916
      0.7000000      0.5273438      0.0001177
      0.7000000      0.6250000      0.0001532
      0.7000000      0.7226562      0.0001302
      0.7000000      0.8203125      0.0002007
      0.7000000      0.9179688      0.0001625
      0.7000000      1.0156250      0.0002275
      0.7000000      1.1132812      0.0002137
      0.7000000      1.2109375      0.0002387
      0.7000000      1.3085938      0.0002654
      0.7000000      1.4062500      0.0002459
      0.7000000      1.5039062      0.0003026
      0.7000000      1.6015625      0.0002580
      0.7000000      1.6992188      0.0003176
      0.7000000      1.7968750      0.0002748
      0.7000000      1.8945312      0.0003106
      0.7000000      1.9921875      0.0002906
      0.7000000      2.0898438      0.0002896
      0.7000000      2.1875000      0.0003008
      0.7000000      2.2851562      0.0002652
      0.7000000      2.3828125      0.0002996
      0.7000000      2.4804688      0.0002407
      0.7000000      2.5781250      0.0002788
      0.7000000      2.6757812      0.0002116
      0.7000000      2.7734375      0.0002375
      0.7000000      2.8710938      0.0001837
      0.7000000      2.9687500      0.0001897
      0.7000000      3.0664062      0.0001671
      0.7000000      3.1640625      0.0001449
      0.7000000      3.2617188      0.0001491
      0.7000000      3.3593750      0.0000980
      0.7000000      3.4570312      0.0001290
      0.7000000      3.5546875      0.0000757
      0.7000000      3.6523438      0.0001229
      0.7000000      3.7500000      0.0000836
      0.7000000      3.8476562      0.0001091
      0.7000000      3.9453125      0.0000924
      0.7000000      4.0429688      0.0000966
      0.7000000      4.1406250      0.0001088
      0.7000000      4.2382812      0.0000848
      0.7000000      4.3359375      0.0001067
      0.7000000      4.4335938      0.0000634
      0.7000000      4.5312500      0.0001057
      0.7000000      4.6289062      0.0000570
      0.7000000      4.7265625      0.0000962
      0.7000000      4.8242188      0.0000461
      0.7000000      4.9218750      0.0000895
      0.7000000      5.0195312      0.0000545
      0.7000000      5.1171875      0.0000787
      0.7000000      5.2148438      0.0000574
      0.7000000      5.3125000      0.0000736
      0.7000000      5.4101562      0.0000634
      0.7000000      5.5078125      0.0000570
      0.7000000      5.6054688      0.0000665
      0.7000000      5.7031250      0.0000528
      0.7000000      5.8007812      0.0000652
      0.7000000      5.8984375      0.0000366
      0.7000000      5.9960938      0.0000722
      0.7000000      6.0937500      0.0000345
      0.7000000      6.1914062      0.0000633
      0.7000000      6.2890625      0.0000285
      0.7000000      6.3867188      0.0000654
      0.7000000      6.4843750      0.0000174
      0.7000000      6.5820312      0.0000677
      0.7000000      6.6796875      0.0000199
      0.7000000      6.7773438      0.0000583
      0.7000000      6.8750000      0.0000217
      0.7000000      6.9726562      0.0000580
      0.7000000      7.0703125      0.0000156
      0.7000000      7.1679688      0.0000602
      0.7000000      7.2656250      0.0000094
      0.7000000      7.3632812      0.0000556
      0.7000000      7.4609375      0.0000131
      0.7000000      7.5585938      0.0000483
      0.7000000      7.6562500      0.0000167
      0.7000000      7.7539062      0.0000479
      0.7000000      7.8515625      0.0000152
      0.7000000      7.9492188      0.0000511
      0.7000000      8.0468750      0.0000087
      0.7000000      8.1445312      0.0000534
      0.7000000      8.2421875      0.0000022
      0.7000000      8.3398438      0.0000522
      0.7000000      8.4375000      0.0000061
      0.7000000      8.5351562      0.0000482
      0.7000000      8.6328125      0.0000121
      0.7000000      8.7304688      0.0000438
      0.7000000      8.8281250      0.0000172
      0.7000000      8.9257812      0.0000399
      0.7000000      9.0234375      0.0000217
      0.7000000      9.1210938      0.0000360
      0.7000000      9.2187500      0.0000265
      0.7000000      9.3164062      0.0000321
      0.7000000      9.4140625      0.0000315
      0.7000000      9.5117188      0.0000282
      0.7000000      9.6093750      0.0000359
      0.7000000      9.7070312      0.0000239
      0.7000000      9.8046875      0.0000383
      0.7000000      9.9023438      0.0000180
      0.7000000     10.0000000      0.0000373
      0.7000000     10.0976562      0.0000087
      0.7000000     10.1953125      0.0000325
      0.7000000     10.2929688      0.0000054
      0.7000000     10.3906250      0.0000277
      0.7000000     10.4882812      0.0000209
      0.7000000     10.5859375      0.0000278
      0.7000000     10.6835938      0.0000313
      0.7000000     10.7812500      0.0000252
      0.7000000     10.8789062      0.0000300
      0.7000000     10.9765625      0.0000095
      0.7000000     11.0742188      0.0000275
      0.7000000     11.1718750      0.0000130
      0.7000000     11.2695312      0.0000353
      0.7000000     11.3671875      0.0000208
      0.7000000     11.4648438      0.0000242
      0.7000000     11.5625000      0.0000222
      0.7000000     11.6601562      0.0000093
      0.7000000     11.7578125      0.0000378
      0.7000000     11.8554688      0.0000102
      0.7000000     11.9531250      0.0000214
      0.7000000     12.0507812      0.0000247
      0.7000000     12.1484375      0.0000237
      0.7000000     12.2460938      0.0000270
      0.7000000     12.3437500      0.0000039
      0.7000000     12.4414062      0.0000313
      0.7000000     12.5390625      0.0000210
      0.7000000     12.6367188      0.0000120
      0.7000000     12.7343750      0.0000319
      0.7000000     12.8320312      0.0000163
      0.7000000     12.9296875      0.0000172
      0.7000000     13.0273438      0.0000293
      0.7000000     13.1250000      0.0000194
      0.7000000     13.2226562      0.0000211
      0.7000000     13.3203125      0.0000240
      0.7000000     13.4179688      0.0000159
      0.7000000     13.5156250      0.0000329
      0.7000000     13.6132812      0.0000126
      0.7000000     13.7109375      0.0000197
      0.7000000     13.8085938      0.0000291
      0.7000000     13.9062500      0.0000079
      0.7000000     14.0039062      0.0000352
      0.7000000     14.1015625      0.0000206
      0.7000000     14.1992188      0.0000214
      0.7000000     14.2968750      0.0000201
      0.7000000     14.3945312      0.0000262
      0.7000000     14.4921875      0.0000142
      0.7000000     14.5898438      0.0000273
      0.7000000     14.6875000      0.0000366
      0.7000000     14.7851562      0.0000008
      0.7000000     14.8828125      0.0000361
      0.7000000     14.9804688      0.0000337
      0.7000000     15.0781250      0.0000044
      0.7000000     15.1757812      0.0000329
      0.7000000     15.2734375      0.0000356
      0.7000000     15.3710938      0.0000136
      0.7000000     15.4687500      0.0000202
      0.7000000     15.5664062      0.0000406
      0.7000000     15.6640625      0.0000471
      0.7000000     15.7617188      0.0000425
      0.7000000     15.8593750      0.0000325
      0.7000000     15.9570312      0.0000211
      0.7000000     16.0546875      0.0000108
      0.7000000     16.1523438      0.0000032
      0.7000000     16.2500000      0.0000042
      0.7000000     16.3476562      0.0000066
      0.7000000     16.4453125      0.0000071
      0.7000000     16.5429688      0.0000069
      0.7000000     16.6406250      0.0000071
      0.7000000     16.7382812      0.0000069
      0.7000000     16.8359375      0.0000063
      0.7000000     16.9335938      0.0000062
      0.7000000     17.0312500      0.0000057
      0.7000000     17.1289062      0.0000048
      0.7000000     17.2265625      0.0000042
      0.7000000     17.3242188      0.0000035
      0.7000000     17.4218750      0.0000027
      0.7000000     17.5195312      0.0000023
      0.7000000     17.6171875      0.0000022
      0.7000000     17.7148438      0.0000026
      0.7000000     17.8125000      0.0000033
      0.7000000     17.9101562      0.0000038
      0.7000000     18.0078125      0.0000048
      0.7000000     18.1054688      0.0000052
      0.7000000     18.2031250      0.0000056
      0.7000000     18.3007812      0.0000063
      0.7000000     18.3984375      0.0000060
      0.7000000     18.4960938      0.0000064
      0.7000000     18.5937500      0.0000060
      0.7000000     18.6914062      0.0000056
      0.7000000     18.7890625      0.0000052
      0.7000000     18.8867188      0.0000043
      0.7000000     18.9843750      0.0000037
      0.7000000     19.0820312      0.0000026
      0.7000000     19.1796875      0.0000017
      0.7000000     19.2773438      0.0000008
      0.7000000     19.3750000      0.0000009
      0.7000000     19.4726562      0.0000017
      0.7000000     19.5703125      0.0000028
      0.7000000     19.6679688      0.0000036
      0.7000000     19.7656250      0.0000045
      0.7000000     19.8632812      0.0000051
      0.7000000     19.9609375      0.0000056


      0.8000000    -19.9804688      0.0000063
      0.8000000    -19.8828125      0.0000751
      0.8000000    -19.7851562      0.0001487
      0.8000000    -19.6875000      0.0001981
      0.8000000    -19.5898438      0.0002935
      0.8000000    -19.4921875      0.0003525
      0.8000000    -19.3945312      0.0004452
      0.8000000    -19.2968750      0.0005439
      0.8000000    -19.1992188      0.0006289
      0.8000000    -19.1015625      0.0007656
      0.8000000    -19.0039062      0.0008749
      0.8000000    -18.9062500      0.0010302
      0.8000000    -18.8085938      0.0011942
      0.8000000    -18.7109375      0.0013645
      0.8000000    -18.6132812      0.0015866
      0.8000000    -18.5156250      0.0018043
      0.8000000    -18.4179688      0.0020674
      0.8000000    -18.3203125      0.0023613
      0.8000000    -18.2226562      0.0026756
      0.8000000    -18.1250000      0.0030402
      0.8000000    -18.0273438      0.0034408
      0.8000000    -17.9296875      0.0038691
      0.8000000    -17.8320312      0.0043638
      0.8000000    -17.7343750      0.0048878
      0.8000000    -17.6367188      0.0054542
      0.8000000    -17.5390625      0.0061015
      0.8000000    -17.4414062      0.0067540
      0.8000000    -17.3437500      0.0074970
      0.8000000    -17.2460938      0.0082836
      0.8000000    -17.1484375      0.0091064
      0.8000000    -17.0507812      0.0100220
      0.8000000    -16.9531250      0.0109782
      0.8000000    -16.8554688      0.0119961
      0.8000000    -16.7578125      0.0131133
      0.8000000    -16.6601562      0.0142949
      0.8000000    -16.5625000      0.0155552
      0.8000000    -16.4648438      0.0169665
      0.8000000    -16.3671875      0.0184456
      0.8000000    -16.2695312      0.0200766
      0.8000000    -16.1718750      0.0218668
      0.8000000    -16.0742188      0.0237820
      0.8000000    -15.9765625      0.0258568
      0.8000000    -15.8789062      0.0281324
      0.8000000    -15.7812500      0.0305203
      0.8000000    -15.6835938      0.0330838
      0.8000000    -15.5859375      0.0358287
      0.8000000    -15.4882812      0.0386888
      0.8000000    -15.3906250      0.0416966
      0.8000000    -15.2929688      0.0449079
      0.8000000    -15.1953125      0.0482370
      0.8000000    -15.0976562      0.0517489
      0.8000000    -15.0000000      0.0555097
      0.8000000    -14.9023438      0.0594698
      0.8000000    -14.8046875      0.0636416
      0.8000000    -14.7070312      0.0681240
      0.8000000    -14.6093750      0.0728341
      0.8000000    -14.5117188      0.0777435
      0.8000000    -14.4140625      0.0829092
      0.8000000    -14.3164062      0.0883083
      0.8000000    -14.2187500      0.0938320
      0.8000000    -14.1210938      0.0995815
      0.8000000    -14.0234375      0.1055929
      0.8000000    -13.9257812      0.1118030
      0.8000000    -13.8281250      0.1182392
      0.8000000    -13.7304688      0.1250240
      0.8000000    -13.6328125      0.1320607
      0.8000000    -13.5351562      0.1392677
      0.8000000    -13.4375000      0.1467134
      0.8000000    -13.3398438      0.1543865
      0.8000000    -13.2421875      0.1621614
      0.8000000    -13.1445312      0.1700588
      0.8000000    -13.0468750      0.1782356
      0.8000000    -12.9492188      0.1866344
      0.8000000    -12.8515625      0.1951608
      0.8000000    -12.7539062      0.2038707
      0.8000000    -12.6562500      0.2128128
      0.8000000    -12.5585938      0.2218013
      0.8000000    -12.4609375      0.2307434
      0.8000000    -12.3632812      0.2398008
      0.8000000    -12.2656250      0.2490221
      0.8000000    -12.1679688      0.2582754
      0.8000000    -12.0703125      0.2675125
      0.8000000    -11.9726562      0.2768610
      0.8000000    -11.8750000      0.2862557
      0.8000000    -11.7773438      0.2954542
      0.8000000    -11.6796875      0.3044578
      0.8000000    -11.5820312      0.3134860
      0.8000000    -11.4843750      0.3225697
      0.8000000    -11.3867188      0.3314538
      0.8000000    -11.2890625      0.3400624
      0.8000000    -11.1914062      0.3485688
      0.8000000    -11.0937500      0.3569401
      0.8000000    -10.9960938      0.3649415
      0.8000000    -10.8984375      0.3725577
      0.8000000    -10.8007812      0.3800543
      0.8000000    -10.7031250      0.3874720
      0.8000000    -10.6054688      0.3944452
      0.8000000    -10.5078125      0.4007768
      0.8000000    -10.4101562      0.4067376
      0.8000000    -10.3125000      0.4125938
      0.8000000    -10.2148438      0.4181447
      0.8000000    -10.1171875      0.4230206
      0.8000000    -10.0195312      0.4272867
      0.8000000     -9.9218750      0.4312768
      0.8000000     -9.8242188      0.4349672
      0.8000000     -9.7265625      0.4380384
      0.8000000     -9.6289062      0.4404235
      0.8000000     -9.5312500      0.4423819
      0.8000000     -9.4335938      0.4440337
      0.8000000     -9.3359375      0.4451353
      0.8000000     -9.2382812      0.4454927
      0.8000000     -9.1406250      0.4452947
      0.8000000     -9.0429688      0.4447682
      0.8000000     -8.9453125      0.4438048
      0.8000000     -8.8476562      0.4421884
      0.8000000     -8.7500000      0.4399414
      0.8000000     -8.6523438      0.4372504
      0.8000000     -8.5546875      0.4341665
      0.8000000     -8.4570312      0.4305695
      0.8000000     -8.3593750      0.4264406
      0.8000000     -8.2617188      0.4219007
      0.8000000     -8.1640625      0.4169472
      0.8000000     -8.0664062      0.4114660
      0.8000000     -7.9687500      0.4055069
      0.8000000     -7.8710938      0.3992913
      0.8000000     -7.7734375      0.3928754
      0.8000000     -7.6757812      0.3860235
      0.8000000     -7.5781250      0.3786034
      0.8000000     -7.4804688      0.3708485
      0.8000000     -7.3828125      0.3630414
      0.8000000     -7.2851562      0.3551359
      0.8000000     -7.1875000      0.3468748
      0.8000000     -7.0898438      0.3382418
      0.8000000     -6.9921875      0.3294626
      0.8000000     -6.8945312      0.3206154
      0.8000000     -6.7968750      0.3116017
      0.8000000     -6.6992188      0.3024414
      0.8000000     -6.6015625      0.2933284
      0.8000000     -6.5039062      0.2842588
      0.8000000     -6.4062500      0.2749992
      0.8000000     -6.3085938      0.2655362
      0.8000000     -6.2109375      0.2561459
      0.8000000     -6.1132812      0.2469799
      0.8000000     -6.0156250      0.2378692
      0.8000000     -5.9179688      0.2287454
      0.8000000     -5.8203125      0.2197661
      0.8000000     -5.7226562      0.2109440
      0.8000000     -5.6250000      0.2021076
      0.8000000     -5.5273438      0.1932779
      0.8000000     -5.4296875      0.1847073
      0.8000000     -5.3320312      0.1764293
      0.8000000     -5.2343750      0.1683165
      0.8000000     -5.1367188      0.1603817
      0.8000000     -5.0390625      0.1526997
      0.8000000     -4.9414062      0.1451688
      0.8000000     -4.8437500      0.1377418
      0.8000000     -4.7460938      0.1305382
      0.8000000     -4.6484375      0.1235639
      0.8000000     -4.5507812      0.1167845
      0.8000000     -4.4531250      0.1103256
      0.8000000     -4.3554688      0.1042363
      0.8000000     -4.2578125      0.0983106
      0.8000000     -4.1601562      0.0925644
      0.8000000     -4.0625000      0.0871421
      0.8000000     -3.9648438      0.0819108
      0.8000000     -3.8671875      0.0767175
      0.8000000     -3.7695312      0.0717859
      0.8000000     -3.6718750      0.0671717
      0.8000000     -3.5742188      0.0627166
      0.8000000     -3.4765625      0.0584862
      0.8000000     -3.3789062      0.0545974
      0.8000000     -3.2812500      0.0509007
      0.8000000     -3.1835938      0.0474253
      0.8000000     -3.0859375      0.0442113
      0.8000000     -2.9882812      0.0410878
      0.8000000     -2.8906250      0.0380823
      0.8000000     -2.7929688      0.0353490
      0.8000000     -2.6953125      0.0326666
      0.8000000     -2.5976562      0.0300389
      0.8000000     -2.5000000      0.0276652
      0.8000000     -2.4023438      0.0254326
      0.8000000     -2.3046875      0.0232786
      0.8000000     -2.2070312      0.0213671
      0.8000000     -2.1093750      0.0195636
      0.8000000     -2.0117188      0.0179084
      0.8000000     -1.9140625      0.0165056
      0.8000000     -1.8164062      0.0151454
      0.8000000     -1.7187500      0.0138833
      0.8000000     -1.6210938      0.0128622
      0.8000000     -1.5234375      0.0118567
      0.8000000     -1.4257812      0.0109070
      0.8000000     -1.3281250      0.0100957
      0.8000000     -1.2304688      0.0092453
      0.8000000     -1.1328125      0.0085213
      0.8000000     -1.0351562      0.0078215
      0.8000000     -0.9375000      0.0070378
      0.8000000     -0.8398438      0.0063863
      0.8000000     -0.7421875      0.0057156
      0.8000000     -0.6445312      0.0050064
      0.8000000     -0.5468750      0.0043643
      0.8000000     -0.4492188      0.0036220
      0.8000000     -0.3515625      0.0029608
      0.8000000     -0.2539062      0.0023041
      0.8000000     -0.1562500      0.0015444
      0.8000000     -0.0585938      0.0008810
      0.8000000      0.0390625      0.0002317
      0.8000000      0.1367188      0.0000333
      0.8000000      0.2343750      0.0000615
      0.8000000      0.3320312      0.0000972
      0.8000000      0.4296875      0.0000578
      0.8000000      0.5273438      0.0001123
      0.8000000      0.6250000      0.0001425
      0.8000000      0.7226562      0.0001048
      0.8000000      0.8203125      0.0001709
      0.8000000      0.9179688      0.0001831
      0.8000000      1.0156250      0.0001528
      0.8000000      1.1132812      0.0002224
      0.8000000      1.2109375      0.0002107
      0.8000000      1.3085938      0.0002022
      0.8000000      1.4062500      0.0002645
      0.8000000      1.5039062      0.0002307
      0.8000000      1.6015625      0.0002483
      0.8000000      1.6992188      0.0002901
      0.8000000      1.7968750      0.0002435
      0.8000000      1.8945312      0.0002863
      0.8000000      1.9921875      0.0002942
      0.8000000      2.0898438      0.0002536
      0.8000000      2.1875000      0.0003068
      0.8000000      2.2851562      0.0002755
      0.8000000      2.3828125      0.0002628
      0.8000000      2.4804688      0.0002994
      0.8000000      2.5781250      0.0002411
      0.8000000      2.6757812      0.0002625
      0.8000000      2.7734375      0.0002593
      0.8000000      2.8710938      0.0002039
      0.8000000      2.9687500      0.0002404
      0.8000000      3.0664062      0.0001953
      0.8000000      3.1640625      0.0001736
      0.8000000      3.2617188      0.0001957
      0.8000000      3.3593750      0.0001326
      0.8000000      3.4570312      0.0001517
      0.8000000      3.5546875      0.0001473
      0.8000000      3.6523438      0.0000978
      0.8000000      3.7500000      0.0001384
      0.8000000      3.8476562      0.0001079
      0.8000000      3.9453125      0.0000919
      0.8000000      4.0429688      0.0001258
      0.8000000      4.1406250      0.0000788
      0.8000000      4.2382812      0.0001026
      0.8000000      4.3359375      0.0001151
      0.8000000      4.4335938      0.0000728
      0.8000000      4.5312500      0.0001188
      0.8000000      4.6289062      0.0000889
      0.8000000      4.7265625      0.0000816
      0.8000000      4.8242188      0.0001056
      0.8000000      4.9218750      0.0000555
      0.8000000      5.0195312      0.0000927
      0.8000000      5.1171875      0.0000859
      0.8000000      5.2148438      0.0000596
      0.8000000      5.3125000      0.0000962
      0.8000000      5.4101562      0.0000514
      0.8000000      5.5078125      0.0000716
      0.8000000      5.6054688      0.0000822
      0.8000000      5.7031250      0.0000438
      0.8000000      5.8007812      0.0000864
      0.8000000      5.8984375      0.0000492
      0.8000000      5.9960938      0.0000574
      0.8000000      6.0937500      0.0000758
      0.8000000      6.1914062      0.0000357
      0.8000000      6.2890625      0.0000781
      0.8000000      6.3867188      0.0000470
      0.8000000      6.4843750      0.0000470
      0.8000000      6.5820312      0.0000711
      0.8000000      6.6796875      0.0000277
      0.8000000      6.7773438      0.0000670
      0.8000000      6.8750000      0.0000403
      0.8000000      6.9726562      0.0000440
      0.8000000      7.0703125      0.0000669
      0.8000000      7.1679688      0.0000220
      0.8000000      7.2656250      0.0000596
      0.8000000      7.3632812      0.0000393
      0.8000000      7.4609375      0.0000447
      0.8000000      7.5585938      0.0000536
      0.8000000      7.6562500      0.0000136
      0.8000000      7.7539062      0.0000595
      0.8000000      7.8515625      0.0000290
      0.8000000      7.9492188      0.0000439
      0.8000000      8.0468750      0.0000489
      0.8000000      8.1445312      0.0000213
      0.8000000      8.2421875      0.0000535
      0.8000000      8.3398438      0.0000144
      0.8000000      8.4375000      0.0000474
      0.8000000      8.5351562      0.0000370
      0.8000000      8.6328125      0.0000257
      0.8000000      8.7304688      0.0000522
      0.8000000      8.8281250      0.0000102
      0.8000000      8.9257812      0.0000438
      0.8000000      9.0234375      0.0000263
      0.8000000      9.1210938      0.0000391
      0.8000000      9.2187500      0.0000358
      0.8000000      9.3164062      0.0000158
      0.8000000      9.4140625      0.0000488
      0.8000000      9.5117188      0.0000070
      0.8000000      9.6093750      0.0000425
      0.8000000      9.7070312      0.0000215
      0.8000000      9.8046875      0.0000265
      0.8000000      9.9023438      0.0000408
      0.8000000     10.0000000      0.0000164
      0.8000000     10.0976562      0.0000433
      0.8000000     10.1953125      0.0000060
      0.8000000     10.2929688      0.0000340
      0.8000000     10.3906250      0.0000235
      0.8000000     10.4882812      0.0000322
      0.8000000     10.5859375      0.0000332
      0.8000000     10.6835938      0.0000208
      0.8000000     10.7812500      0.0000349
      0.8000000     10.8789062      0.0000019
      0.8000000     10.9765625      0.0000342
      0.8000000     11.0742188      0.0000151
      0.8000000     11.1718750      0.0000368
      0.8000000     11.2695312      0.0000254
      0.8000000     11.3671875      0.0000284
      0.8000000     11.4648438      0.0000292
      0.8000000     11.5625000      0.0000137
      0.8000000     11.6601562      0.0000286
      0.8000000     11.7578125      0.0000016
      0.8000000     11.8554688      0.0000332
      0.8000000     11.9531250      0.0000137
      0.8000000     12.0507812      0.0000310
      0.8000000     12.1484375      0.0000227
      0.8000000     12.2460938      0.0000286
      0.8000000     12.3437500      0.0000268
      0.8000000     12.4414062      0.0000250
      0.8000000     12.5390625      0.0000335
      0.8000000     12.6367188      0.0000159
      0.8000000     12.7343750      0.0000327
      0.8000000     12.8320312      0.0000136
      0.8000000     12.9296875      0.0000333
      0.8000000     13.0273438      0.0000080
      0.8000000     13.1250000      0.0000346
      0.8000000     13.2226562      0.0000124
      0.8000000     13.3203125      0.0000303
      0.8000000     13.4179688      0.0000152
      0.8000000     13.5156250      0.0000315
      0.8000000     13.6132812      0.0000205
      0.8000000     13.7109375      0.0000279
      0.8000000     13.8085938      0.0000272
      0.8000000     13.9062500      0.0000232
      0.8000000     14.0039062      0.0000266
      0.8000000     14.1015625      0.0000203
      0.8000000     14.1992188      0.0000295
      0.8000000     14.2968750      0.0000101
      0.8000000     14.3945312      0.0000229
      0.8000000     14.4921875      0.0000092
      0.8000000     14.5898438      0.0000187
      0.8000000     14.6875000      0.0000156
      0.8000000     14.7851562      0.0000286
      0.8000000     14.8828125      0.0000155
      0.8000000     14.9804688      0.0000305
      0.8000000     15.0781250      0.0000160
      0.8000000     15.1757812      0.0000252
      0.8000000     15.2734375      0.0000063
      0.8000000     15.3710938      0.0000224
      0.8000000     15.4687500      0.0000145
      0.8000000     15.5664062      0.0000283
      0.8000000     15.6640625      0.0000188
      0.8000000     15.7617188      0.0000245
      0.8000000     15.8593750      0.0000088
      0.8000000     15.9570312      0.0000230
      0.8000000     16.0546875      0.0000206
      0.8000000     16.1523438      0.0000250
      0.8000000     16.2500000      0.0000145
      0.8000000     16.3476562      0.0000138
      0.8000000     16.4453125      0.0000243
      0.8000000     16.5429688      0.0000267
      0.8000000     16.6406250      0.0000151
      0.8000000     16.7382812      0.0000079
      0.8000000     16.8359375      0.0000317
      0.8000000     16.9335938      0.0000180
      0.8000000     17.0312500      0.0000167
      0.8000000     17.1289062      0.0000161
      0.8000000     17.2265625      0.0000280
      0.8000000     17.3242188      0.0000073
      0.8000000     17.4218750      0.0000227
      0.8000000     17.5195312      0.0000189
      0.8000000     17.6171875      0.0000158
      0.8000000     17.7148438      0.0000228
      0.8000000     17.8125000      0.0000191
      0.8000000     17.9101562      0.0000180
      0.8000000     18.0078125      0.0000171
      0.8000000     18.1054688      0.0000211
      0.8000000     18.2031250      0.0000169
      0.8000000     18.3007812      0.0000241
      0.8000000     18.3984375      0.0000174
      0.8000000     18.4960938      0.0000242
      0.8000000     18.5937500      0.0000141
      0.8000000     18.6914062      0.0000205
      0.8000000     18.7890625      0.0000053
      0.8000000     18.8867188      0.0000415
      0.8000000     18.9843750      0.0000339
      0.8000000     19.0820312      0.0000373
      0.8000000     19.1796875      0.0000383
      0.8000000     19.2773438      0.0000479
      0.8000000     19.3750000      0.0000471
      0.8000000     19.4726562      0.0000346
      0.8000000     19.5703125      0.0000394
      0.8000000     19.6679688      0.0000483
      0.8000000     19.7656250      0.0000050
      0.8000000     19.8632812      0.0000050
      0.8000000     19.9609375      0.0000130


      0.9000000    -19.9804688      0.0000155
      0.9000000    -19.8828125      0.0000723
      0.9000000    -19.7851562      0.0001259
      0.9000000    -19.6875000      0.0001974
      0.9000000    -19.5898438      0.0002557
      0.9000000    -19.4921875      0.0003229
      0.9000000    -19.3945312      0.0004107
      0.9000000    -19.2968750      0.0004809
      0.9000000    -19.1992188      0.0005770
      0.9000000    -19.1015625      0.0006893
      0.9000000    -19.0039062      0.0007840
      0.9000000    -18.9062500      0.0009249
      0.9000000    -18.8085938      0.0010741
      0.9000000    -18.7109375      0.0012114
      0.9000000    -18.6132812      0.0014154
      0.9000000    -18.5156250      0.0016139
      0.9000000    -18.4179688      0.0018206
      0.9000000    -18.3203125      0.0021086
      0.9000000    -18.2226562      0.0023780
      0.9000000    -18.1250000      0.0026815
      0.9000000    -18.0273438      0.0030685
      0.9000000    -17.9296875      0.0034367
      0.9000000    -17.8320312      0.0038672
      0.9000000    -17.7343750      0.0043724
      0.9000000    -17.6367188      0.0048740
      0.9000000    -17.5390625      0.0054479
      0.9000000    -17.4414062      0.0060933
      0.9000000    -17.3437500      0.0067656
      0.9000000    -17.2460938      0.0074892
      0.9000000    -17.1484375      0.0083020
      0.9000000    -17.0507812      0.0091635
      0.9000000    -16.9531250      0.0100530
      0.9000000    -16.8554688      0.0110632
      0.9000000    -16.7578125      0.0121276
      0.9000000    -16.6601562      0.0132194
      0.9000000    -16.5625000      0.0144568
      0.9000000    -16.4648438      0.0157662
      0.9000000    -16.3671875      0.0171323
      0.9000000    -16.2695312      0.0186380
      0.9000000    -16.1718750      0.0202865
      0.9000000    -16.0742188      0.0220228
      0.9000000    -15.9765625      0.0238892
      0.9000000    -15.8789062      0.0259806
      0.9000000    -15.7812500      0.0281898
      0.9000000    -15.6835938      0.0305326
      0.9000000    -15.5859375      0.0331123
      0.9000000    -15.4882812      0.0358684
      0.9000000    -15.3906250      0.0387437
      0.9000000    -15.2929688      0.0417947
      0.9000000    -15.1953125      0.0450911
      0.9000000    -15.0976562      0.0484945
      0.9000000    -15.0000000      0.0520301
      0.9000000    -14.9023438      0.0558124
      0.9000000    -14.8046875      0.0598015
      0.9000000    -14.7070312      0.0639270
      0.9000000    -14.6093750      0.0682686
      0.9000000    -14.5117188      0.0729500
      0.9000000    -14.4140625      0.0778416
      0.9000000    -14.3164062      0.0829231
      0.9000000    -14.2187500      0.0882963
      0.9000000    -14.1210938      0.0939924
      0.9000000    -14.0234375      0.0998423
      0.9000000    -13.9257812      0.1058348
      0.9000000    -13.8281250      0.1121098
      0.9000000    -13.7304688      0.1186459
      0.9000000    -13.6328125      0.1253019
      0.9000000    -13.5351562      0.1321182
      0.9000000    -13.4375000      0.1392968
      0.9000000    -13.3398438      0.1467716
      0.9000000    -13.2421875      0.1543850
      0.9000000    -13.1445312      0.1621557
      0.9000000    -13.0468750      0.1702616
      0.9000000    -12.9492188      0.1785777
      0.9000000    -12.8515625      0.1869027
      0.9000000    -12.7539062      0.1952675
      0.9000000    -12.6562500      0.2039173
      0.9000000    -12.5585938      0.2127980
      0.9000000    -12.4609375      0.2216999
      0.9000000    -12.3632812      0.2306166
      0.9000000    -12.2656250      0.2397978
      0.9000000    -12.1679688      0.2491849
      0.9000000    -12.0703125      0.2584688
      0.9000000    -11.9726562      0.2675376
      0.9000000    -11.8750000      0.2766857
      0.9000000    -11.7773438      0.2860321
      0.9000000    -11.6796875      0.2953292
      0.9000000    -11.5820312      0.3043537
      0.9000000    -11.4843750      0.3133288
      0.9000000    -11.3867188      0.3224351
      0.9000000    -11.2890625      0.3314589
      0.9000000    -11.1914062      0.3400182
      0.9000000    -11.0937500      0.3482153
      0.9000000    -10.9960938      0.3564211
      0.9000000    -10.8984375      0.3646771
      0.9000000    -10.8007812      0.3725903
      0.9000000    -10.7031250      0.3799678
      0.9000000    -10.6054688      0.3870098
      0.9000000    -10.5078125      0.3939333
      0.9000000    -10.4101562      0.4005627
      0.9000000    -10.3125000      0.4066461
      0.9000000    -10.2148438      0.4122485
      0.9000000    -10.1171875      0.4175799
      0.9000000    -10.0195312      0.4226411
      0.9000000     -9.9218750      0.4271714
      0.9000000     -9.8242188      0.4310877
      0.9000000     -9.7265625      0.4344905
      0.9000000     -9.6289062      0.4375074
      0.9000000     -9.5312500      0.4401074
      0.9000000     -9.4335938      0.4422159
      0.9000000     -9.3359375      0.4437904
      0.9000000     -9.2382812      0.4447631
      0.9000000     -9.1406250      0.4451343
      0.9000000     -9.0429688      0.4449896
      0.9000000     -8.9453125      0.4444857
      0.9000000     -8.8476562      0.4435702
      0.9000000     -8.7500000      0.4420286
      0.9000000     -8.6523438      0.4397743
      0.9000000     -8.5546875      0.4369824
      0.9000000     -8.4570312      0.4338849
      0.9000000     -8.3593750      0.4304196
      0.9000000     -8.2617188      0.4264238
      0.9000000     -8.1640625      0.4218398
      0.9000000     -8.0664062      0.4167961
      0.9000000     -7.9687500      0.4113779
      0.9000000     -7.8710938      0.4055579
      0.9000000     -7.7734375      0.3993467
      0.9000000     -7.6757812      0.3927976
      0.9000000     -7.5781250      0.3859529
      0.9000000     -7.4804688      0.3787643
      0.9000000     -7.3828125      0.3711912
      0.9000000     -7.2851562      0.3632833
      0.9000000     -7.1875000      0.3551446
      0.9000000     -7.0898438      0.3468448
      0.9000000     -6.9921875      0.3384292
      0.9000000     -6.8945312      0.3298451
      0.9000000     -6.7968750      0.3210445
      0.9000000     -6.6992188      0.3119928
      0.9000000     -6.6015625      0.3027961
      0.9000000     -6.5039062      0.2935930
      0.9000000     -6.4062500      0.2844258
      0.9000000     -6.3085938      0.2752223
      0.9000000     -6.2109375      0.2659899
      0.9000000     -6.1132812      0.2567774
      0.9000000     -6.0156250      0.2476161
      0.9000000     -5.9179688      0.2384145
      0.9000000     -5.8203125      0.2291756
      0.9000000     -5.7226562      0.2200511
      0.9000000     -5.6250000      0.2111799
      0.9000000     -5.5273438      0.2024764
      0.9000000     -5.4296875      0.1938690
      0.9000000     -5.3320312      0.1853927
      0.9000000     -5.2343750      0.1771317
      0.9000000     -5.1367188      0.1690107
      0.9000000     -5.0390625      0.1609510
      0.9000000     -4.9414062      0.1530371
      0.9000000     -4.8437500      0.1454234
      0.9000000     -4.7460938      0.1380828
      0.9000000     -4.6484375      0.1309333
      0.9000000     -4.5507812      0.1240364
      0.9000000     -4.4531250      0.1174520
      0.9000000     -4.3554688      0.1110990
      0.9000000     -4.2578125      0.1048751
      0.9000000     -4.1601562      0.0988546
      0.9000000     -4.0625000      0.0930700
      0.9000000     -3.9648438      0.0874786
      0.9000000     -3.8671875      0.0820599
      0.9000000     -3.7695312      0.0769348
      0.9000000     -3.6718750      0.0720962
      0.9000000     -3.5742188      0.0674673
      0.9000000     -3.4765625      0.0630897
      0.9000000     -3.3789062      0.0590271
      0.9000000     -3.2812500      0.0551764
      0.9000000     -3.1835938      0.0514254
      0.9000000     -3.0859375      0.0479109
      0.9000000     -2.9882812      0.0446373
      0.9000000     -2.8906250      0.0414392
      0.9000000     -2.7929688      0.0383152
      0.9000000     -2.6953125      0.0354455
      0.9000000     -2.5976562      0.0327758
      0.9000000     -2.5000000      0.0301416
      0.9000000     -2.4023438      0.0276930
      0.9000000     -2.3046875      0.0255081
      0.9000000     -2.2070312      0.0234490
      0.9000000     -2.1093750      0.0215006
      0.9000000     -2.0117188      0.0197827
      0.9000000     -1.9140625      0.0182286
      0.9000000     -1.8164062      0.0167468
      0.9000000     -1.7187500      0.0154622
      0.9000000     -1.6210938      0.0142979
      0.9000000     -1.5234375      0.0131412
      0.9000000     -1.4257812      0.0121372
      0.9000000     -1.3281250      0.0112625
      0.9000000     -1.2304688      0.0103418
      0.9000000     -1.1328125      0.0094593
      0.9000000     -1.0351562      0.0087188
      0.9000000     -0.9375000      0.0079375
      0.9000000     -0.8398438      0.0071181
      0.9000000     -0.7421875      0.0064023
      0.9000000     -0.6445312      0.0056329
      0.9000000     -0.5468750      0.0048457
      0.9000000     -0.4492188      0.0041471
      0.9000000     -0.3515625      0.0033326
      0.9000000     -0.2539062      0.0025136
      0.9000000     -0.1562500      0.0018050
      0.9000000     -0.0585938      0.0009793
      0.9000000      0.0390625      0.0002662
      0.9000000      0.1367188      0.0001054
      0.9000000      0.2343750      0.0000219
      0.9000000      0.3320312      0.0000702
      0.9000000      0.4296875      0.0001077
      0.9000000      0.5273438      0.0000724
      0.9000000      0.6250000      0.0000898
      0.9000000      0.7226562      0.0001515
      0.9000000      0.8203125      0.0001400
      0.9000000      0.9179688      0.0001169
      0.9000000      1.0156250      0.0001821
      0.9000000      1.1132812      0.0001994
      0.9000000      1.2109375      0.0001593
      0.9000000      1.3085938      0.0002010
      0.9000000      1.4062500      0.0002447
      0.9000000      1.5039062      0.0002092
      0.9000000      1.6015625      0.0002146
      0.9000000      1.6992188      0.0002720
      0.9000000      1.7968750      0.0002510
      0.9000000      1.8945312      0.0002273
      0.9000000      1.9921875      0.0002821
      0.9000000      2.0898438      0.0002775
      0.9000000      2.1875000      0.0002363
      0.9000000      2.2851562      0.0002806
      0.9000000      2.3828125      0.0002914
      0.9000000      2.4804688      0.0002376
      0.9000000      2.5781250      0.0002619
      0.9000000      2.6757812      0.0002834
      0.9000000      2.7734375      0.0002306
      0.9000000      2.8710938      0.0002360
      0.9000000      2.9687500      0.0002634
      0.9000000      3.0664062      0.0002108
      0.9000000      3.1640625      0.0002006
      0.9000000      3.2617188      0.0002321
      0.9000000      3.3593750      0.0001847
      0.9000000      3.4570312      0.0001569
      0.9000000      3.5546875      0.0001911
      0.9000000      3.6523438      0.0001575
      0.9000000      3.7500000      0.0001194
      0.9000000      3.8476562      0.0001551
      0.9000000      3.9453125      0.0001349
      0.9000000      4.0429688      0.0000895
      0.9000000      4.1406250      0.0001273
      0.9000000      4.2382812      0.0001244
      0.9000000      4.3359375      0.0000750
      0.9000000      4.4335938      0.0001067
      0.9000000      4.5312500      0.0001208
      0.9000000      4.6289062      0.0000761
      0.9000000      4.7265625      0.0000972
      0.9000000      4.8242188      0.0001187
      0.9000000      4.9218750      0.0000755
      0.9000000      5.0195312      0.0000916
      0.9000000      5.1171875      0.0001151
      0.9000000      5.2148438      0.0000694
      0.9000000      5.3125000      0.0000785
      0.9000000      5.4101562      0.0001042
      0.9000000      5.5078125      0.0000629
      0.9000000      5.6054688      0.0000649
      0.9000000      5.7031250      0.0000956
      0.9000000      5.8007812      0.0000617
      0.9000000      5.8984375      0.0000621
      0.9000000      5.9960938      0.0000931
      0.9000000      6.0937500      0.0000556
      0.9000000      6.1914062      0.0000574
      0.9000000      6.2890625      0.0000863
      0.9000000      6.3867188      0.0000509
      0.9000000      6.4843750      0.0000494
      0.9000000      6.5820312      0.0000821
      0.9000000      6.6796875      0.0000499
      0.9000000      6.7773438      0.0000524
      0.9000000      6.8750000      0.0000761
      0.9000000      6.9726562      0.0000378
      0.9000000      7.0703125      0.0000477
      0.9000000      7.1679688      0.0000740
      0.9000000      7.2656250      0.0000375
      0.9000000      7.3632812      0.0000509
      0.9000000      7.4609375      0.0000696
      0.9000000      7.5585938      0.0000282
      0.9000000      7.6562500      0.0000457
      0.9000000      7.7539062      0.0000637
      0.9000000      7.8515625      0.0000260
      0.9000000      7.9492188      0.0000537
      0.9000000      8.0468750      0.0000563
      0.9000000      8.1445312      0.0000140
      0.9000000      8.2421875      0.0000527
      0.9000000      8.3398438      0.0000570
      0.9000000      8.4375000      0.0000151
      0.9000000      8.5351562      0.0000520
      0.9000000      8.6328125      0.0000454
      0.9000000      8.7304688      0.0000168
      0.9000000      8.8281250      0.0000557
      0.9000000      8.9257812      0.0000352
      0.9000000      9.0234375      0.0000218
      0.9000000      9.1210938      0.0000543
      0.9000000      9.2187500      0.0000308
      0.9000000      9.3164062      0.0000321
      0.9000000      9.4140625      0.0000504
      0.9000000      9.5117188      0.0000219
      0.9000000      9.6093750      0.0000359
      0.9000000      9.7070312      0.0000463
      0.9000000      9.8046875      0.0000069
      0.9000000      9.9023438      0.0000393
      0.9000000     10.0000000      0.0000417
      0.9000000     10.0976562      0.0000111
      0.9000000     10.1953125      0.0000436
      0.9000000     10.2929688      0.0000356
      0.9000000     10.3906250      0.0000200
      0.9000000     10.4882812      0.0000434
      0.9000000     10.5859375      0.0000236
      0.9000000     10.6835938      0.0000279
      0.9000000     10.7812500      0.0000395
      0.9000000     10.8789062      0.0000075
      0.9000000     10.9765625      0.0000373
      0.9000000     11.0742188      0.0000343
      0.9000000     11.1718750      0.0000076
      0.9000000     11.2695312      0.0000426
      0.9000000     11.3671875      0.0000266
      0.9000000     11.4648438      0.0000171
      0.9000000     11.5625000      0.0000411
      0.9000000     11.6601562      0.0000120
      0.9000000     11.7578125      0.0000258
      0.9000000     11.8554688      0.0000358
      0.9000000     11.9531250      0.0000066
      0.9000000     12.0507812      0.0000342
      0.9000000     12.1484375      0.0000294
      0.9000000     12.2460938      0.0000205
      0.9000000     12.3437500      0.0000357
      0.9000000     12.4414062      0.0000160
      0.9000000     12.5390625      0.0000270
      0.9000000     12.6367188      0.0000308
      0.9000000     12.7343750      0.0000062
      0.9000000     12.8320312      0.0000304
      0.9000000     12.9296875      0.0000232
      0.9000000     13.0273438      0.0000247
      0.9000000     13.1250000      0.0000340
      0.9000000     13.2226562      0.0000085
      0.9000000     13.3203125      0.0000284
      0.9000000     13.4179688      0.0000310
      0.9000000     13.5156250      0.0000157
      0.9000000     13.6132812      0.0000271
      0.9000000     13.7109375      0.0000082
      0.9000000     13.8085938      0.0000073
      0.9000000     13.9062500      0.0000458
      0.9000000     14.0039062      0.0000406
      0.9000000     14.1015625      0.0000740
      0.9000000     14.1992188      0.0000423
      0.9000000     14.2968750      0.0000372
      0.9000000     14.3945312      0.0000228
      0.9000000     14.4921875      0.0000285
      0.9000000     14.5898438      0.0000663
      0.9000000     14.6875000      0.0000285
      0.9000000     14.7851562      0.0000137
      0.9000000     14.8828125      0.0000548
      0.9000000     14.9804688      0.0000322
      0.9000000     15.0781250      0.0000206
      0.9000000     15.1757812      0.0000403
      0.9000000     15.2734375      0.0000271
      0.9000000     15.3710938      0.0000247
      0.9000000     15.4687500      0.0000213
      0.9000000     15.5664062      0.0000305
      0.9000000     15.6640625      0.0000347
      0.9000000     15.7617188      0.0000215
      0.9000000     15.8593750      0.0000422
      0.9000000     15.9570312      0.0000218
      0.9000000     16.0546875      0.0000129
      0.9000000     16.1523438      0.0000156
      0.9000000     16.2500000      0.0000451
      0.9000000     16.3476562      0.0000339
      0.9000000     16.4453125      0.0000168
      0.9000000     16.5429688      0.0000432
      0.9000000     16.6406250      0.0000195
      0.9000000     16.7382812      0.0000153
      0.9000000     16.8359375      0.0000414
      0.9000000     16.9335938      0.0000285
      0.9000000     17.0312500      0.0000081
      0.9000000     17.1289062      0.0000351
      0.9000000     17.2265625      0.0000387
      0.9000000     17.3242188      0.0000206
      0.9000000     17.4218750      0.0000319
      0.9000000     17.5195312      0.0000274
      0.9000000     17.6171875      0.0000083
      0.9000000     17.7148438      0.0000390
      0.9000000     17.8125000      0.0000290
      0.9000000     17.9101562      0.0000342
      0.9000000     18.0078125      0.0000267
      0.9000000     18.1054688      0.0000252
      0.9000000     18.2031250      0.0000339
      0.9000000     18.3007812      0.0000289
      0.9000000     18.3984375      0.0000145
      0.9000000     18.4960938      0.0000320
      0.9000000     18.5937500      0.0000256
      0.9000000     18.6914062      0.0000086
      0.9000000     18.7890625      0.0000252
      0.9000000     18.8867188      0.0000275
      0.9000000     18.9843750      0.0000144
      0.9000000     19.0820312      0.0000368
      0.9000000     19.1796875      0.0000325
      0.9000000     19.2773438      0.0000320
      0.9000000     19.3750000      0.0000221
      0.9000000     19.4726562      0.0000139
      0.9000000     19.5703125      0.0000100
      0.9000000     19.6679688      0.0000473
      0.9000000     19.7656250      0.0000045
      0.9000000     19.8632812      0.0000336
      0.9000000     19.9609375      0.0000187


      1.0000000    -19.9804688      0.0000192
      1.0000000    -19.8828125      0.0000807
      1.0000000    -19.7851562      0.0000996
      1.0000000    -19.6875000      0.0001769
      1.0000000    -19.5898438      0.0002549
      1.0000000    -19.4921875      0.0002841
      1.0000000    -19.3945312      0.0003639
      1.0000000    -19.2968750      0.0004634
      1.0000000    -19.1992188      0.0005162
      1.0000000    -19.1015625      0.0006087
      1.0000000    -19.0039062      0.0007385
      1.0000000    -18.9062500      0.0008308
      1.0000000    -18.8085938      0.0009483
      1.0000000    -18.7109375      0.0011171
      1.0000000    -18.6132812      0.0012690
      1.0000000    -18.5156250      0.0014327
      1.0000000    -18.4179688      0.0016501
      1.0000000    -18.3203125      0.0018833
      1.0000000    -18.2226562      0.0021206
      1.0000000    -18.1250000      0.0024002
      1.0000000    -18.0273438      0.0027345
      1.0000000    -17.9296875      0.0030839
      1.0000000    -17.8320312      0.0034471
      1.0000000    -17.7343750      0.0038960
      1.0000000    -17.6367188      0.0043945
      1.0000000    -17.5390625      0.0048764
      1.0000000    -17.4414062      0.0054506
      1.0000000    -17.3437500      0.0061239
      1.0000000    -17.2460938      0.0067716
      1.0000000    -17.1484375      0.0074871
      1.0000000    -17.0507812      0.0083429
      1.0000000    -16.9531250      0.0092012
      1.0000000    -16.8554688      0.0100921
      1.0000000    -16.7578125      0.0111218
      1.0000000    -16.6601562      0.0122241
      1.0000000    -16.5625000      0.0133535
      1.0000000    -16.4648438      0.0145621
      1.0000000    -16.3671875      0.0159170
      1.0000000    -16.2695312      0.0173654
      1.0000000    -16.1718750      0.0188288
      1.0000000    -16.0742188      0.0204471
      1.0000000    -15.9765625      0.0222691
      1.0000000    -15.8789062      0.0241378
      1.0000000    -15.7812500      0.0261122
      1.0000000    -15.6835938      0.0283250
      1.0000000    -15.5859375      0.0307248
      1.0000000    -15.4882812      0.0332323
      1.0000000    -15.3906250      0.0358776
      1.0000000    -15.2929688      0.0388069
      1.0000000    -15.1953125      0.0419594
      1.0000000    -15.0976562      0.0451661
      1.0000000    -15.0000000      0.0485627
      1.0000000    -14.9023438      0.0522543
      1.0000000    -14.8046875      0.0561279
      1.0000000    -14.7070312      0.0600797
      1.0000000    -14.6093750      0.0641914
      1.0000000    -14.5117188      0.0686525
      1.0000000    -14.4140625      0.0733344
      1.0000000    -14.3164062      0.0780861
      1.0000000    -14.2187500      0.0830765
      1.0000000    -14.1210938      0.0884537
      1.0000000    -14.0234375      0.0941415
      1.0000000    -13.9257812      0.0999184
      1.0000000    -13.8281250      0.1058775
      1.0000000    -13.7304688      0.1122573
      1.0000000    -13.6328125      0.1189276
      1.0000000    -13.5351562      0.1256539
      1.0000000    -13.4375000      0.1324387
      1.0000000    -13.3398438      0.1395728
      1.0000000    -13.2421875      0.1470810
      1.0000000    -13.1445312      0.1546557
      1.0000000    -13.0468750      0.1622591
      1.0000000    -12.9492188      0.1701546
      1.0000000    -12.8515625      0.1785208
      1.0000000    -12.7539062      0.1870536
      1.0000000    -12.6562500      0.1954948
      1.0000000    -12.5585938      0.2040233
      1.0000000    -12.4609375      0.2128933
      1.0000000    -12.3632812      0.2219937
      1.0000000    -12.2656250      0.2309396
      1.0000000    -12.1679688      0.2397821
      1.0000000    -12.0703125      0.2488376
      1.0000000    -11.9726562      0.2582303
      1.0000000    -11.8750000      0.2676412
      1.0000000    -11.7773438      0.2768216
      1.0000000    -11.6796875      0.2859347
      1.0000000    -11.5820312      0.2951669
      1.0000000    -11.4843750      0.3044362
      1.0000000    -11.3867188      0.3134526
      1.0000000    -11.2890625      0.3222262
      1.0000000    -11.1914062      0.3309076
      1.0000000    -11.0937500      0.3396078
      1.0000000    -10.9960938      0.3481797
      1.0000000    -10.8984375      0.3565025
      1.0000000    -10.8007812      0.3645218
      1.0000000    -10.7031250      0.3722221
      1.0000000    -10.6054688      0.3795949
      1.0000000    -10.5078125      0.3866954
      1.0000000    -10.4101562      0.3936007
      1.0000000    -10.3125000      0.4002050
      1.0000000    -10.2148438      0.4063629
      1.0000000    -10.1171875      0.4120002
      1.0000000    -10.0195312      0.4172753
      1.0000000     -9.9218750      0.4222237
      1.0000000     -9.8242188      0.4267508
      1.0000000     -9.7265625      0.4306954
      1.0000000     -9.6289062      0.4341403
      1.0000000     -9.5312500      0.4371669
      1.0000000     -9.4335938      0.4397936
      1.0000000     -9.3359375      0.4418738
      1.0000000     -9.2382812      0.4433935
      1.0000000     -9.1406250      0.4443609
      1.0000000     -9.0429688      0.4448323
      1.0000000     -8.9453125      0.4447592
      1.0000000     -8.8476562      0.4442006
      1.0000000     -8.7500000      0.4431739
      1.0000000     -8.6523438      0.4416760
      1.0000000     -8.5546875      0.4395725
      1.0000000     -8.4570312      0.4368941
      1.0000000     -8.3593750      0.4337257
      1.0000000     -8.2617188      0.4301741
      1.0000000     -8.1640625      0.4261604
      1.0000000     -8.0664062      0.4216612
      1.0000000     -7.9687500      0.4166991
      1.0000000     -7.8710938      0.4113655
      1.0000000     -7.7734375      0.4056222
      1.0000000     -7.6757812      0.3994218
      1.0000000     -7.5781250      0.3927890
      1.0000000     -7.4804688      0.3858477
      1.0000000     -7.3828125      0.3786765
      1.0000000     -7.2851562      0.3712525
      1.0000000     -7.1875000      0.3635515
      1.0000000     -7.0898438      0.3555356
      1.0000000     -6.9921875      0.3472175
      1.0000000     -6.8945312      0.3386045
      1.0000000     -6.7968750      0.3298576
      1.0000000     -6.6992188      0.3210737
      1.0000000     -6.6015625      0.3122643
      1.0000000     -6.5039062      0.3032899
      1.0000000     -6.4062500      0.2941363
      1.0000000     -6.3085938      0.2849125
      1.0000000     -6.2109375      0.2756971
      1.0000000     -6.1132812      0.2664561
      1.0000000     -6.0156250      0.2571159
      1.0000000     -5.9179688      0.2478024
      1.0000000     -5.8203125      0.2386456
      1.0000000     -5.7226562      0.2296954
      1.0000000     -5.6250000      0.2208090
      1.0000000     -5.5273438      0.2119206
      1.0000000     -5.4296875      0.2031088
      1.0000000     -5.3320312      0.1944516
      1.0000000     -5.2343750      0.1859604
      1.0000000     -5.1367188      0.1775481
      1.0000000     -5.0390625      0.1692828
      1.0000000     -4.9414062      0.1612646
      1.0000000     -4.8437500      0.1535495
      1.0000000     -4.7460938      0.1460787
      1.0000000     -4.6484375      0.1387598
      1.0000000     -4.5507812      0.1316499
      1.0000000     -4.4531250      0.1247739
      1.0000000     -4.3554688      0.1181225
      1.0000000     -4.2578125      0.1116209
      1.0000000     -4.1601562      0.1052658
      1.0000000     -4.0625000      0.0991772
      1.0000000     -3.9648438      0.0933648
      1.0000000     -3.8671875      0.0877987
      1.0000000     -3.7695312      0.0824448
      1.0000000     -3.6718750      0.0773592
      1.0000000     -3.5742188      0.0726072
      1.0000000     -3.4765625      0.0680792
      1.0000000     -3.3789062      0.0637222
      1.0000000     -3.2812500      0.0595741
      1.0000000     -3.1835938      0.0556651
      1.0000000     -3.0859375      0.0519451
      1.0000000     -2.9882812      0.0483111
      1.0000000     -2.8906250      0.0448458
      1.0000000     -2.7929688      0.0416278
      1.0000000     -2.6953125      0.0385552
      1.0000000     -2.5976562      0.0355901
      1.0000000     -2.5000000      0.0328133
      1.0000000     -2.4023438      0.0302932
      1.0000000     -2.3046875      0.0279419
      1.0000000     -2.2070312      0.0256720
      1.0000000     -2.1093750      0.0236228
      1.0000000     -2.0117188      0.0218342
      1.0000000     -1.9140625      0.0201338
      1.0000000     -1.8164062      0.0185075
      1.0000000     -1.7187500      0.0170863
      1.0000000     -1.6210938      0.0158546
      1.0000000     -1.5234375      0.0146514
      1.0000000     -1.4257812      0.0134708
      1.0000000     -1.3281250      0.0124658
      1.0000000     -1.2304688      0.0115613
      1.0000000     -1.1328125      0.0105957
      1.0000000     -1.0351562      0.0096791
      1.0000000     -0.9375000      0.0088706
      1.0000000     -0.8398438      0.0080204
      1.0000000     -0.7421875      0.0071423
      1.0000000     -0.6445312      0.0063341
      1.0000000     -0.5468750      0.0054983
      1.0000000     -0.4492188      0.0045978
      1.0000000     -0.3515625      0.0037542
      1.0000000     -0.2539062      0.0029174
      1.0000000     -0.1562500      0.0019804
      1.0000000     -0.0585938      0.0010737
      1.0000000      0.0390625      0.0003598
      1.0000000      0.1367188      0.0001395
      1.0000000      0.2343750      0.0000627
      1.0000000      0.3320312      0.0000185
      1.0000000      0.4296875      0.0000771
      1.0000000      0.5273438      0.0001185
      1.0000000      0.6250000      0.0001043
      1.0000000      0.7226562      0.0000709
      1.0000000      0.8203125      0.0001216
      1.0000000      0.9179688      0.0001697
      1.0000000      1.0156250      0.0001588
      1.0000000      1.1132812      0.0001265
      1.0000000      1.2109375      0.0001680
      1.0000000      1.3085938      0.0002160
      1.0000000      1.4062500      0.0002016
      1.0000000      1.5039062      0.0001685
      1.0000000      1.6015625      0.0002086
      1.0000000      1.6992188      0.0002519
      1.0000000      1.7968750      0.0002287
      1.0000000      1.8945312      0.0001991
      1.0000000      1.9921875      0.0002448
      1.0000000      2.0898438      0.0002770
      1.0000000      2.1875000      0.0002409
      1.0000000      2.2851562      0.0002214
      1.0000000      2.3828125      0.0002716
      1.0000000      2.4804688      0.0002824
      1.0000000      2.5781250      0.0002334
      1.0000000      2.6757812      0.0002328
      1.0000000      2.7734375      0.0002772
      1.0000000      2.8710938      0.0002598
      1.0000000      2.9687500      0.0002105
      1.0000000      3.0664062      0.0002307
      1.0000000      3.1640625      0.0002552
      1.0000000      3.2617188      0.0002156
      1.0000000      3.3593750      0.0001802
      1.0000000      3.4570312      0.0002106
      1.0000000      3.5546875      0.0002125
      1.0000000      3.6523438      0.0001615
      1.0000000      3.7500000      0.0001489
      1.0000000      3.8476562      0.0001806
      1.0000000      3.9453125      0.0001624
      1.0000000      4.0429688      0.0001125
      1.0000000      4.1406250      0.0001272
      1.0000000      4.2382812      0.0001524
      1.0000000      4.3359375      0.0001196
      1.0000000      4.4335938      0.0000842
      1.0000000      4.5312500      0.0001227
      1.0000000      4.6289062      0.0001323
      1.0000000      4.7265625      0.0000892
      1.0000000      4.8242188      0.0000856
      1.0000000      4.9218750      0.0001264
      1.0000000      5.0195312      0.0001118
      1.0000000      5.1171875      0.0000703
      1.0000000      5.2148438      0.0000999
      1.0000000      5.3125000      0.0001198
      1.0000000      5.4101562      0.0000834
      1.0000000      5.5078125      0.0000680
      1.0000000      5.6054688      0.0001052
      1.0000000      5.7031250      0.0000985
      1.0000000      5.8007812      0.0000563
      1.0000000      5.8984375      0.0000750
      1.0000000      5.9960938      0.0000990
      1.0000000      6.0937500      0.0000711
      1.0000000      6.1914062      0.0000471
      1.0000000      6.2890625      0.0000853
      1.0000000      6.3867188      0.0000867
      1.0000000      6.4843750      0.0000453
      1.0000000      6.5820312      0.0000657
      1.0000000      6.6796875      0.0000916
      1.0000000      6.7773438      0.0000608
      1.0000000      6.8750000      0.0000434
      1.0000000      6.9726562      0.0000832
      1.0000000      7.0703125      0.0000720
      1.0000000      7.1679688      0.0000289
      1.0000000      7.2656250      0.0000614
      1.0000000      7.3632812      0.0000766
      1.0000000      7.4609375      0.0000423
      1.0000000      7.5585938      0.0000417
      1.0000000      7.6562500      0.0000735
      1.0000000      7.7539062      0.0000582
      1.0000000      7.8515625      0.0000286
      1.0000000      7.9492188      0.0000616
      1.0000000      8.0468750      0.0000633
      1.0000000      8.1445312      0.0000269
      1.0000000      8.2421875      0.0000401
      1.0000000      8.3398438      0.0000685
      1.0000000      8.4375000      0.0000414
      1.0000000      8.5351562      0.0000236
      1.0000000      8.6328125      0.0000753
      1.0000000      8.7304688      0.0000304
      1.0000000      8.8281250      0.0000356
      1.0000000      8.9257812      0.0000823
      1.0000000      9.0234375      0.0000372
      1.0000000      9.1210938      0.0000592
      1.0000000      9.2187500      0.0000559
      1.0000000      9.3164062      0.0000552
      1.0000000      9.4140625      0.0000355
      1.0000000      9.5117188      0.0000501
      1.0000000      9.6093750      0.0000535
      1.0000000      9.7070312      0.0000333
      1.0000000      9.8046875      0.0000114
      1.0000000      9.9023438      0.0000734
      1.0000000     10.0000000      0.0000472
      1.0000000     10.0976562      0.0000210
      1.0000000     10.1953125      0.0000280
      1.0000000     10.2929688      0.0000475
      1.0000000     10.3906250      0.0000390
      1.0000000     10.4882812      0.0000337
      1.0000000     10.5859375      0.0000375
      1.0000000     10.6835938      0.0000359
      1.0000000     10.7812500      0.0000088
      1.0000000     10.8789062      0.0000682
      1.0000000     10.9765625      0.0000396
      1.0000000     11.0742188      0.0000275
      1.0000000     11.1718750      0.0000404
      1.0000000     11.2695312      0.0000436
      1.0000000     11.3671875      0.0000068
      1.0000000     11.4648438      0.0000609
      1.0000000     11.5625000      0.0000503
      1.0000000     11.6601562      0.0000215
      1.0000000     11.7578125      0.0000384
      1.0000000     11.8554688      0.0000431
      1.0000000     11.9531250      0.0000252
      1.0000000     12.0507812      0.0000426
      1.0000000     12.1484375      0.0000625
      1.0000000     12.2460938      0.0000093
      1.0000000     12.3437500      0.0000473
      1.0000000     12.4414062      0.0000340
      1.0000000     12.5390625      0.0000291
      1.0000000     12.6367188      0.0000029
      1.0000000     12.7343750      0.0000449
      1.0000000     12.8320312      0.0000314
      1.0000000     12.9296875      0.0000299
      1.0000000     13.0273438      0.0000441
      1.0000000     13.1250000      0.0000085
      1.0000000     13.2226562      0.0000295
      1.0000000     13.3203125      0.0000264
      1.0000000     13.4179688      0.0000284
      1.0000000     13.5156250      0.0000091
      1.0000000     13.6132812      0.0000387
      1.0000000     13.7109375      0.0000404
      1.0000000     13.8085938      0.0000213
      1.0000000     13.9062500      0.0000416
      1.0000000     14.0039062      0.0000165
      1.0000000     14.1015625      0.0000321
      1.0000000     14.1992188      0.0000307
      1.0000000     14.2968750      0.0000172
      1.0000000     14.3945312      0.0000171
      1.0000000     14.4921875      0.0000188
      1.0000000     14.5898438      0.0000335
      1.0000000     14.6875000      0.0000028
      1.0000000     14.7851562      0.0000462
      1.0000000     14.8828125      0.0000408
      1.0000000     14.9804688      0.0000175
      1.0000000     15.0781250      0.0000477
      1.0000000     15.1757812      0.0000141
      1.0000000     15.2734375      0.0000300
      1.0000000     15.3710938      0.0000325
      1.0000000     15.4687500      0.0000119
      1.0000000     15.5664062      0.0000262
      1.0000000     15.6640625      0.0000259
      1.0000000     15.7617188      0.0000325
      1.0000000     15.8593750      0.0000006
      1.0000000     15.9570312      0.0000386
      1.0000000     16.0546875      0.0000405
      1.0000000     16.1523438      0.0000165
      1.0000000     16.2500000      0.0000419
      1.0000000     16.3476562      0.0000171
      1.0000000     16.4453125      0.0000378
      1.0000000     16.5429688      0.0000401
      1.0000000     16.6406250      0.0000136
      1.0000000     16.7382812      0.0000452
      1.0000000     16.8359375      0.0000295
      1.0000000     16.9335938      0.0000270
      1.0000000     17.0312500      0.0000395
      1.0000000     17.1289062      0.0000080
      1.0000000     17.2265625      0.0000246
      1.0000000     17.3242188      0.0000252
      1.0000000     17.4218750      0.0000268
      1.0000000     17.5195312      0.0000191
      1.0000000     17.6171875      0.0000209
      1.0000000     17.7148438      0.0000312
      1.0000000     17.8125000      0.0000070
      1.0000000     17.9101562      0.0000405
      1.0000000     18.0078125      0.0000298
      1.0000000     18.1054688      0.0000217
      1.0000000     18.2031250      0.0000425
      1.0000000     18.3007812      0.0000175
      1.0000000     18.3984375      0.0000351
      1.0000000     18.4960938      0.0000465
      1.0000000     18.5937500      0.0000093
      1.0000000     18.6914062      0.0000511
      1.0000000     18.7890625      0.0000243
      1.0000000     18.8867188      0.0000294
      1.0000000     18.9843750      0.0000452
      1.0000000     19.0820312      0.0000099
      1.0000000     19.1796875      0.0000431
      1.0000000     19.2773438      0.0000375
      1.0000000     19.3750000      0.0000199
      1.0000000     19.4726562      0.0000466
      1.0000000     19.5703125      0.0000125
      1.0000000     19.6679688      0.0000314
      1.0000000     19.7656250      0.0000333
      1.0000000     19.8632812      0.0000030
      1.0000000     19.9609375      0.0000338


